shoulder_rotation_deg,elbow_flexion_deg,wrist_angle_deg,hip_rotation_deg,knee_flexion_deg,trunk_lean_deg,stride_length_norm,release_angle_deg,angular_velocity_deg_s,ground_contact_time_s,performance_score,long_term_exposure_deliveries,injury_severity
33.35188787729874,19.275343443321333,160.5031458006054,30.795890288913938,6.640416127966169,9.219255311186476,0.7254629381711366,71.53553118709362,867.6196384322913,0.24943723331297218,50.519667982232534,253.86671543593252,1
18.56017483135455,28.557620509326735,135.5403730679788,68.87740893520575,2.2261945501961318,11.706831058431382,0.46700024164789805,63.64855988036589,224.10900711641915,0.1311246017376232,28.781308217614797,1295.1425574538746,0
38.25496315387103,6.735120844940143,157.90906526593116,20.374170842061428,8.4736615571999,34.74586107325293,0.8722535316659105,66.85407683133381,676.1775167827129,0.13885903947529527,36.820189443902876,308.34763028340524,1
40.34621188030335,0.9827952064604322,163.77029196229682,28.666930665088145,13.841144847302946,16.25194454677408,0.7644373542989769,77.876106831814,856.2097710910944,0.13298647842954026,54.84000769187827,495.45406156863186,1
8.5386129248078,6.70695236959598,150.99737688002946,45.81630299296272,0.0,38.925681958060075,0.4197628260969598,58.541355249588094,133.17751689817726,0.1194333813476352,25.165529359287554,977.3867223339763,0
15.676025424514501,34.73138413057982,180.0,44.03265565833191,4.97931230356479,5.9231157972914446,0.5878163392611437,88.93549489464037,849.3516838576728,0.10396197437197766,41.79677146593205,595.8892646463773,0
31.40624443484014,5.899703681023276,178.55959538216905,40.84866822970819,0.0,9.16329219722632,0.6578308619951723,71.69369968202666,873.3886903783749,0.17534285558459622,51.68633047210827,814.0748482111733,1
26.521331484220596,16.468442137224773,173.54490665658193,43.103823895917294,6.446326314197642,27.6235066095197,1.1621843458881613,80.00173672442935,530.6694926903435,0.24807207183627805,46.172655221349565,896.7460360700695,1
29.815187267452824,4.88798244311705,165.28572384740028,9.997314144727511,22.775832608585013,16.586284802414916,0.9756380759053953,57.185738862631595,469.3425463341806,0.22750409449476566,39.955564131228606,462.63057196030326,1
20.616516796690618,11.024172688206766,180.0,54.07158433445401,1.3249525644404798,23.073273366010497,0.7434982641855983,65.7401797424165,527.5412888350947,0.18945884974534855,37.07172822687104,848.4424996698027,0
39.673377723491114,5.35253706372965,121.26061405061569,32.55330849360062,18.328437712751963,18.8769317363025,0.9235913405718925,55.94320854343621,165.58042315025375,0.05,31.401220003684518,1415.1095956049046,2
38.55571128971843,2.662164101230035,177.40566235981152,49.95073018725022,37.63942614581088,18.57423762033992,0.3713188264307899,85.21189493801153,634.7620211758599,0.056772525830385265,34.67879424074215,103.46623057592636,2
30.726337673173376,11.206326966634814,130.17511376000954,10.59768105238453,25.081843181316145,16.957639312679238,0.6957206555474397,73.3979526012498,743.9192511505937,0.203208165324762,29.702616758360495,934.7197792149182,1
42.399653276648365,7.281032964744584,138.7132176186654,38.078822041774295,13.201620423520906,21.794933604077368,0.9082189833818397,80.71304953436236,456.1326405413779,0.23096867239644103,55.6385515311052,548.288502374011,2
35.142602764772505,5.288638104256886,161.22784888123337,28.237972650261817,19.725910102168342,26.416382875279027,0.8563827874070029,75.63413682330075,894.4099165116855,0.17768673120113887,45.38818296329929,1306.877412544176,1
20.54778290828438,2.28113373722202,174.66440331021448,41.86544181897564,0.0,36.14422150972476,0.7013416479012061,79.6847505391236,720.5134361310727,0.13472098424748713,31.69541631043113,235.22884025582783,1
34.056258624907485,10.222347044042754,126.92846736636076,38.80484542962615,0.0,17.974874646571823,0.8115722109311799,71.62558139591474,752.0035496306901,0.21761505046979962,49.43529848258191,184.87425919400545,0
19.452291390881012,12.596532275099278,139.7491024464454,39.39257356999014,12.258282981714544,16.063617043641244,0.894383871036644,72.96454410526094,619.6006674231368,0.18767968859394554,38.618691243640285,666.8547869539207,1
39.66295331438,10.857690831023032,151.9506414500262,22.2926997412221,15.587495071215702,14.775384435408679,0.8179415347629326,74.08267581190758,848.6087896044786,0.20687226403666806,42.293754038722554,1043.2391330803034,2
29.450814979151218,11.887270142558172,146.27267990608573,34.316370550176664,21.849638558243164,34.69783855032499,1.009420870523164,79.05631654927228,958.112137171177,0.057171544636921964,58.493126665158954,109.03289794696317,1
27.966514001002135,7.729603666694636,167.08064122470375,32.83799542484791,6.881140727388163,26.90324897113818,0.8901144641752813,79.32118421218027,618.4962715057977,0.16716699560158582,35.17090666218985,1235.7273397561169,1
22.509775011556645,7.877170542757592,180.0,40.94372050048919,13.740559359254812,1.0096657356182988,0.9324729034945294,90.0,852.2063541789913,0.23872855735666798,54.23541801594333,571.1190517321095,1
43.447954725414334,7.588378703246239,158.38641417051758,46.8715639452016,13.43200400897677,0.5687929720361815,1.1969820534106184,90.0,854.4054915656139,0.17637242152331822,54.36407265247376,1388.354678417278,2
28.300175697243176,5.542628101386207,135.29607123675368,36.80571106410338,10.817453049811796,11.699421205019146,1.0020513932523145,57.21241214110363,783.5741219683053,0.19741223658113294,40.584294939266115,1368.071848530881,1
25.28839395620582,6.147357175249906,124.06983338722009,19.685932539336818,11.34772611479399,22.301454440543747,1.203010858203814,73.56894522072744,1035.4108388213024,0.15181864552526647,34.584498643043176,1169.3326543893484,1
26.126530944629476,12.18438669430751,143.4949217282879,36.29094571480122,4.3076594762439555,19.665298607813096,0.6721788394315603,70.94104159734503,554.7020654598709,0.15530375611465785,35.78855496077019,1131.80790963261,0
35.855401041086836,21.313723531515013,131.1950022794242,66.33291474091115,14.517366675464668,25.14778551843681,0.46966894797397923,87.8013048081,615.6903369926099,0.22012637711869099,39.28954675051745,941.1370725288879,1
34.01988470800486,3.640552151227446,159.35099583950847,54.75206392385343,13.755449821755704,18.245565578167202,0.7891382260436004,71.84252037398784,544.6081247274996,0.11651058257465449,46.925650057105074,1212.2826005223474,1
34.54005872755587,7.853737014910378,159.04043271568452,0.0,8.039894106395684,33.974187713789426,0.7703688004309759,79.64288877446666,845.0043289482082,0.11161804408701073,36.83003424171949,349.31630718468904,1
34.73903103308671,2.9335282130403435,140.73663590950088,35.76011784433813,17.99196839421211,27.72111378774016,1.1410711135256582,51.629383697198804,645.5027470500945,0.12608929876143046,35.348730477034685,1243.951666770956,2
53.55812360957508,5.630310489734031,180.0,46.185434303064135,21.250484295890665,20.77576607115686,0.5713902248154954,59.86399188606721,560.8501722106296,0.15117232012348059,35.596752035793365,891.2911618511208,1
25.52943481976923,6.45660870695191,135.29105361520212,32.81207584918425,18.096386663779164,31.45339430534105,0.8026466286988128,90.0,1032.629525348908,0.06949555443326291,54.249349438836056,1194.766078245431,0
24.36532998021309,9.686703506016087,147.61137864203653,29.478908958273397,2.61801011945348,3.5109377568477917,0.9091394605294351,75.50244398208247,1061.9011628121507,0.18655294651898374,53.55873299060154,791.3180503119,1
21.048499989273346,9.483125089109292,162.78325331779635,31.79642941899814,12.896811901757925,19.149252873347763,0.8420225508765589,65.01539976530981,634.2614187476839,0.14178765569639032,33.211306024709266,983.3421827137556,0
36.77577364833045,8.360039454148016,167.84109787539657,41.626273825215826,3.7971159342289287,21.37512306127985,0.7822634776074868,77.42870871222539,426.5183859920785,0.19268446300554545,34.51781621358808,578.2354310194204,1
42.41869521992981,11.470456856740661,175.55153043086398,21.218360307499893,12.8689927166985,26.020364999525093,0.8988850597053959,64.46941046547485,1072.7034900697904,0.05,37.33110806465042,694.1762176905045,2
28.746577965796373,3.9811121751587555,158.56992957986478,49.26426381931245,3.8321697268207746,2.848339971713795,1.0574014788006347,72.16626458104317,794.1461075492906,0.19287615132424743,56.66216107427073,610.6825174102803,1
20.758278753412192,9.747577726496807,171.01825401575994,34.32808409962317,23.49447003619307,17.395930931255183,1.1578640036689856,60.47382060755985,784.1444751225847,0.21684474719765645,42.85839473959275,1136.827795580382,1
20.930706627396365,14.363798893742155,136.6978365594412,23.77970871066141,19.04998322117858,24.004607963510743,0.8272175856403385,67.1127878220657,721.0002019191146,0.17192739170008642,40.95201214841112,380.7684967535609,0
37.156520666071714,3.93452650466235,168.36163920700764,48.49220193678435,22.376903748081503,24.77162126397336,0.6405139342091958,70.83663310541372,539.9364542598181,0.15150094940839542,38.47419074510232,1402.7297115907675,1
38.17579588323787,1.4208875064577673,168.09458300312798,16.458429138660303,21.465498811759467,31.861298414542013,1.1575975007005401,86.20699314336711,617.3429088122607,0.19326016496684253,45.475458904813834,1260.9982841286007,2
35.974696951357146,17.094066226107284,180.0,28.337478835980995,9.564602595837016,27.61505332406745,0.5829206417181921,79.6404600768316,835.5440084875611,0.2135714129370458,44.82018183463876,1306.4287079100018,1
22.679393219824362,3.0295700685182894,116.63128015542915,28.13989921657803,8.16951230825317,19.39153950627959,1.2139273454853292,81.38524035942093,610.4879278931671,0.17614632839217081,38.549999726433505,1379.5731990379013,1
32.553774553733916,5.395582134375397,131.85633768797865,60.72730325883357,27.67551445830138,26.749737489487547,1.1157097802821205,74.7422534863602,786.5967056503104,0.17988205904896615,47.69464680156028,710.4272041670206,2
31.28354390054801,14.074635466319505,166.46281938734603,26.779750776326683,10.513923148448265,17.986363644453675,1.1476677341143513,83.22849098369585,702.6731154313659,0.23284709370831463,39.584360997829044,1348.6809476623564,2
32.40557456401914,3.7489177637472553,96.97271040237206,9.140417353998739,0.0,21.467739527628527,0.9707859883140788,66.26480730656759,488.6226037997016,0.18805784928233893,38.26010334195745,721.7469266050654,2
39.58571655743009,16.28778400816816,159.840123475767,28.0182186166503,21.067200602992425,27.948023501473624,0.35525219116968065,67.67294055018328,1024.2261285612303,0.10998704336397502,38.19295468996732,242.2477014065088,1
32.4595510365215,4.735361220828288,171.19608849862735,40.46660416885734,13.293981014373486,19.546992068119575,0.5913934171633801,79.07591071456879,818.8065855123908,0.2133320950953796,40.095312348565294,169.41948452734243,1
37.46804919379085,4.227353320577991,138.4724950489912,44.40901455900325,25.55349711581084,23.619896795318375,0.8875154085524729,72.20852609972823,766.1295351799332,0.14381393550802438,46.01200767317511,189.01672464410774,2
30.743369764377807,2.9482136638613454,141.39619999776176,62.31847632131327,14.186727101827637,29.613087693170126,0.6713576603187946,74.8615415163717,811.0042441618789,0.15166415043013906,43.532802651809945,363.2092623766149,1
33.18031338558983,4.773439409870114,128.51725305520193,51.88277085183057,11.819986613879582,27.12164860739053,0.7506384267656648,73.35864722085405,341.4216582623334,0.15534402137118125,42.325784168305354,603.7270842368581,1
36.944170484223946,12.762717868610345,139.56905760537194,37.255071126981825,25.73508727897221,32.33471855881369,0.9548177997817036,87.53450414561478,601.3640795892768,0.19844339338279365,40.56462729354872,1470.9533198711556,2
13.97128598158767,5.396422546759927,140.14862996076485,24.30301438910267,0.0,43.2844829795291,0.7826056572936998,88.05552932678873,394.5398919146318,0.23744264538281182,24.760524934956408,437.679629287566,1
26.483616620069686,17.142202890146823,136.34317451068958,54.48832917616831,6.731739258572934,27.029277733569433,0.5518154670486451,68.73834239436252,724.9372439582636,0.15122107210563415,31.647822099620328,1378.188537478576,0
24.82590080277925,8.624938009960397,135.24643644431006,30.577237396085224,4.013733253303127,15.387074485952454,1.0148449168904843,57.401306531092686,765.1824408867463,0.23656310550562426,40.35697114966139,1234.6068345443707,2
22.972343669323237,9.213368304159586,144.57990430223214,27.102113165424743,0.0,25.118230478198008,0.9332786105338198,67.88503099112359,728.2677649828006,0.15822941563852888,40.869634526050575,1305.5719538837789,1
26.97343523650648,4.110078471783065,144.33791368687758,29.99511437415116,19.858587852149427,24.688184164904172,0.7652208925444959,66.03039853432043,935.7178306671922,0.22010839718614872,34.57307367378529,1198.6666487541377,0
46.44435442357835,18.899157121550356,180.0,19.972541133238288,6.983234274153549,26.135106935103813,0.9764785605030282,83.31748340799074,400.5295571595301,0.159921653576706,48.95385863106006,1462.3310044163495,2
20.475857727374326,14.445899396155697,142.11629713765979,29.419758905948292,20.148312374819174,34.95016247237372,0.8409103538814694,84.20497476774459,540.1498055259567,0.12537881717713134,44.12219744578291,267.7394719309275,0
40.65106190050629,14.161671948884822,156.88300432383716,32.20270004025902,15.501778421111435,3.158884910159937,1.1128994623313542,64.68925816962022,782.8695998958665,0.24610495338833765,49.88079552480721,770.5692599623692,2
11.488432512226147,7.3828485313945125,138.46234067047396,43.76787926974542,17.46428219964916,35.13837991329734,0.853265734822652,67.45495241445151,752.7873314496962,0.12060576006098024,41.70022821835102,579.9698036776615,1
26.316264670156478,2.592345505036638,138.20808448317086,30.342939978787776,7.901404672434173,38.50416868058113,1.1112640866477494,60.209889127448946,436.913853423098,0.11725954609155935,26.987449950083676,497.93247913992104,2
31.790283716155063,9.58909103658664,115.91258924534756,19.790489097937815,5.121766704134565,25.680706632702147,0.40779638809745317,76.3437852352276,939.3059735958609,0.08719798522278387,29.690388978876086,725.5537702754901,1
36.44844564495206,12.378896489800637,118.57267504377813,15.754734136919602,12.807847876977487,25.92135081223133,0.9210281851066023,74.5508357258259,1008.6444244970162,0.21336337596011803,48.757566028839186,773.301462480003,2
37.82349237772141,12.467385844822847,125.86003440694,37.51483697027739,20.272513649773522,17.58355192740501,0.7324704047302153,82.89121817438928,785.1174014554264,0.22517236497166623,46.695370977784926,1480.324639370495,1
38.726819587199174,11.292764933277187,153.6739366952014,35.871510241630695,11.546561950646323,20.06323989816705,0.631008782564429,79.97131294559432,398.1857202880606,0.16865649206767133,33.51905353650706,470.5543500488133,1
26.164024205267186,10.95482749009209,171.52347310569172,28.348247465441986,5.682573096309367,26.97952159148152,1.0748701274691277,81.10202971056181,731.9450490777011,0.10080634319809818,50.41066592139652,1376.3537097874826,1
24.91413028068976,4.71493257672754,114.26670946208964,29.39052247409515,1.2088371774147735,26.335523927703242,1.0155992350127903,59.57997960214262,768.0685131832128,0.14966106071325377,41.14057337987756,333.7630535573118,1
39.437734693828695,4.921343851004665,139.01846397302367,39.66184319359004,13.837467137914443,27.207097300033873,0.3785751283996562,68.73673963407742,645.6315367263988,0.13486903244959475,36.53055444828996,1031.0648233337456,1
27.895652426302235,2.9768547773522434,122.66218581299303,51.68655504427217,7.013392185643161,26.266685716032836,0.9774090397696223,84.48897304743204,969.4489256162205,0.09847657014579997,50.24983333577039,527.5827157359388,1
15.967450443282859,17.278717271151493,144.714458117329,25.638264990272145,11.35433471349234,28.9838997414237,0.9507125702093056,69.61423881537355,676.8122678724699,0.12555542184069554,44.899045660257926,1444.5317288958072,1
17.53384064596171,28.646751307768774,171.515389874143,36.06683403458519,9.850990959762065,27.866486699856473,0.6609242685353149,58.72434125530958,1120.9084708112975,0.1752867825648518,35.708566653162976,988.4582183793856,0
19.886024853982278,45.0,141.0623519678405,46.49924484806388,8.000121227839092,9.756513347398684,0.6362331316681036,83.07989579871656,856.6234429067073,0.11974155864082381,48.99557843935581,189.90173472447927,0
35.468768184591404,10.091522657419311,149.04966055600607,25.686628517633004,14.64423204683561,28.3226804350788,0.47007345058835026,69.22735004985593,755.2160259924078,0.16458669415755448,29.845590218307272,1392.9558833275341,1
31.566683096776217,10.975132087654632,179.1045679278463,34.812414625240336,16.990536757296965,38.58586616416227,0.7457429826078678,85.62636993626879,884.085476800084,0.061183890012933256,44.36756133392423,511.3443875161698,2
37.59533889474545,7.619422367980215,159.1580186101582,34.544052762948006,29.68751050185705,19.733732480445976,0.7809527415725553,74.81585279159688,1006.1770546263526,0.23395905288984156,50.87586419283802,1398.3576818802608,2
25.30022089029812,9.97431791700799,134.79816288366396,19.264457179477773,18.821709432160606,34.99479947982478,0.9953392916788727,72.22780557098922,879.810403488757,0.13042942107364275,51.38172153805952,118.87941513731852,1
31.743936601843856,3.7351681372413776,153.1783057167145,37.021985537187476,26.343140965267263,10.82704700088409,0.8792636801901227,88.63190891123367,684.832996663234,0.1935124441987006,47.18176659254666,406.16724052429896,1
36.8814943336407,7.497784818494989,133.44901977195417,35.37853614325318,4.6325966573843695,19.70237380389565,0.5868202146330468,61.973443808628296,568.0159465485256,0.15943425107183212,35.43286982045484,489.75759758256123,1
26.59718806307738,4.258914085305635,158.40964025472,41.661010995152694,0.0,13.588418481901417,0.8725523514878658,89.34221179631089,475.5785325470432,0.17012490587767512,48.36402676367501,1063.1804249461493,0
35.024527613131525,6.74567174997118,160.3068030814552,20.75736230407145,11.870127698518576,33.79221252423799,0.764110007731139,68.60644004454078,211.85617802936497,0.09340078032616167,22.10957507962803,1217.1310481670137,1
22.718814648266836,4.590028044588874,122.65680599003095,35.1196446231347,19.72224519734189,36.40476554408851,0.614338232993822,76.6236986031601,734.8466760594971,0.11197205079066448,23.417537229105818,982.1262925059627,1
26.00640768778421,12.383562817120609,153.50298834771547,51.580808763869705,18.310455463434867,19.008038799124378,0.4703084063700769,76.7182019542558,622.46607237622,0.11310732929790893,31.541028058308264,186.83217755894384,0
25.80088316601838,13.508306594393106,147.6485348400816,59.92999798294744,22.902434150939172,31.710615226618508,0.9574567337056116,70.72880176437505,633.1742920094682,0.15126737130203877,49.84191815225909,707.0936423117342,1
16.845763898520566,10.729692961087569,160.89354794344223,50.36155122765931,0.0,36.50626627903334,0.9182073728854827,67.37887309923059,905.7715068667089,0.21630777902521808,50.72286719033555,791.5774804964651,2
35.3566972886414,4.939356463974446,166.62694102038267,20.875141932197092,23.27679205395787,19.670811420383306,0.9424891862217996,71.30177811034861,677.5854978736168,0.17166274199356846,38.18628926350791,602.2110098280225,2
24.83657425777004,2.7753512123832884,159.5489920824921,40.41263218452352,15.019163637866765,21.297516117969835,0.659786224631812,64.85437316207201,1079.0207296491803,0.10498298139421461,35.252516926084844,687.3641616865167,0
30.137435306004562,13.615451598808137,143.93613293240494,29.202241100466637,0.0,27.33615369626984,0.8576375696623881,90.0,585.3800336921613,0.15436669876307013,50.84801124796357,775.6620674785589,1
35.288213247965,8.589682660773931,168.66660041728,38.406807117559055,18.511759620559253,11.574620184797157,0.5174198876452054,70.18869029312779,505.80976751587457,0.14596830825699214,32.75077339270232,875.6025288222202,1
34.911842936329386,1.3507494120703492,132.53874447379496,25.733399530676916,13.52534319149667,21.100975952145607,0.6029517813925862,86.58947254429943,448.47272512988246,0.1324567449550626,34.76433732627482,983.3310064875371,1
37.31923619870065,9.529719689527354,123.58956013261002,14.438318697772399,15.431063687202457,41.42787106201938,0.8274210839446337,85.27172958576314,844.5502115395265,0.1492291737090146,49.22090840215352,394.17130192061785,2
28.916659670396342,11.034941857941769,90.0,30.865793135602008,20.991982352838257,14.999864797497032,0.8777176666708792,78.62929738956862,930.297211166013,0.188185596066979,54.191645423965795,1362.361124230652,0
25.34371856751431,1.921506026156718,148.5971809652569,43.671232359320186,15.872478315876442,28.53826240706514,0.4616600628933403,73.64320965933719,581.1210207482559,0.11400367907587815,36.390332449593934,1259.0359076953596,0
29.12309968002961,12.537605067009661,133.56907121013128,38.455997065685736,0.0,25.23804446137012,0.5873401628534196,76.9378184708038,487.20345957462126,0.13270544981669957,25.95977482615117,1201.2589639982293,0
11.439321226461672,2.2548954809661477,157.955089521507,39.83537431897224,10.712763571953818,18.362340912970478,0.739613576061688,80.72169767254167,1006.0552444121663,0.19910604014464067,36.338417259411784,1228.195875882547,0
14.08176280334604,4.482384950853186,110.57545211911264,37.596203875752536,0.0,22.21655092909392,1.0308741212402643,76.0046846059655,409.91962393689425,0.17344813866779998,43.1276769956231,835.6407480000461,1
15.450304264101574,2.2708423618487803,137.05642898201,39.85432969814853,17.84155692503003,37.526199245394295,0.6411173943694317,59.332510093563656,902.0440355733385,0.2139555906807758,33.20008032019813,1434.2798886685343,1
19.0302848963837,4.074475485701006,159.4053981172897,41.35414110904043,24.581732174256356,25.53597146579301,0.8509265622149171,56.816886837498934,585.8037279354312,0.22179248587983205,30.34526700121882,612.329552523779,0
34.3975164939578,2.799595527979721,129.40327707302038,31.703822852544583,0.8269323370290689,27.09818623261263,0.8739863809394977,90.0,779.4190714220376,0.0819729439905642,46.265868548960825,687.975862434544,1
20.03973039103933,17.203964259989306,158.18513497225723,35.994686737035394,5.956826155208307,36.00862296251756,0.7650677983408358,48.6528609678453,915.384344464125,0.16441488938052007,38.146387094452564,1242.7902055320162,1
25.84021190556671,7.070502660831416,138.85954809863918,55.919100498436286,4.0586761099004836,17.105895630018317,0.8789644083950756,76.95685153626852,795.2512379374848,0.1246021686224073,56.52749005376287,1316.6054364787715,0
44.29151127564672,5.914506666898048,149.34383380440005,36.70437234801367,7.914852552554967,9.530850901621548,0.5241183029959756,72.65021985506583,640.9487874421944,0.09006404659906615,40.75985565331628,728.5822839577247,1
26.081096318324313,18.325801972213625,161.9031601283371,35.510761957447016,15.711808423789812,37.683473915902795,0.675726816316371,76.608011458541,979.219452242824,0.11054033079505868,36.45141750171643,1287.2164525135074,1
38.112671253137954,17.689274042098223,169.05594046230627,36.234614086716796,8.01237790108957,21.365217826184306,1.1355591686431568,63.60033258765962,757.8202769859296,0.13496158253885845,42.33518470341665,986.5285922361641,2
19.730205519891353,6.310404093802562,151.84984822641215,32.38509778020536,17.872771554291226,28.936008501490136,1.151048278439474,78.50677487934124,1436.501901196442,0.13527396574148942,56.428307455151234,643.2292633184582,1
27.74018686345607,10.57769273901776,133.7197941024251,29.775728435350363,21.588417930683775,12.376708143806397,1.0054425639609186,77.06016434175073,358.96906653494557,0.11965556558844856,48.191411523281516,1367.6953294172208,1
19.549757395983605,5.271265410660213,140.839222752407,37.50414229238518,21.915833351963492,23.88526305246165,1.0620862817898025,90.0,356.01460535273714,0.14931793024407644,41.77984250293644,804.4542129318768,1
26.270636165093812,7.942524901900433,162.73910726173915,28.931417576490183,1.9363701416731711,9.030672151381427,0.4182996116712521,76.29980046517346,898.852113586745,0.2723323098944655,34.091594798653595,1288.8009827887947,0
39.24338951203135,3.312929712049326,129.57492833034786,33.25382084627341,24.473360500254508,20.637398397280926,0.6112869052354145,88.48235106828139,693.6497667868994,0.06373907024933725,48.88202316578649,1237.3849587009433,1
10.999475344884164,11.720456653375603,146.4386680671959,25.513823521684554,25.19465056388615,13.520768148217204,0.7515576546708154,60.01314324551957,858.5218790626545,0.20685884586605288,41.71606120103915,235.28465211328745,0
34.77866007900443,18.818827984721196,142.2823180327705,36.29614165441181,25.974119381134518,11.223456650874486,1.3514412238110887,85.20095318045381,480.3238220247812,0.1490812843327706,34.030706822048316,1319.5765022394207,2
32.615091625655054,16.617163794542012,147.9327643336207,42.01033933011233,10.579666622540739,16.968773306340765,0.7511215256085823,77.26273302956845,710.8265498427955,0.12810605764213776,43.15506567232369,327.39147242228944,1
23.46435048733526,8.896639605482717,129.81434941501246,32.457021681069016,5.2334177402075,0.0,0.9838789459170982,77.69738684028086,791.4634962232329,0.05,54.84030722086445,1239.4042998770092,1
14.093363601726999,1.1979535095247604,112.96111295575776,10.899458757328212,3.141829276679239,8.400975622224669,0.9032418462160663,77.83568543460379,591.2578312569934,0.18813816562870928,36.83017207998467,1157.7960664912732,1
30.793424584852566,5.066433641220352,160.41485231919287,42.084458528665664,2.083981020826627,27.82414156260328,0.8983471613608659,90.0,746.3659411686524,0.07795162513370099,46.41980028469018,1132.046104056049,2
24.175580200298175,7.934831703738442,169.28262846977296,36.44220611311712,12.105213659983818,23.47666389547727,0.8148232628218136,77.55104465722572,427.694763824362,0.19139469522106353,38.162557815243666,1389.2272070993156,0
32.55943832490174,2.449068185446462,114.15650085003688,23.081222599838483,19.630666708413827,9.258130530373926,0.555992777350253,67.15877950814229,778.9645716296635,0.23706654344968775,38.15726568794569,940.7831051576419,1
30.24037360075787,2.0335250372101443,157.37852321852432,44.27924290787928,23.7590259688861,25.478735694650663,0.3,68.84061960728555,989.0896048741081,0.08585981182034048,29.23325410059254,574.0461111624063,1
47.61956780453007,22.372765679101597,171.66365829690352,18.21889759140983,7.6299859527388385,11.217869278481148,1.1020053460478598,83.17127493864706,452.4844070964026,0.20841802924787006,46.37051307381576,930.4694351360416,2
27.36708809779673,15.302805619509105,161.91822093524647,47.544891383893614,11.6518055962774,27.219638704134184,0.6843704870233414,79.47455458220129,440.40933119643137,0.1512719682373567,39.28483670908351,1074.5804926431767,1
18.741527581159485,12.37622371293405,141.66659642647866,34.311600564233444,11.062312019386988,18.843609265381744,0.40923509710636735,59.695263379729816,937.9842127408325,0.05,27.78034811572279,610.4676701603898,0
31.97203198451948,14.092547113610705,131.13007260498483,7.773619095472036,6.282477751213749,16.74876849607673,0.9163514246206443,80.14641823859306,436.8724381207745,0.08975915725262287,34.20636970264199,456.0144237405734,2
32.41996352368942,2.891040193021705,151.6195615869998,37.13995504715885,18.621745767845574,19.089363762725455,0.912133669995188,64.17657643193311,868.1201956950182,0.15891133213192707,42.73272824994128,785.5672983489003,2
44.9510633276448,3.9520997674357488,154.95570117693762,30.125691582908768,15.26563421960903,45.595284566657085,0.9889363085259005,79.38258019764092,711.0696971892867,0.17005916228164808,41.51932953766391,1357.629648235875,2
39.186223705060364,10.113927617218149,151.91615022311797,28.317808498122364,13.276408576076456,12.411984804776495,1.0654574543956419,66.9444596148141,616.4356114344878,0.07096543722004986,48.59019661560503,982.6505952547935,2
33.9255816506446,10.70310020030887,146.3973073976487,26.14729086252538,15.224748952763324,22.265586662663786,0.617822998758484,72.18518265325606,993.304965601198,0.15158525468268189,35.81554603429241,1356.1578740374773,1
46.09633180341518,2.304058407081004,128.34696551754485,33.47341050968153,17.539061231617353,27.813687094923708,0.6275040245329647,69.5519154221054,885.6295616834051,0.19117779801740614,43.51960475548083,765.1619286617935,1
16.92360640244864,9.591368436599527,158.45376582617703,29.177735825994304,17.448933172173493,10.375871509110654,0.749885280952556,90.0,755.943125658374,0.19992877597096528,40.58253544847202,1425.7868907605057,0
22.962733139752775,8.04790570380366,159.41708988827048,12.719717081739375,4.4535903949032845,4.057421625940679,1.0007608404921355,79.0184775031002,269.4666962912434,0.1293582016367113,34.21559368323079,1208.181566288668,1
19.807664644539226,16.25470767389335,154.01644250923343,50.26481464012646,20.066956938686516,13.98901857037827,0.357419421361275,87.6111300230733,842.4507432802097,0.17192343892782877,45.69155470894524,596.4165873814223,0
25.712092165286553,10.74163826897199,152.21987290142513,32.067708128458335,14.298295059125035,27.594632011088677,0.8482053939400764,90.0,485.82801483619784,0.20362176932321474,40.16100759441338,727.5074370137623,0
14.856452376880604,24.091183402326244,180.0,26.216779809460842,8.088454245177614,16.57996548271717,1.0250668013857471,75.46805341929941,655.7236101540184,0.19262279896093354,36.70089015422985,1496.8765578010807,1
36.98666041495845,6.339487347921789,137.51242430853208,21.458915809456027,14.108067223015532,17.68894068638975,1.0159884183439907,90.0,701.4668136859038,0.19457186076645613,45.77364286138115,1435.1804745726079,2
27.555550331913494,3.084548527585553,175.62870194913313,44.24878480943506,15.100297290525479,29.107696512920796,0.9758835486642132,68.00544334407203,1079.4554642449937,0.1556753307816876,50.77180823377177,674.3369444126221,1
13.821130760470762,23.669361366003248,135.31951061556325,19.4188163708417,21.736053004477114,11.936569205051406,1.053860114454019,87.54878109929378,649.3515884101572,0.14527411314787075,45.704671959943724,1266.9830843791374,1
18.828630106717043,11.153049026049644,172.17901145912856,36.6078476222956,2.5845993436333767,19.112446888538837,0.3,66.92491152570771,415.44563278940075,0.16360567868774584,29.000106857414412,1373.6209888455935,0
33.448652321952146,8.084563766464601,174.66735100161088,27.996211977517024,23.924859182887737,4.861589586831812,1.1749631117059,74.8158486846038,993.9287416647039,0.11181156404990668,48.117199068511006,452.44708008139406,2
39.21939224683819,4.087861497224968,144.13897593196234,28.694964073252013,12.208497206788447,23.207190607257957,0.8926890897861424,80.36877656835091,845.146442999644,0.20560474965381864,47.20568496632856,824.6484992059142,2
51.964039808609655,6.39985008585303,180.0,21.757285628289203,7.444620743262613,22.2950707456841,1.113623279769161,81.94231230057277,852.5951609876653,0.07347977216159549,51.755026156623444,1159.9194812759247,2
62.05248712608063,6.127990003313406,159.38071773492177,27.556166809740077,7.169177101285788,27.955362981672174,0.5615804150790575,62.27448357873912,997.6836007058365,0.12478448440404644,45.07794635784799,207.60624250229313,1
34.55850376603596,2.9539796652806616,132.45455117718865,35.105748698082294,2.987690174916784,8.547438683286138,0.434158094190497,66.32978076142206,1044.641769726596,0.14818785916538263,36.34919965884772,1227.9577880503819,1
19.115080679649495,0.7860731591562332,142.51686811221583,37.82374671618791,0.0,18.081124192275833,1.2130030907012408,81.11450078770896,521.6531872300931,0.17348397494682602,45.93812655724809,395.46462843146526,1
6.547490911955599,6.010283860260879,172.65524612213304,25.572890224604258,18.096598923232833,7.215296395418132,0.6161651963837066,71.322834367869,421.80204945165644,0.18287642575010993,27.225072998541435,770.5630807764948,0
32.944826085782196,14.34436679955593,168.46129403753298,33.90878717075103,29.82797760379768,17.53893313844201,0.7516132409807201,61.026514911386215,868.4938487043427,0.22444930786479383,43.67232156844859,625.285388434022,1
21.057647951586414,19.908633148666198,128.8391919724142,45.661453171645064,0.0,34.81788075441224,0.9360400209017474,74.2902326549261,647.506536638587,0.15388760569024387,43.25367095431186,1136.2369425548447,1
25.43107013802346,16.691577416005085,147.21485375619005,15.048457316611128,3.4461487566267746,16.792472440260173,0.9900350652634734,73.8102849387623,665.6443993940255,0.1141007075085187,42.92636257920838,426.4303971736319,1
23.266935210342112,17.358321642382577,154.07045965553024,34.92477231689769,18.764248702308,6.340801757550967,1.0572515848701427,76.76914981308903,475.66612142023473,0.1427481634242084,37.7662749020466,752.901074550749,1
28.451300249419763,3.301338898835367,139.84790821848782,23.59059265517392,11.589267821957193,13.201207350251838,0.8691449568259765,80.292413209473,816.7793231575317,0.13403012218949864,45.102942722576984,471.81071129736455,0
41.72578253866408,10.254842096146636,180.0,22.367789934601625,19.509773180476344,3.8904816658278882,0.5880519709270117,79.65651359083354,780.4262347621617,0.1759966731684721,54.846809017706335,176.72311036584944,2
31.72753424189879,12.444912473968587,154.67327486810652,38.13213815597721,11.08451529166047,7.042271211927806,0.9754591791509286,67.31826905491407,668.9003826704261,0.09665005011961822,54.65595243655401,1280.9167057077188,2
28.25501679257443,13.013504747574466,148.76375618193902,28.456982375989288,6.7743525066026,26.709869474954,0.9789623324080294,70.89171531287175,422.33155047289455,0.1412285139437849,38.89455146292744,414.32797979451317,1
18.607808718916072,7.946230301215942,173.8170208851618,20.3983624851788,9.96742100394182,5.537167626378965,0.4206923239390317,84.27788693287827,941.8300057612904,0.23113310092625095,34.41822395216125,425.3840192331908,0
11.578487608252072,9.350298513796645,142.6957293032233,50.89139830483985,0.0,23.123285903548776,1.1321106651637374,69.56815132956953,751.1409016481813,0.15899260654673358,29.178712690273805,165.46239634547396,1
24.65061300019336,16.3542729799906,170.14855221234646,46.04107417198195,1.7086408891638154,20.257426758825734,0.3,71.04907941340939,923.5687460312482,0.09735336021212959,31.644712866855155,803.7754843641217,0
29.408391940998474,12.127222279756907,116.6453520883403,11.81232852368997,20.534514367968313,14.684717509066658,1.0475714400506466,59.95730919743821,279.3974954240869,0.13301076914786425,31.577021565015954,476.54959583577386,2
49.44722904937871,13.753845865251524,140.92691907508868,17.306862463975186,22.727098597609604,22.273499800577767,0.6804958070272786,74.71319529898764,711.3646305926559,0.05,39.74710668764769,891.7020219051092,1
31.433019736201743,5.783827965634653,170.98140836754493,42.12148485582418,24.655494495830844,10.623384906527445,0.9752120858823785,78.45270464760554,556.6202382667174,0.1470569958333628,46.72534936161177,1112.9410022069978,2
40.81013462125363,13.251631056865437,180.0,31.581514003550364,15.967824118032294,28.408444008270465,0.9322427251658245,55.245067815530575,707.2294574049304,0.23238406804701317,44.16913034746278,164.30148856377514,2
24.507748416069326,9.257783381809439,134.53408573988014,53.00689573225949,0.0,13.016597014276687,0.8118330392407385,64.29749618406889,888.642113089446,0.09066985163057936,40.38383017365351,380.68566272867747,0
16.96561856941273,15.23890750451078,132.20356727562702,42.396036782492125,6.284941237315724,16.13633111393113,0.9192390606636701,60.78272264506623,773.9894732393254,0.07719765644429744,41.929308933546125,647.2479047100483,1
19.38371561544391,4.713547647210671,161.3489286074092,38.59358628624798,23.921901088937688,14.94648994602893,0.8009812958089151,82.88352237033743,703.6244468174071,0.11733699916247511,42.157687354708834,1331.668976744503,0
22.022513290106716,14.393443368434886,137.53932210164575,22.737647698094754,26.60748814815198,26.89473564407766,0.9770691818454269,55.87648726553284,702.5560870059472,0.19606581701647563,31.07239147471308,253.61529856976256,1
53.413167056786804,6.47097056817927,144.62844164489212,40.89728353837366,24.26382968706519,25.44443913508899,1.3007597876653836,74.21315402887315,388.0469644586578,0.2352318792098432,50.358408072255,1141.362171274483,2
20.964746528531755,14.439382705727864,167.52810049474317,19.690832542994396,9.873727817071805,0.0,0.5249274220603274,82.1786215494555,518.6863892370804,0.17241060753064452,37.10038407991356,1435.0153425379199,0
39.223381241099794,10.303558892988606,139.11795636771976,50.662934400920825,0.24081720082891245,22.54242936278179,0.3,76.87821649119351,924.2575089083361,0.08570451394446907,36.20027475978638,208.73378405118885,1
20.06780104104271,8.754228339435718,110.69148496928628,40.0656630682189,11.634315690373665,2.5540716817441904,0.7285516612718987,70.60041336561048,598.89263362863,0.14888875636866447,41.70766866160205,566.2131034223182,0
40.24730314161668,6.758085948083787,123.97831128788238,25.10203307890889,12.133263164072362,16.58678287810837,0.7135143020189136,78.4646838677567,928.0838089539848,0.23947127410451982,38.98162308552617,1177.3950180560362,1
34.234460627164495,8.111478171721192,150.1991117144056,44.656129137587776,26.090083380823074,18.918259782533,0.7369350014124456,85.36973300497806,865.2741870961036,0.13445496490574277,45.54997195121943,1409.2544460743363,1
28.276983125761006,6.021902895415262,112.73153703054231,61.89829866963602,14.0501217010999,16.47941770468163,0.6161834301359252,73.92388389445811,875.8410220735196,0.1570236252587718,52.191701252373626,445.4203447640902,0
29.551612212510225,6.645850973091942,144.0567916540536,32.38859480228659,12.150130609926942,25.008192220989166,1.01193551722435,52.610627670660314,766.5828779593033,0.16202798019995307,41.79069341164049,998.6323261767519,2
22.797335350276704,11.896866052688091,122.15806967512016,41.60495827629551,12.66145633329113,27.200765660795323,0.5161075197060288,86.47732792145658,612.7983533490993,0.07270685204165049,37.03194663260647,1124.1890227544527,0
34.906794216302885,1.6229185979268972,180.0,29.81804816370798,15.598729467864178,12.265342071807094,0.9191705232587649,79.00264655060309,669.7695879695789,0.19989733563101128,51.83599944663693,665.6333946985776,2
24.99518171625142,14.30278527154558,180.0,36.02422661142014,17.637960774554116,11.90202997502679,0.9604624359285494,74.66923634990904,828.0771801173396,0.19268808747482297,50.491545553742775,1037.3393118801694,1
16.518336598560268,14.470120657441585,128.83605795315862,16.91318527962263,5.479163093838038,19.64030446347483,0.8896224995489346,55.19628151764013,274.87717514614775,0.05032298010735352,24.588090818855093,868.7783555661108,1
15.942686682484188,6.921600416004896,155.13517360075835,34.99364583792962,2.481416448369881,4.56267919433844,0.9271715206817032,72.01691396832952,948.7552785255615,0.08346741908155507,50.98010299141071,1412.0476119611662,1
31.898467094943314,9.533046830593111,130.79192536006295,35.52292795796734,24.335026692642288,15.230220248123214,1.0288387962600418,66.24522769943285,599.9761113599051,0.10151499374322095,35.12393499407963,854.209546005943,2
47.37000382051478,3.7048125599219923,143.81368795890978,56.587973322136975,0.0,33.48077833387357,0.8317843620965176,62.83720737035527,682.7431681595849,0.18741746231294373,42.78065974849345,823.2595362787994,1
31.75990774930782,11.351609659612375,180.0,13.459962647559806,26.73972713284295,4.9369943478928455,0.7437707449803563,73.63550569299782,684.4674920910256,0.11244439649138079,38.80613751887196,1037.0135660304322,1
28.694978412791293,4.139385162590873,140.6662290454703,31.62939849070665,0.0,16.598826406865918,0.9270014964974701,69.64033114502364,692.0334839808289,0.17006755496277998,45.67696386190206,313.21654790140553,1
33.144087535627975,0.22925035948115702,144.27925075525772,50.457406613972424,6.739129804520811,14.076991870698834,0.9520805722746379,70.29901197355034,437.2716631883627,0.14091125023329779,43.56236790455654,843.3416303679745,2
44.366019158775075,19.397837930096145,131.14941465544607,32.09874205041493,20.746685735251024,40.052678813877584,1.0157298246681257,82.39626366596104,730.345006735792,0.15355858764915703,39.51358553579649,170.96115724147248,2
32.41320751500242,3.3324934580194325,172.92378755329727,32.94390160418003,12.003077001704462,14.621387933303467,0.4432735928240946,77.55572140119348,818.8729264002003,0.1747967714790994,28.350052803653988,977.8335618903441,1
25.47980046082889,7.977398490469268,90.0,25.00089170141391,0.15170876614343243,15.20189114641504,0.7796230654493973,70.04485176883553,291.10969772078096,0.16361670607005233,31.91026603819884,848.529141032355,0
42.16917581065878,9.803273161860561,141.14405356936757,23.80873543684691,15.837853387133965,9.692350721982695,0.5856189767667147,68.7761877915021,439.84284847753844,0.14905140622164173,32.84287974313325,1275.1602071972754,1
34.71632082307775,11.878032861482549,149.08227811729083,13.089754810002173,12.60303907620433,20.09321803567251,0.9434122618546454,70.45141429540348,879.1730712591593,0.16635402146504435,39.230298865610216,1216.784426341037,2
46.89331591195591,8.528529236120047,136.7784534029817,27.449417028270148,10.0555654040222,22.701670550236877,0.9798760176943077,72.52555769898993,841.9594288195989,0.16084860385941924,44.8023002258564,705.5631065767211,2
32.01557880944097,10.446959874065003,167.27091015462335,23.12773933865452,6.38469938295383,11.141801523804059,0.7596292101454418,80.84050184375846,759.7482470581554,0.13951665143526032,44.02587856025434,1022.5907203200832,1
16.5308406510745,6.792387166827902,174.0405456794095,36.416466003884885,11.688546004224598,29.887228007219655,0.6595610439691446,64.57439870373501,563.570380945532,0.12843822974468608,35.92100246462564,524.6409568473136,0
14.950248808297685,1.972514296897761,121.7592097424097,25.54798157091522,6.762705492428802,22.71063584288509,0.9513319776837409,89.584392175056,843.1225220520137,0.2440221409014315,45.29653781686631,642.9728926531952,1
48.16020725454375,8.280001091759036,180.0,29.24490817941792,33.910794019642424,28.518992687651817,0.790686690261549,80.84771991127639,459.4198618288439,0.12786475540686945,49.047317331930685,209.2343244162416,2
48.960322928616264,13.055598358175292,121.53482351292969,29.57353528330808,9.839845633649045,16.718644721600807,1.1338226656671266,47.62072009126035,672.532791406711,0.2183497497180186,39.205319772659436,240.9852757234663,2
28.025288653891394,3.527377247410004,175.77261363351684,34.422017812515534,8.636187415628005,22.431843308913333,1.2100496719128875,75.85349234428543,438.7014126202807,0.11574354266658671,39.51840201845741,1246.2432792665609,2
25.784939467504135,9.87792613566905,152.99655397071388,28.657732923141907,7.125274690609899,17.869035051259182,1.0401564306996756,85.40736643375796,667.5996114356896,0.19050872574873173,52.41774438335161,1460.7213830180901,1
46.07588721466422,27.28940612801244,139.9259780577237,22.258566920754415,27.99255758554374,34.57681549491149,0.8711846293305827,78.88705908160802,493.9218255255969,0.23918791149893218,40.509053454104716,784.9098859830228,1
17.82249749752163,7.867972228128171,141.81266140648327,36.029197327374064,0.0,21.16264137371062,1.221626474960182,70.87659040281838,851.1621721620506,0.13312467565612446,39.509819898832106,279.14988614189565,1
20.15800279148591,8.183051330176216,149.32974418679373,47.80979859517534,15.23489179709476,20.08753948314999,0.872958463927556,74.3890822035505,786.6363661570232,0.116630392212824,42.52748338655991,223.6737290101782,0
37.07659474157949,1.7998516582910864,154.16835723727564,36.541594349489294,9.846390253112357,15.417580009790857,0.7145773441085667,76.78319948171017,585.8848839498515,0.1285385189660627,45.06435029232389,163.569403329733,1
25.659343648544514,3.1464535415084742,131.5969129725695,27.682154741136536,0.0,14.840363695278361,0.6714251039840644,82.69588254623315,918.0598432945493,0.14903161826735722,47.17561522587089,1330.2919376927057,0
29.943659466079215,4.180163637002575,145.3212008464322,33.5222431388765,4.628313049231955,22.37722074823827,0.665229656260754,60.849051518763,508.7369286528701,0.1660935669212647,34.0076792666873,719.0781282937451,0
28.202128116230362,12.698209848985861,134.5865435414481,10.392406755721534,14.852585945152494,28.195874593727144,0.8185986555862871,68.94981646763452,692.943106306383,0.14800014051848087,33.25687670834522,1332.5158820318923,0
33.71332003678827,3.7545519723889154,125.69900945852254,33.327167005533624,4.22046102309521,13.15441902089912,0.921879099555699,90.0,577.0357345037877,0.1290007720199299,41.063410856719145,607.9590035635717,2
45.48230047445088,11.183171840585844,133.65376595084206,30.195747570914325,14.336075353980387,21.265792771761287,0.508665473313098,75.32947223280935,848.4743536088965,0.2477270928904986,41.00548909087171,923.2859800220889,2
30.9964339759192,4.526023812031549,127.00050734609121,23.798475703921852,27.562379058177164,21.841694910191148,0.7212362959351138,90.0,828.6884911182694,0.13997805872737532,42.90861100609912,1043.3738957743508,1
37.083326726045435,1.8789779964461188,141.59690174498962,25.974819772016385,13.53540609495602,23.583635163756103,0.8668272230684271,90.0,960.3913078952066,0.11899493114302388,51.85817944230921,170.04752995689796,1
7.448106888658753,13.804814391524475,158.64949810936832,30.077185981524238,0.0,2.9250359813928135,0.961597779215394,70.0796519319194,716.5968897154589,0.19152555837902774,40.810381368430505,1054.232264531312,1
29.4640975787687,6.183408585628618,152.41420708355923,46.90949931207789,4.378833643377991,10.752673002890118,0.8142969945424392,63.027188586393294,108.0806483476033,0.19232178997468094,42.44281612010351,1219.6023211073987,0
20.72446702677842,11.941448113707073,180.0,48.10472500136111,9.431348351292641,6.341554798780994,0.8737917894422349,72.34469289220065,613.8263060531432,0.2206244688453925,40.4595444598846,130.9116644537359,0
16.593056335340094,1.808152671839842,105.79093972560166,23.862498061306272,8.82988392904807,20.328844266517457,0.5475250704620798,85.98992717648731,1013.0519410685779,0.24639318795246665,30.16413433375287,182.3505450306536,0
20.340323963783742,0.6774888073046313,159.38681932428378,28.78307152107928,13.368124606043265,10.99026630109689,0.6194069177109444,87.38895871776288,635.0010715526832,0.16731360101192824,32.33707392170994,830.923867498006,0
26.324642152291066,9.196890553823835,150.12840477048704,29.088920512537065,14.811986478702602,15.037588815732523,0.8066103957975038,90.0,316.4927583084705,0.1355872877228378,36.040884201899274,1459.9359843266564,0
40.074927965916146,3.0393387433575274,166.31340684743935,44.714546186601495,27.57475159606973,8.057194760891539,0.9323212453417988,74.63194480683727,789.8663708759163,0.05488814664804102,58.14603295237609,1462.542893421784,2
15.409680104864796,9.098814076562544,164.32930408620817,36.7460786315794,11.966523014208956,15.967634628321974,0.8708867242800093,79.88056515552488,804.8118744689687,0.10310742908259726,36.795040401631766,253.4101188209658,0
30.33694641853859,9.246563226526645,146.70016499729647,36.1134783516925,1.6302499781168098,8.758963987812312,0.6332586349563487,67.88230349045453,554.5602042948321,0.16042808841664483,31.024917983733676,1165.232579663508,1
24.674136233330636,8.385041152979047,153.4530256971351,41.435151361054274,22.384255172237104,27.579084420329508,0.7679563614193972,49.930150506223825,650.6501789815613,0.09095290767154221,34.97263966975807,1210.6464954850594,0
26.39559596201843,17.26431042150953,135.11861574163032,27.84303909906882,23.367221191029216,24.792279697955777,1.1526044354328977,74.60347302351576,530.540812575304,0.0707439122654273,41.69851991283201,1327.737401061283,1
41.03033607835064,11.041216481578914,162.27359958708908,51.36663889224869,14.091987846053723,21.502292814743527,0.9397368111712435,63.46245746260291,804.5139398232234,0.15329139474757694,41.83739637770611,160.9254099125347,2
35.919269807043186,27.271721256308552,112.42247895754598,34.97906411095758,9.782450443119345,16.980580703194317,0.7842427304615907,81.4335720325967,711.3198899934353,0.18883796095378066,36.81394327584863,1461.406988488199,1
44.71137918187018,6.320856869399689,165.53652877298634,24.729050645697043,17.602917622941554,0.0,0.5943159124216777,56.18606679460838,466.8449672927842,0.13767609770554068,31.217770189523872,1250.392052674862,1
28.300437528251095,2.5029711667368524,149.5365311152778,32.24431707442592,10.10028167688423,15.417933745051542,0.6630583542291829,67.60667109282463,698.0912345555575,0.1948393801363475,40.34984728123103,950.7607319876347,0
22.344631271622266,4.7962341571884,140.25875924337822,49.78313989049447,0.0,12.385434563126259,0.821449879691496,77.67679203640459,553.3951255265654,0.18082914819620355,43.76327244434794,193.55942259280377,0
27.537553014314504,6.630713341871237,145.34933601106547,29.898294368194733,17.0712685467522,22.472742172655217,0.8807083616920014,78.72362167413124,992.2121387590848,0.20746166565493296,43.13046783172942,436.22156326244664,2
32.66746470398344,28.794979909345614,146.81607530823237,46.394693588537976,20.0302632927712,26.197071688043717,0.9444239579223429,74.52560752523932,878.7395466416817,0.2586719229197796,53.16961133554245,585.2839762843823,2
31.94230694299082,8.75316716068571,175.94607520961003,27.49585048674174,24.969785073413966,23.246326624930866,0.9053568285655391,90.0,675.5441312145806,0.28070133203345476,46.96946491186432,1300.3424618149277,2
18.071731205432968,17.705391432833025,180.0,25.812035638672324,5.423174013426916,32.630383091265884,0.7385480003008893,90.0,716.2128309189244,0.1865835558252188,37.0838047514401,1165.5685446397076,0
30.995387597906618,5.898758782264471,174.39741648300765,42.9151689271315,14.03548784275146,14.3168576561491,0.7075569221336323,68.1567250693408,902.7552455875958,0.1270074905045615,35.93901244527858,1417.008837939539,1
32.510511631527955,5.3191963346184625,138.69348428220488,24.512329272251108,14.230196020676845,13.902241186793564,1.2703375541037267,90.0,665.2779221216864,0.1530917943260784,39.73957783283981,691.5524341951328,2
57.69221441287313,1.7263925846545813,162.59563648570557,44.87048300194034,12.76844303733433,30.37878228902577,0.6975771891758654,90.0,851.6785048926977,0.22866272925636344,63.41811365001703,1383.5174590569595,1
50.64529072409837,28.188592866857128,163.46658332114967,39.21951198828019,13.033704344575938,21.66216394538134,0.5358251870344625,73.76097625957661,995.4772259070692,0.10533875223537152,44.91614125330024,1353.9917710341188,0
20.614323143852978,21.77870349730432,131.4967855510556,24.516872786388895,12.334224138392695,17.53001259457784,0.4594821548284638,75.45403122852159,601.8235868301408,0.2223830548321315,24.5673686149524,125.88119217114102,0
26.838783022959063,9.953775203511114,124.78401405558637,34.14268707206799,13.90574461424535,38.46521144894783,0.7422984448314633,74.492784468734,1029.22902018386,0.14150379700410745,39.410566132419085,434.95578389876033,1
13.902137979792965,6.947880057494955,148.73438142166424,28.41470851328555,18.66612930595818,25.777305473826825,1.0267964405467027,68.55000611842637,971.0233781011698,0.16135629757395845,41.995151365433856,1219.8361739113936,1
23.50222284640165,9.008013048841084,166.15415205402869,39.187718680028716,22.982587721258845,18.094558260659166,0.6932915083449374,69.54332320410529,749.7117604761855,0.10961562191198648,42.87215479560177,1031.128685054664,0
33.47165503949375,2.400823197243746,117.76383464797144,57.653578939465035,5.193008213757256,13.140551863527,1.1450531992275175,88.19322572396595,611.2175996212834,0.08381373987042655,54.76619338617437,412.04314128449886,2
43.264389829770565,11.925215461002265,135.58204264691187,30.551544765350933,10.449287806906359,33.26512671583869,0.8183980600695175,79.37376143150348,747.2223076174297,0.136058199621936,41.517136062729435,1194.0577959323368,1
21.980077784820306,20.584571052400214,161.45303417980813,41.405315286302084,8.196526921011085,22.06997020889669,1.0641027746842833,69.45810452938132,651.0998208244395,0.21515058471677737,47.91237940861008,543.1782427731289,1
22.80438915925424,21.28375575067826,150.8344722654116,35.29328770001019,6.908948785199474,20.24516919538427,0.6533013508439358,65.74003927644549,541.4456288125762,0.11490197198574703,36.46341010321775,943.0029467453137,0
6.379820672874796,1.809062594617605,178.32547241197992,35.28869243675816,0.0,26.7627642745509,0.6567123198576458,67.41889601386525,806.4550390654032,0.2306260580010276,28.79344791749553,1408.520841746155,0
28.210674874006017,17.593784075549554,121.77265091847313,33.01753855122171,12.218002102676659,28.800878568539744,0.840030054732594,73.36144777965085,495.2951401348722,0.12135633093674128,36.645457328338196,435.4654542065331,0
18.313441469544806,2.41757058978274,180.0,24.71099064378135,16.313883325907593,25.49869984490897,0.9261620265958771,84.1316988730726,632.2890820027708,0.0965886421809437,43.02875210284235,177.51449268294726,1
24.17616629897319,0.7497953960630463,119.2401511286084,39.02167939138946,10.60410223291015,28.83975575631944,0.7806294066354902,66.3991883057627,634.9196612385534,0.16268185242905364,41.63976622791596,1024.194311371467,0
20.354531440156528,18.048433070349144,109.41672562343479,31.535099000967335,11.919378932426232,24.51374358902682,0.8843423991497726,84.01702568136587,426.9481086458114,0.1839535993897043,30.584470992466628,1119.7899571679566,1
28.963111903221872,5.5097866751998295,148.82174441005387,24.142398995135288,15.765932351182183,25.548905834302268,0.9494669097590511,76.96956748321297,831.6944046231068,0.15940439582602545,44.77842440433989,537.6103449103555,1
10.664987695077055,16.341748499713358,127.31082143507982,47.17007914697958,24.70007725647268,12.68362145156565,0.5074887504498592,76.42841942531975,654.3323919138421,0.15754766977959894,33.50965285717154,755.7753347035072,0
13.862502300699102,15.3471935797004,149.22488671910241,36.188115472428116,8.222119234292677,38.103538816175586,0.7449937611783891,85.2579614814592,959.7686620188781,0.23014801054706696,37.06468755822368,801.526207519625,1
53.42171823231128,14.015967734263622,148.52546242090668,32.26281251188113,1.455490970994994,7.663233410092971,0.7058898436068535,83.43358717939789,651.0693994253465,0.15474572737460635,46.66088831535941,1242.3260158951462,1
15.83835160598566,8.924567412497664,146.08451575785136,51.08067937695557,11.186038677057473,23.09377614497474,0.7165731253234089,60.95482107428441,618.6809648951674,0.12647966072955466,39.47508916439279,1070.3108189589013,0
17.935358636998963,2.7016432303175915,133.15177935606442,12.967021573604026,28.95205137032951,6.6323294182139225,0.9095131002740366,64.15986354191563,519.0714570304945,0.09335152283751774,36.56905893412876,482.1774678284968,1
50.20604881153446,6.6422739598734335,158.6531230515938,50.27384964474906,1.551894974144508,19.018712611640446,0.708946324171902,72.70483501324605,707.8058412058585,0.2136817844715169,58.858143820425425,482.21701265532346,1
61.95573886164448,21.522686726158618,143.6532577046566,24.437744610365392,17.851221260222555,14.28706362131915,0.3788829200333963,78.55972823031185,708.935646441137,0.1287160988452911,39.09122426536926,554.9511138475405,1
17.11276708292124,16.633964373516132,172.07329741509528,37.53839047298624,22.421219063566028,21.357558713439836,0.7679658965964484,88.64575655223325,848.3533470466996,0.1335948505856648,44.29811575788627,304.33395842097855,0
25.949261475331664,6.926851620955839,146.39255494943387,27.943234950551467,0.0,23.417576813576453,0.5858306731231712,75.65067525862405,713.4037980666675,0.20259397025347534,36.39357973987593,287.989907090923,1
33.75711106034561,6.858138052751457,130.7070515426682,23.923987514570914,15.692002712476366,10.43666297005408,0.92919303586016,90.0,1118.783539110912,0.25270738973886564,59.64045795534463,1244.3761506744722,2
49.015674088461516,13.148387369282887,116.2457889631323,50.766638311621215,17.430695733657856,19.705855450484243,0.9972533382078184,67.93324486114085,791.2434528241503,0.16256659569154053,60.94132483346341,1264.3873136338502,2
19.144572137289387,9.420058671200769,146.55781137103259,57.27459880874342,9.593983187581312,33.93674222456282,0.3415376507948592,69.62421345720561,502.6326030887843,0.14315008634676737,27.41689849790672,464.111893428733,0
27.301943694636794,7.217379336061583,124.61590857274754,32.34529219218706,6.182052950192546,6.877349024985392,0.6496689445911289,71.9431749547304,485.70473140687614,0.1497173762413448,30.517280825593573,1290.555497576469,0
38.55071333667918,12.376938591669228,123.00076291990445,39.025696426331535,6.684038827284176,11.459462308379337,0.8977420651522255,66.82772474366979,806.9594937691428,0.1272230857631684,44.67665895840454,899.0289149820444,2
34.78242681913281,12.083750636545247,160.54914618293975,35.68389501995,9.042883537119408,28.60754647915335,0.5100474702556559,86.59404481948042,496.3343770865956,0.13220763171658342,36.609677314286444,1097.0209146563386,1
25.86228321646891,4.912164147340733,114.44659877673217,55.76608204823426,9.281135714810008,20.775548132464202,0.9921853929796463,47.30169088324039,818.9688769081314,0.13247553846518173,49.22027647012446,1332.6218802446392,1
28.527947390323547,10.854823605019284,178.24386756665825,9.642194630557583,7.583006615189094,21.511549298245644,1.0508496376696888,69.96431068616376,879.1278090012836,0.19553640390021648,33.946893119400386,531.6818766835859,1
14.8761461079302,11.56020458281385,153.1943276879108,39.52548129524264,8.899722725857988,30.223023486923275,0.784356560543488,86.48207280198497,883.9484352354665,0.14559147037163034,36.35495662702099,1027.1164781941445,0
27.380088816278683,8.414791200225881,149.12314737950078,26.274484230272797,22.717126414619653,12.059312982017076,0.6497394481059465,71.87681518930803,526.1625499548659,0.21796562063046707,38.35958493670248,531.9466306101633,0
27.069737609901495,4.464767184492878,129.30468118898827,6.728431742345855,1.070140989763786,14.806647699024044,0.31167512239543116,85.72886470312501,884.2942349895061,0.1441861420002778,25.231642688299722,1364.0808589206874,0
32.55386878588882,6.475802022913806,165.28744592685877,30.673638830849107,0.0,13.573581335331614,0.9990855648474422,90.0,764.5178476699706,0.13164854245286994,46.38018791171423,519.42010032688,2
23.891400592990824,3.6920175697912305,149.9419013280521,57.17658549092664,22.861065965108835,16.51796952664437,1.260558135308798,75.80384647035757,578.4257878570842,0.21389375020532686,47.98902940474002,975.4675550133454,1
35.18692374799653,11.07156658429657,136.27806714518397,27.127409715195196,10.27184016593476,33.395220849476786,1.2150432636337336,86.68934268994742,668.1197708335241,0.1510775009813167,40.86831805819406,367.4371745954794,2
41.13987399601811,1.8206181193664208,153.9964939330318,44.48918607877533,8.505909367657177,2.98919904475488,0.7771058261520889,90.0,794.255951902847,0.14367828664518817,52.92384386684725,617.6913897360699,1
31.709722604353125,23.018737381292006,116.3442908912124,49.3840663647604,10.999045886405979,8.05781189089927,0.5796113201020624,79.02090707210469,565.4297804351218,0.15167803214079728,48.46216395826687,591.9581955458411,1
33.86932049239124,19.93732293783448,117.29345736901723,34.84763836856573,13.883490307012142,6.343169327068207,1.0042773297921892,74.51936812611697,760.3718904845998,0.2233324756589169,45.04206772534732,1150.4545721095453,2
30.58470882335654,11.760382235773362,127.59627829397843,36.4454674209355,7.283538955934708,34.01693950685968,0.7920888692465542,84.02465317425062,989.1203897078709,0.1653038865893694,40.09250961556009,501.2333587401753,1
30.000928324005557,15.968135893929032,156.9905453521943,14.404425121506659,16.553380148825728,13.856000653002367,0.925188979201552,86.84216753372284,892.8112260712114,0.21247419944617582,55.8044732889311,558.3721238487353,2
22.062861631028678,15.238344899948826,149.93483356387736,26.40603364192824,3.339636835719933,16.733263539150013,0.8866053747253279,74.6118470612636,716.397238702879,0.1382687798920527,41.986190031477854,113.18063054033136,1
33.481436878406384,9.529222171288916,170.97958531111504,45.88409149195995,9.283564399357324,3.853658220790635,0.8404607621195574,70.1615634143924,746.8285217362355,0.20447019536143404,51.522014020981715,542.1717199900224,1
28.929847417451615,7.378072086438264,131.60020295662846,35.72814916444481,0.0,17.376139638340813,1.0462730367661568,90.0,592.3874123983678,0.16188424182114747,46.32619386360346,481.0064564771339,1
53.02485139823654,6.72931473148836,161.49335680962685,39.40809729732418,22.550134213773973,28.66521720841967,1.0544469751867358,72.29385542277879,598.0207185532672,0.19412878309902462,48.32893995257793,862.4503509187546,2
47.306903927227665,23.586252899323405,147.72258895209438,36.59789095619661,10.415210730963334,22.529570482729632,0.7050087093634562,86.93728770482258,392.5607408993172,0.1983323118339982,39.82167325990435,662.492646862547,1
34.24431207812151,4.323647540378143,131.13909610518144,61.30404733155718,18.030936825634427,18.921359487013746,0.6169152562949862,77.62867273202838,750.2219440245487,0.10291902354800458,47.43095234629261,1472.6598645674671,1
21.606370693357555,4.399887968530693,157.70615341425838,29.83376202573679,16.289171258396248,4.351144745482591,0.3,90.0,836.4996863193506,0.15359788031920316,40.54869797359673,864.5851322563516,0
17.763473808182404,16.946305058959908,148.67976283509535,54.26492051583572,16.948324023341897,16.72047912692028,0.7438445007780452,66.50954077344565,685.83130286339,0.19785989762752615,40.30949130154748,201.84814192564102,0
43.10257248397752,15.862146126334242,137.41761611709202,36.60203866648079,11.930020242830883,21.46914763925882,0.5794684651275065,66.49019597967396,524.5351609731517,0.2058242684868594,41.73810855048073,1233.279381966265,1
32.89024147661852,7.041034490171568,150.83998174288183,55.33038769496957,15.494046534652572,10.081751429666953,0.9122233221793595,83.54486401830003,713.2256951055697,0.21267172383962965,56.407966562856565,174.57079290655753,2
35.28157743730772,12.676103813201154,147.40939228125217,20.300262928902196,3.348440286492501,26.54891157977881,0.7461092743340054,63.69660693422696,968.3529135619071,0.1552363862551246,34.328385292305924,1272.1215247162302,1
10.80955414328388,13.87781664172434,146.92623862964996,37.215826491570326,1.4593929939324077,28.8506854664507,0.769965696934595,76.1662846248959,879.5963308472269,0.22701047705647204,37.19780886924512,667.6596598766506,0
40.20182329713999,2.5707359020719656,141.74813700178402,30.27575859291836,11.090046598452707,14.713512913459047,0.9986325410654138,90.0,694.1051272147382,0.11713967151922236,50.60756584230725,186.34768331388636,2
34.99862372035799,20.807367099369102,123.90102922212725,36.673668030200474,5.882012576438108,27.258321937717042,0.9073960296074237,57.151678610663986,1109.4860803492766,0.07526174151544882,50.047048212314394,1468.311791277077,2
17.785262471440742,13.874396513518155,151.49530831789744,49.66851515199354,24.82917755924484,18.90260402515967,0.7943281868139354,79.02139278608571,1239.743397977973,0.13611945530738614,52.54084419941214,793.5957506327386,0
24.813227118050563,11.918284633115597,133.9457125255717,39.545715264295346,15.37629986376399,31.471379815788133,1.191013648705757,87.11745389324271,603.9714770926149,0.2097921142173228,42.08487445286775,1296.7382687836416,1
32.90088924792172,13.950335286598774,129.59342264711864,49.64459228032325,5.551667488915147,40.34150660058081,0.9823927615932675,74.74092334946516,650.8230463659396,0.09568964144374575,50.468689882925446,688.7811852190421,2
30.57713478191868,10.90499602307152,145.18600311794785,26.957346880712656,9.556136053449778,9.063345180667532,0.7285106121762888,65.72907169634186,838.6662598483235,0.0765070993561123,31.376205368861008,746.2504403964801,1
26.786116956160896,8.046167026510592,164.68053088344357,25.125986509715407,13.197059237892896,27.69484403546666,0.7383242814905313,72.3739199190599,517.4047265725301,0.06397455060610577,30.469319874890402,607.3097470758379,0
28.86162905127443,9.592915870005653,153.71227015381962,35.19326087764719,11.387973394659747,33.049645661627274,0.9934435325708878,66.61480213525942,869.8268466917432,0.18679721420958229,41.52687748487614,616.4907765516357,1
27.228248839724262,2.337984889134275,139.37715583284822,34.53617385930698,14.445714296408385,10.293196596481677,0.864626053643487,75.69158225016442,720.2935386922956,0.07761976373595324,45.96543578163,1210.8373286574708,0
31.678187633127155,29.874648536990996,138.57307884264284,32.76968757410969,12.617890900160772,14.248793317813398,0.5733448637265249,72.23294439647745,774.3276978973839,0.17745151630084924,41.381943956047,143.0982514336349,1
46.18641170292473,7.9415894594089185,162.71626524377535,23.496419291951774,0.0,14.136229017707961,1.0168368247511754,69.8673947753652,584.9124311202012,0.13359567081799112,46.40594040344212,785.8095629079635,2
1.7667571497557262,29.540120065831317,102.0652846110552,49.38381907822266,0.0,18.67218761463878,1.0965910840433133,79.6614739496169,542.4593286107463,0.11147009081760625,31.729808453710472,471.7799774703972,1
27.394647090393473,9.715053853350014,165.94729978398962,30.645953592398147,8.63751859597208,16.436344937793784,1.0799055509612858,90.0,302.90690681689597,0.10006388372880179,43.83661689641573,879.4062845057963,1
31.941636635096916,5.2776456423683,112.51968450139321,52.11293746655218,17.044434345885215,18.017154119449177,1.159404780333182,78.27820878844503,996.956179291527,0.16031454203384726,52.74869794552237,401.29637701342136,2
33.2559338865581,20.40656443164864,121.6918418335404,35.1529203824487,8.73867868892779,28.379883282781684,1.275223588502538,88.43665570443763,888.2892886093823,0.1122921092876237,38.728174040320596,588.2509083166095,2
25.90893960546581,11.573707496585058,139.7146833747355,42.78114716976854,23.129077020647028,1.0418827811384368,1.2005909877710383,90.0,834.6718012518205,0.14975135951530003,49.76466932903941,846.5612833082558,1
10.676060392735593,37.00197575832017,180.0,41.69251571556419,11.578019706309911,10.26106578358624,0.8949455919871387,69.13359697681813,769.6652301758959,0.17007031933866074,43.04174364701228,1138.5318802282998,1
33.60795032085521,5.163603319556253,180.0,25.108703115789773,24.214764578267808,26.699280762098667,0.7741458674359856,77.74858503991194,239.15445184504136,0.18063306170821208,41.9449231686102,1424.356313184151,1
49.00085235580603,20.98384093814137,164.12975511594271,39.40643505862987,22.367130953378748,25.527761486208746,0.41748762665952965,70.75052355851378,549.7797649959839,0.19671602059031706,30.430721270592485,440.3812556564777,1
13.127524545922487,21.734296488019922,157.130847565909,58.13999533360527,21.4615817865702,9.414578059666095,0.8223909259968097,60.17836158823903,648.7838092728932,0.15823641726435614,43.50773994662298,776.0790386511586,0
39.50210815068007,14.694819948093551,112.7544606397505,38.019347037204284,1.1683952921369958,25.59701950303669,0.9342099329606293,78.55760868718855,483.73072949839445,0.09749549738452001,39.664379293280376,588.1063910901935,2
26.386222545648167,21.855739038281637,153.13516325761398,45.81532087471609,12.154266011758816,33.26866956819776,0.829581639194018,64.47850381951535,361.29560901285635,0.17328636674601372,27.722656570086038,948.4516022195972,0
29.32543219588268,8.084685006604651,139.01556962880056,43.31926213510622,23.004961387340828,19.509734855344902,0.4045913802920683,79.84303275598877,504.52743014027135,0.18281018211343017,27.43970165963084,613.0725065960659,0
18.41811638225656,4.304376631975561,133.66661332754558,38.68459590037985,14.451102522822346,9.920389779361136,0.7569433032756437,59.4412191685878,709.8285897194812,0.14092203847189608,39.604960571723886,235.75676417662305,0
26.320982104085356,5.685501135899199,153.09606179949319,37.23774461269696,16.989239144990712,28.749542563142473,0.96197305074847,76.70992999477605,709.8797963039801,0.13560484357927324,44.7265240351274,960.1555122382066,1
44.300490541688546,9.220262120132203,140.57779981106603,41.5677867094556,0.0,37.23045430970873,0.5942986923079394,59.292669957270704,881.504566787544,0.27375886926820114,37.115048613336675,149.78841002189418,2
36.40920766186478,15.225472465331912,167.385990919377,44.159390557707354,29.269109375472603,11.138596965604355,0.8564520739521841,81.73864766371926,1112.6359401785962,0.08534744158482599,58.15114426776698,160.25943549566983,1
49.055427659509384,4.576497132531223,111.28090464774665,18.774031315387127,4.877630376911252,20.392520739500338,0.9149579401934351,71.06619926410524,837.1523040195991,0.17468371859714438,47.926959296906155,1337.9093229898729,2
42.95153077875463,6.734110710471363,151.50022844691964,37.967634669157455,0.0,30.901556348870205,1.0659528810256638,70.10206892464484,664.8900632285752,0.20230157231915746,46.134346784503926,1318.3930345981405,2
34.82995346822534,4.903306165680956,132.41805552971914,32.791065431032195,8.8398683595744,21.153587149631864,1.196773186414685,86.26504851242932,1060.0653024123376,0.13293673793885638,49.34499551543737,887.7998410655593,2
49.18327978784571,17.136257314628743,141.80728342168612,30.301677876179497,0.0,2.5270366699191484,0.7368782662256533,71.78429831786399,383.61271441361976,0.14157416240495863,37.64404060023479,125.2039267459916,1
34.82892474612129,29.386894412012783,156.09252838958483,50.551572548342875,2.233873696879499,24.434177187857983,0.8604266239939543,76.1085260207313,284.231380276619,0.12992666846354128,49.70544419654789,580.347797061981,1
39.10786994476765,3.6709663833033614,127.65384274779866,26.202245023233758,35.02660649794001,10.21191363677101,0.8673152179626545,73.0138379303108,522.655317947061,0.15001111564320402,50.024537892401796,584.77468207149,2
26.737719511118208,13.10431683532708,153.2846427862493,18.262771276279977,8.579633002471022,7.292774010059864,0.9628624690654408,80.07392419343142,862.4374895796606,0.19497462813436062,55.20138605649214,1109.246470973047,1
30.732003974451253,18.623269520683763,145.7532358958147,44.548594704630254,0.0,2.722520090142048,0.938228678841096,85.42944922262596,733.7120504044155,0.14008960230491171,50.32592192684496,1236.672175459291,2
22.328337943696955,7.538610174084891,136.78826269646223,17.95527372135333,12.227680979095059,31.904072931656806,1.1335012232659496,83.35635456891299,474.33525889268117,0.3055296069531519,31.66794056614162,595.9354161391864,1
40.885423280543385,2.4698470991685957,140.5885502797816,11.864683064497235,3.9197662947122236,11.652886809825738,0.30711471935141554,70.33331430442904,554.5810929210231,0.1273631203728594,26.29711994532098,690.4352314813524,1
17.03866014573648,20.27849311497182,146.90896217626147,45.899212279879585,19.78067279706537,23.33336180247872,0.9119646372090583,87.09046968605821,451.7032999018094,0.21887575828328293,47.23118275787071,414.5236703289249,1
38.60585376659427,2.314501061721349,134.64326974873575,36.90466700674986,3.994096985525637,25.789544305794028,0.9272304219853313,65.83648636879784,451.69831802055126,0.17719624311863605,40.76829076901869,1119.08572405907,2
27.902838367443245,24.3603831844354,150.14188950651223,40.67263552842531,14.43660339121643,21.618189898152,0.7682495688434074,67.57518086621994,1010.2115549502569,0.15542365605716874,41.48865421653691,588.8139577277309,0
42.883718028140514,4.813960778181791,144.4364675666785,29.690869102644534,1.6764686681478675,22.965707799739715,0.32191785665097133,73.72199264187901,671.3130062499368,0.22353805471787988,35.03265316949776,1087.6724937027884,1
38.259558876043855,1.9722678246783063,137.77434925866078,18.387126420691768,35.39125330311498,23.810480873994965,0.8065808556298005,85.4680045220879,1053.9164176637828,0.06999618771716003,44.77426587684243,1089.660239180011,2
50.02710773411482,6.04496154589177,180.0,20.77055343658799,16.53261348024583,21.38097686645394,0.6636766322082055,63.29848580556395,521.9971243009079,0.17125892292332923,29.59667119534503,318.69916682630964,1
38.038521602525094,8.671209982558757,158.30479845123241,31.733733206824596,10.690447822657793,12.398404856839761,1.189150190183219,83.91484144138654,798.2250026456192,0.11418100308359225,49.49623985014107,1339.6702641905476,2
12.707557187814352,10.1025355371608,142.34575534754092,19.7311657049835,9.363375744318434,11.506628378484107,0.902564101362132,74.45252905182022,745.4165320633122,0.12820060324474128,35.97678943087532,1254.3319339679072,1
29.26351509811979,13.890221717782028,152.91720861649418,38.68463488454784,7.017600150755722,18.95018455824074,0.6449933379512628,70.66266476413865,875.9363145997972,0.12584988539819963,40.7984437333523,916.2161758986264,0
17.107920881457026,10.787046636997397,129.46359726452982,29.450504743586972,5.151778681732341,18.738359519509835,0.3684180989450677,85.97806366347928,750.9097009628052,0.1018087853438796,18.486139805181566,220.85473514334387,0
24.298921733970978,27.820282131437686,141.26456786442833,37.220432568383664,4.904429464369324,24.293197324265748,0.9499358900880425,66.97329171312055,897.0166786544944,0.06737099084883266,39.77574651655833,334.1569043698762,1
46.62351276604394,8.36116998286409,143.59845099123504,36.86177753871717,27.104959654157565,31.0165006716516,0.9731528226236021,90.0,810.839522501959,0.16943921177626814,54.047409650034545,229.04992313696135,2
37.012871919874655,11.210357644920808,125.06412180180234,39.64159465309432,7.026474380508853,23.439053605694905,0.772529092746221,73.23358211457716,481.74562201699104,0.1467065058293628,32.61321800604083,749.060929931646,1
22.31176528563379,10.534593366259662,157.74708095988836,40.993790327467984,0.0,11.89116280882839,0.9528086060742338,76.49841704231042,846.5429528854781,0.13497043430165714,40.76850450138865,471.7177373347632,1
18.849108969155612,1.724942668182866,139.8877459477435,30.87319291064906,1.50629051208095,0.0,0.7433804837380708,90.0,679.3801938515319,0.18795873440398825,43.99630443430406,1263.1153459541765,0
30.36060302163887,3.056736487954635,142.89066665105193,37.20763119960596,20.34952157999224,12.310627941206763,1.0547873605369955,76.75929678580313,544.6560841681013,0.17259674109752637,48.73410904465494,710.3389583680644,2
16.617838356807596,9.248438484964998,138.6256028175329,37.832097541042096,9.729083490677969,6.555096384734744,1.0383906638695166,86.88868878417377,838.7955553401622,0.13665817727106955,45.112225390444586,732.9371635872494,2
22.61745694863761,12.2164647823898,180.0,5.853316290879619,10.793265598772662,12.69627797639201,0.45943641829135695,55.46841532531023,884.3117095614446,0.3025461841113699,24.941495620445984,1390.6956851629307,0
33.432104187063686,1.0479772452852871,136.74769699651975,42.75830895031388,22.528330062771836,22.422769888652113,0.5130577943329553,70.57402959829037,603.2869671382662,0.20089943579369568,34.27048221679321,908.8801197995318,1
42.70843239717366,28.66624401001991,108.62646092228346,36.799306354643015,5.005500697449271,20.84390507838676,1.2668819790695762,78.96733778422592,629.8870163393295,0.27224003540546204,36.57051755800072,642.2847858666394,2
36.69637619446884,12.930867057265784,118.00136058082329,41.76858638292285,17.691759499178136,38.581776169382096,1.0250831970059597,85.8141929762341,422.57593973640064,0.129252253789666,50.53846102398607,1476.8404603862532,2
4.7958154054209,8.858270775126641,165.1860524539087,19.55787685463285,5.989051651911668,24.83081552082186,0.5422761788937165,82.6969655826091,339.054574432646,0.1624849560515093,21.726955501237924,747.4100949574722,0
33.34803401933286,12.509012933270016,176.7290538336626,31.21072189805128,17.182889730771002,39.091672833147015,0.4745163915469605,81.76032107932892,651.5383405917947,0.08808653689146675,32.297712738982014,911.5523349967394,2
30.792369305558356,5.761651970875316,136.36405617254292,21.901646521213035,8.479782743073073,27.151394039899266,0.8657098544342267,85.61057842354528,858.4108964295094,0.13347608426172705,46.85911932781121,634.8013380737698,1
34.55279313909962,10.184067533344173,175.57899339270926,43.935216514554504,9.826057426298787,30.857067433050346,0.5686906137878793,79.75019653407925,585.3468611186447,0.1208020362683475,30.021763429161535,1036.890451296602,1
47.778306498163275,11.408483861603212,164.8317999968509,18.138601495178072,19.381202917601495,16.410977283790416,0.7503243746565331,53.568159732101236,985.5587327760315,0.2997752623328418,46.729935182256845,1186.1308402166185,1
7.304378955147829,20.43996780922987,146.2103973802782,23.85614261693215,18.732223269142494,9.254907166707083,0.8095985782878333,89.42203252513687,658.9852016336339,0.11537613511471145,43.97357076837596,980.0991185802619,0
23.497862322897838,7.7928649574621875,144.7910743245893,41.41176953926377,10.511148131358738,15.510401091991204,0.8001035544497626,66.62335000956399,659.7981349752962,0.13829830915957886,40.278940857169154,447.7892564658974,0
36.4999695507269,2.3804466581465196,153.61740452831307,27.447505612673027,7.755386970046931,19.881304693220013,1.0678384219921484,78.13625007364165,642.1816578925698,0.07731648465688032,47.60861349283178,1419.2159344877668,2
12.602461606006635,4.2043462883134035,167.54911644307282,23.859312118531296,26.392328260334885,13.718411159949788,1.2236463726076108,76.81004761167199,896.3185147595373,0.1766861683879433,37.34357386945779,816.404900774341,1
46.2354395285886,7.309145558951027,157.94589131190045,45.8806331544822,17.30397730348172,9.988575755291487,0.714638072376925,75.4732761906985,508.2178859392652,0.10498872949549148,50.18260866492693,1256.4319073409617,1
34.051922739707244,2.6580127194629943,136.4638339640261,46.37254107910242,8.479723722079035,24.168376924207596,0.571254983963287,63.93959315614963,674.2079665348823,0.19592728645131677,32.511433562446015,112.35461260308529,1
39.31242384427745,3.801597709994908,146.5158590594738,43.66485431049198,6.122240730392204,9.946028338027478,0.9055461540963866,55.613067361652064,590.5256094427182,0.06058376962260878,43.674379462985236,824.869408909847,2
23.71961972326026,4.239482116151189,180.0,45.18451608728352,21.224077562479255,4.665080518814694,1.1789256251773983,64.97621093403627,587.6863923316646,0.14391883549506526,41.29656468900713,1409.8113861814586,1
38.951400589628314,6.9229782177721795,155.02427594592385,32.22104865274332,13.038600774478434,8.779138861024043,0.7312926656052783,83.26238437244339,707.0308688956665,0.05771000497897413,46.43411930526675,1063.494159962867,1
41.75318711587942,12.811023003453661,167.3865085376523,32.544884304360615,10.528023043865224,17.656445117367518,1.0070789562431268,60.533781374358256,677.3353418435847,0.12547435216241337,50.83256393252907,259.85555694805623,2
32.56165822150885,6.663164582787994,160.79769974498464,27.223024657596767,13.034776580063344,10.090808922354768,0.6358301696424937,66.19719029991995,910.3342597308043,0.13563935746581052,51.23030694735262,1093.9622005538886,1
32.57840981968565,13.433474528820495,155.46715487995405,37.01275001259173,15.040171871732923,17.7191009668149,0.8246797009820269,79.18046653799567,697.8451599600272,0.12004842678382384,44.565978406402934,121.02894216461372,1
32.973775632098985,8.864558773282692,152.1739780003014,28.665220072089824,11.489797673123055,26.004443052792098,0.5643726978939656,64.72575325132301,811.0011489964676,0.12498918671046845,37.05555203534191,616.1531274871813,1
20.503202087866804,3.9208178061699,167.9478125064996,29.803205528876276,22.83318180158695,25.74443046863351,0.8223830533054343,69.56951810252427,734.5510293123336,0.19855841346786762,33.13187614674814,431.3843865969347,0
28.377184517356117,11.548013223694188,164.37284470621367,42.1988052077948,23.33404628590788,13.39174090910689,0.794379904682568,75.81821516070093,980.7518000418921,0.2587227159271371,53.353055276465156,452.64231738691745,0
28.322252143024052,10.280883425153329,155.27786956023098,49.21447094617256,16.786993072816195,6.960584129610506,0.9537870378156569,77.82642739130158,639.523006249393,0.1669653600779777,47.02128553241354,158.07302405687233,1
34.21733250788844,13.685417135293129,136.12474948904224,39.77912305124114,24.372470914460646,14.243765348507926,1.211173553911695,64.52774051821527,640.0857212864978,0.10699782044914953,57.137377692350945,963.9851794027413,2
40.99806671601324,15.707712251871929,157.71117611096943,56.53179038291081,12.076470913243998,26.556448097835503,0.7344430073999444,76.40942916581177,849.0077175552974,0.1532038719656358,40.820249439185005,1138.6653000347633,1
18.356103098237497,20.875321461340143,148.65984127063834,26.533813135607023,18.212979045041536,28.891962290445683,0.38005958758394764,78.98854752863703,636.7994316281768,0.13228654169623846,37.6271690594643,508.5676233839535,0
28.624900666484645,13.118078600517267,143.8348817730985,12.944304329488897,21.040106869847474,23.52889921033353,0.7755371443804931,62.26799475967947,799.6783369487094,0.1944696432298945,39.66553126531908,921.5908189036012,0
46.296011024248706,10.031603726513513,180.0,43.57553467507465,21.17134452014949,32.0143605099542,0.8858498771674543,77.14842976055829,1167.5828811073607,0.16439306134198792,49.675697294087385,796.3512725351264,2
21.820529483061794,13.729841815970524,119.21897384584345,25.737997368239224,20.243992329645096,37.29202119619373,0.8644180194164823,67.83416770255332,504.20946746001715,0.07111025259440279,43.59667250309174,1490.4076694958972,1
20.955249809806475,6.140608415724112,169.17025718114965,31.71569309869564,17.68070274673516,15.167720718704722,0.7853669817372437,76.23915180686076,1006.3340932776728,0.20489677438621948,39.5057285710306,1237.2649290471425,1
32.22536811014313,5.772179215363308,132.7465811149234,13.762441878546515,29.614153040742774,34.865632539864905,1.1472972869751974,82.23079003007145,601.5586743379034,0.19834202697754505,36.21580697692413,1424.4531834771333,2
39.28823709533852,22.80670104669945,152.62390978686793,24.209477031850085,7.14273793261058,17.394504792082564,0.8499671987709192,73.23740979382664,967.5357322021503,0.22475143517839358,41.05836067883584,1254.0614832331678,1
30.125686611167254,5.6324601586061105,180.0,16.973271001049167,10.603012911958103,30.19848697260064,0.7969448216737172,84.13415415979055,837.209171045151,0.12417795495845908,40.499309639132946,1020.7403240369387,1
44.618566494806885,4.337219922484222,130.75262010351875,29.788360838956358,10.069405710148793,27.085724686727623,0.6489046520971862,82.90813984240351,820.0655318631025,0.16504868884575563,44.191803734306895,199.63250566686187,1
39.42473380823179,13.11308724938348,135.52254690345472,30.2653820734046,8.687395697125716,0.22941580747375667,0.4357236487849368,84.07830095259493,669.8073705677758,0.09076116624367904,45.306036005139234,1301.0520150207371,1
39.26002073579068,6.183448843094689,149.649725256968,36.07952493857851,0.0,10.337728650732098,0.8924310259899462,79.03109939851332,649.8993461353659,0.14743775959817512,60.947516328652256,1165.426960584483,2
36.09528151456502,15.597375613215503,133.05566084737276,49.8766755722621,24.373783251374228,7.78712083689642,0.8739919379708183,86.00766890439405,555.598483991686,0.16984926687995228,48.32598133168598,495.02592600204014,1
55.604184103806936,19.849090491320258,167.68112701880602,43.122875178773825,2.7656358685835016,2.179529683741123,0.586947282315802,78.85095303530245,701.2552082992953,0.11819721143190703,36.35570746254632,477.1375187124542,1
27.743221422473514,4.884120328311142,139.3094112787341,15.53396436547423,13.528334178714875,28.79314983395656,0.8102380808986002,58.32739633656708,663.2177107471956,0.16711699907160996,35.12419067497469,833.9513732604753,0
7.961254787268349,14.24422139664933,163.08019280298674,42.29618522735428,0.0,40.68771855120066,0.788352684624035,67.07929343240258,738.2036506224177,0.15840000470659166,29.460873123189238,496.20191146590656,1
47.646797976688546,5.520634465581455,123.41621736399861,36.34105636929752,17.586441576477647,17.423274953009468,0.6826098846299813,72.88742933399045,417.86897969240584,0.12750817716498677,49.69918358812713,1458.875588567374,1
24.965306259474918,7.433055778767682,113.86336995691549,33.82608281556682,4.931435676538219,28.541566653663793,0.6454716431071685,74.12776950617112,704.5290239651091,0.21987357030356164,35.41838207628675,370.99686871885945,0
31.186684887773364,11.167862329450173,145.42030042093901,34.72760564075329,1.7763426830184805,34.84625317690744,0.9091179676430682,78.57738759245865,952.5305971195501,0.13827786154495247,42.94711464730035,314.7297480938693,2
44.40505753346579,5.782715736942556,118.6298432392481,37.45462913703506,13.749091180335355,22.083317001827595,0.7703214256589228,66.93048124839973,888.8097069366808,0.15664243623390114,41.19173192930052,160.9335527501018,1
12.375145048351822,10.446557604301365,180.0,26.697358507837215,5.693388775656341,19.746869350849604,0.689981409885893,90.0,704.6003552813344,0.07665483753839351,40.260476148086816,873.6274244348331,0
16.231880644832465,7.9204774109016585,119.40393019010004,32.81178970970431,6.832568135222644,17.543120722579076,0.6304321543378814,73.97541690521685,1212.4836204449966,0.17595955360189025,40.32819593338817,1136.4602664143895,0
12.385942691692609,15.840773668274142,129.24626624658603,49.207269486702,13.546106536796586,25.375588822049735,0.791403285532242,74.92312203942163,584.5293390158683,0.12615531457952367,44.45887274165864,920.8782684928693,0
21.26450080972034,15.86898653805088,158.2723977094922,26.553130586893598,19.199905082709755,28.746940500325806,1.0233863851513492,68.29250892865626,682.6655914362724,0.19786054847376042,37.43719809172472,391.5866055649699,1
34.83600266618693,5.806314374223016,138.27272099875987,22.641344285898853,4.634395609154596,24.618049060391805,0.8654608163269664,64.96623239820065,409.897000605971,0.08444268822335689,42.17768768605417,1392.7992366403294,1
35.766066270940485,11.351921361833877,119.63224060264793,34.25951182551379,3.0792677340765024,24.27463075816867,0.7678331551655799,73.73696829431172,619.2729376781448,0.17153484754963605,33.78965713211645,631.0157545532114,1
33.03901597261409,17.540187047045592,180.0,21.433202518923828,12.211353000140473,19.487970987920452,0.8878678934050525,75.27550724189489,1057.5628258733962,0.05,38.85065128121148,297.1218771915727,2
14.45957527718397,3.74487984231352,129.96732393680853,14.326602542547938,16.85327322232274,4.070454749272233,1.120164703226872,74.13095903504653,626.9037635560949,0.18079340491903323,41.155294096687214,367.47785161594715,0
4.588862197040914,7.882341926232261,146.07484385006902,30.866393875102204,25.164796726745625,28.97716388756597,0.927891087739629,90.0,394.4337613687948,0.14125986796141438,32.57148311696902,713.4958206544115,1
30.597889439294207,10.99672731099104,145.8161495978794,52.38346261476708,2.358033615356687,7.153748803851521,0.8772442159460287,73.73690648622168,874.3997766589276,0.1699676754573744,50.177866682834164,862.1262539738385,1
24.810463629978308,3.599759673762585,164.20618303933156,34.536750849477286,9.138296088566573,26.193856420858214,0.9604764909371746,74.14070725562297,777.8420484417559,0.11999187401845564,38.81252596545648,942.028281968303,1
35.05324348888273,6.382824931295124,159.24704921342118,37.14292513337856,22.58207422567729,27.557366499929543,0.785236977965086,83.15295478477539,866.1292132050633,0.1025350450638817,41.31178619798144,202.53208142600408,1
37.72148988843397,25.929714293089084,133.46397924537987,9.438219702186494,29.757850825248468,8.595678955092737,0.8604949205692949,73.28934171070799,640.5897843514259,0.12827484426551505,44.54923227350639,1314.492399766914,1
31.520655752645503,5.618534023295556,143.48345565113385,40.25750590929137,3.0621810062212127,13.921992093948454,0.712429806746544,80.39339068730867,498.5752270795291,0.1596005996117606,41.01951263776203,571.002526913446,1
38.361463939134396,6.140639602026417,145.46155132916368,36.1203903357175,5.350692721740151,41.21474551389745,0.47887826930618316,62.209552616566384,663.2753393795557,0.17882853328304163,25.190689881506003,463.15558717998226,2
32.52132511526575,13.010954397963816,164.97918996397124,27.021022063527745,15.429900851488737,19.205177621306184,0.8954238875252156,62.28855478900679,810.9689972769107,0.16519218133899244,45.83992148080512,1062.595074350715,2
35.830711761616136,3.208459484754374,126.63356170282798,37.16060565682849,6.800311720262214,7.797863245654813,0.896269618575818,76.22058564455587,685.5346119846577,0.10316196007486556,54.19264523240065,958.9852099070071,2
22.24859410843129,8.015328503603246,180.0,37.04145940589552,5.166914209410426,28.008792397130406,0.7567031491805438,72.6838241442815,777.5910346564331,0.241883970896468,38.05047003077336,1489.948926433729,0
28.024274447853955,4.374338757498769,134.81633225081112,22.286144859704773,14.200235457320165,12.273247944268189,1.0478806350923886,66.90975218436948,592.6363424314859,0.16664070364597505,45.17271757885441,674.4945420048681,1
32.16453706322653,10.432041957803186,149.82501206486813,38.98224472135892,25.944779583657997,0.7947597754590454,0.6612472694104408,76.21851734024982,785.0193057862004,0.11888177457126989,40.18391242995291,356.54722751587195,1
39.025813229591606,0.2787116287294932,126.80021120613517,49.365625070325855,0.21465934410552556,25.19769548046467,0.4302954293897689,77.09100094174978,699.397212407947,0.1712110102583242,41.91059943204626,1461.8704558114198,1
25.668847105529707,9.403058830349307,124.03681976718767,32.2647022943178,25.48500697001562,10.833821842168716,0.6666345139118567,67.90103122828484,558.8252167620251,0.16279936395025857,36.06933869994934,774.8234734057552,0
35.73283981305324,11.217717941511472,132.51143181844753,24.588869570754706,6.827077032754007,23.211883422224382,0.480993353438563,69.81204175595738,727.9900310180353,0.14123333819310363,29.512474784857613,1026.1368302801134,1
27.07577328893083,6.516262505630608,130.5895356467149,32.86903916237926,15.112127291323787,11.873099618976358,0.8943679982079484,77.16616549442891,622.66157081105,0.13536056752342746,53.96502829565806,159.24116996275632,1
28.707036159390565,6.846957183882037,141.7148595169034,45.25535834077314,26.317656489916743,27.07204194269685,0.6545428686647634,64.78921548680371,823.4328935757059,0.1992435614369919,39.74083104805478,570.2403573857554,0
39.1247094622648,5.885886144204616,130.42069942472517,20.284173928432736,14.927912330719007,21.834983246059355,1.036631622349071,68.95967132558319,874.6313822464555,0.2363923815731392,43.099109550219964,1482.1147673716325,2
8.076335918404286,7.934456614246415,163.9110484258842,41.94269910541017,9.322580566207305,0.0,1.0320357365630812,80.33935140558667,800.3075583104081,0.05,47.10855444531735,1450.1290179687724,2
15.738804391177629,23.008120354654764,134.3403220936325,26.863826497754232,18.463580604252652,23.82012540704588,0.6165056994876114,74.76163970007653,373.0025176918434,0.21152677879915255,22.96307562523808,1477.811971605294,0
13.695960628128972,16.1810245915147,132.1236901309617,37.90475697655685,10.441504179008035,17.102686715696098,0.6422164900838309,70.2279715604412,507.0458492474612,0.15099647617033085,25.481879774731723,1253.5033397217542,0
4.330222681668648,7.928538494785457,142.14062271765462,28.228024699453236,16.69215944635153,34.16717642190805,0.9375767235904034,65.96930681017945,572.6846267119448,0.16183452719138122,27.961289423132076,800.7121129092899,1
22.539091158293054,6.384650825368628,169.85677757392588,28.19579653902127,10.157871014599625,23.952078490158513,1.0355647519185578,64.86788648227602,540.7371911338475,0.21758211650417486,34.8981106543862,900.8270238098063,1
38.243772897005144,15.153054749607392,154.29752347220798,53.277138994820575,19.750376072901346,27.56157843753015,0.37722346544291174,73.68244518529532,591.430605001004,0.05,31.59410540923822,204.79389952551458,1
26.86627526979168,9.9462591101608,148.0062094022506,18.0909609135981,0.0,12.89459198979075,0.8819675914065028,90.0,885.0496948135001,0.19073947046271872,53.6471069987991,1210.5845976718385,1
32.175690901360376,3.5183698165625783,121.33910460062643,40.82439413054653,2.878305383156917,12.099322491820367,0.3365300695744817,80.65786642407897,839.7308877077758,0.21412485308672102,34.76166712992974,1148.6995214335384,1
41.98139246381872,7.237369912903947,127.14583080272581,55.77589293105544,0.0,19.743506689394348,0.6993264558222724,61.671357571052475,615.2297340526741,0.11556916296749252,38.00300782308243,1091.616209926865,1
44.60454745494461,21.40487419902833,124.43180119920753,43.226263117673874,11.492135137232944,16.393838732061507,1.060604497737171,82.07216167398957,818.3587319983293,0.08030234834732078,48.81580896279759,635.5925803299872,2
29.239482718012464,12.650133814244063,176.13702447344693,19.026835771529818,0.0,33.380090522100815,1.4821494293522595,67.41113392102389,765.7684104930962,0.23199644080901644,23.248333822740705,472.1885597727161,1
44.88944478526337,6.44091947199866,160.61126246263296,19.621033893015134,5.773515824398626,18.466809412766725,0.7674587564872272,74.95142623393369,693.4282377992287,0.062180413209916144,47.94006709302127,1233.886088022044,1
31.0133932427752,2.215175746398315,132.7675898215161,25.980495480243185,2.0324225588807288,7.751782500162715,0.5456345067585899,69.11139395516234,929.6449405210064,0.1709324897689911,40.378562092373386,1464.352518895664,1
20.788619537897915,10.393999301056576,138.7125671234869,36.894894938238494,25.317086065849416,11.724190863113392,0.7070317216286853,90.0,567.7407385153184,0.20115541731956976,44.59413412226093,692.8775288226326,0
23.461596125813912,8.900872544892064,133.49419647525332,37.711312329068626,3.0838768304174486,29.650510846140044,0.8345353313688669,63.658920882850865,710.5519074526843,0.16982995026248013,42.32948355111264,177.72094362318373,0
13.71409836178482,7.741262989258423,132.28277567238584,19.739641348403687,0.4210886736899191,18.327426557370732,0.6725469273014473,78.13612256135461,489.8279795329196,0.17823162949967264,28.37573484528738,1361.0177178900365,0
20.230527608929826,15.269966966717021,159.2060206243236,24.5269104986364,14.235046803891926,17.792882320502386,0.6165387912844429,68.1467619574875,499.41410904269645,0.1367490197712665,36.63968557539276,1065.221029830307,0
26.061816431181278,12.760880744390677,144.24927558431375,25.262210156239757,27.18139039105494,30.601875692177963,0.7260929985760843,82.38828079376587,427.846995022499,0.17313603459412097,30.652457304703024,1039.9908600216181,0
38.83943521316462,2.2932811757791107,180.0,32.83103830262129,10.955396286788835,10.852368111344582,0.9070269985695533,77.93453820062874,502.8285697737533,0.1145765702073176,40.40324333983759,1421.9610625953524,2
48.92846814282582,8.938205755303926,175.00719649033996,58.816345487492896,11.651526241706422,0.0,0.7827300334076037,87.54552646152024,716.6201122310971,0.1210527773202703,60.02684459307945,1038.6949750972335,1
14.79600333085256,2.8988051123500473,176.18960680933444,23.80175521251863,23.616817149706286,11.471333536433578,0.6260473839795327,82.18117794655844,639.5031641516144,0.1517772882085985,35.12289269724028,964.5132886893357,0
34.321102150859105,5.9665076511661415,163.42713949896253,23.276506002370542,19.904064043948015,22.42089088546341,0.6725862500691253,68.0646613112649,646.0257419186835,0.07300780674244743,36.17649213431705,1094.155272152245,1
18.55401666926712,2.6946427793162115,141.54681858985623,21.40231645827387,15.828734861507032,17.504884796619105,0.7289511190725048,90.0,640.1673763616268,0.17885200566309267,43.23444026373684,777.5217108972706,0
35.22166797309522,2.7897348095264833,161.9558176905917,42.62653485490678,6.758933444398259,4.395703799155672,0.6001261925314721,80.55426133651072,1054.5485250117488,0.05,50.28095785568148,501.7805881246862,1
28.558046842435008,11.32821005709795,143.02334610942685,34.503900843738776,16.103621156579514,30.160595313515508,0.6644281007946917,69.49338051171489,472.5639702405741,0.16814077326866403,33.945626505646736,452.50277371935834,0
9.860035915677166,10.536832878260366,180.0,24.2452814219605,0.0,21.634969460844484,0.9615999201328229,77.0554039284622,451.1813360535193,0.1728435975436815,41.43494213838785,1116.7432067509064,1
40.211266907253325,8.447046892049633,158.0855876609984,30.646452994660017,6.386920055466619,23.89014694713492,0.769329388530392,81.30833626769292,530.9154814853131,0.11027398117761017,43.30779786108181,439.65271316286,1
23.34499215910396,5.553006245831179,155.2472071720603,25.501876388507583,24.883163858597246,24.1961025978337,0.4342328690015159,80.92794478935238,685.6210330710021,0.08830169305045318,33.67935284898818,1403.6178879265303,0
24.127097377890898,2.5045464038561525,152.5414532485902,38.550695374270944,23.717934162670094,7.014757541501048,1.0454887137942943,79.96028097616778,802.9542625174108,0.12959151389817514,42.23004470977138,664.1984738684056,1
18.232723475813412,5.989130261794306,180.0,67.21251928155603,15.937362294018383,23.028789164294906,0.9116783603527158,84.6648215392137,823.7175227770937,0.18198386343742834,69.53703922610248,986.9963467068296,1
22.80288395643689,10.57091759071837,121.3249933232643,41.61037286830684,0.0,29.074537832020063,0.5157107479756164,83.68171009602631,888.9276632739576,0.1672849557695091,30.64930741670448,159.91915375400566,0
34.70679484764409,10.396616906519764,180.0,33.884137818711636,1.1260062481516488,31.403102303706543,0.7396166186549427,66.52433833763902,678.3522267915616,0.09442334455549964,34.8771704124479,728.5154818812895,1
27.91831224969954,21.109825801251304,146.27692385091726,27.02029415014457,5.884748142473381,27.212633250129524,0.6457382576072865,90.0,620.7357760186392,0.15528405469889775,35.28587606342639,659.3854540628854,0
33.61528202510729,19.126255762306098,121.87702048368698,18.879199017381804,10.454708717951545,25.131296585920246,0.9689192559975189,90.0,1026.692138990461,0.16309783941054526,61.801399505100555,1156.521209279255,2
33.98114039321728,8.701015879000401,134.95580536713888,43.804276776836424,0.7462996454463333,2.625787352295859,0.7382365102695159,83.0096489523987,143.15832461069544,0.16097850400817693,37.47162156412787,177.58784741272484,1
44.52727821080984,5.9384890755931385,116.98385474552835,43.15225014039584,9.783176487759913,19.850653472225297,0.8039898665450884,75.3869671755062,712.5518044888295,0.10067043415402326,50.25795494979774,663.293371125076,0
26.22935234049183,4.471197935253416,163.0731349117128,29.406788039710328,27.9056571433982,10.434256505635537,0.7783772276347034,75.5588588271139,786.0013888987885,0.15778513651195647,39.68750739500384,1301.3870706199643,0
13.75456401469695,2.134048802594817,129.23414099306962,49.56000779531142,15.607522891728054,32.821678819463585,0.49437040346041355,71.76235605205356,1074.736800475383,0.19588725059459708,30.972929103360222,1035.8982231160248,0
41.73944658229181,3.2053425672497466,153.373353324094,35.25328326662102,13.969439660649329,31.3037949237705,1.1291871569505743,73.05615775038508,367.88676562895074,0.17684808595875315,42.66145595268713,1188.3949325340668,2
26.353630106930197,10.582207256329092,172.68434060331697,44.29712882474162,2.842001228833606,10.494711892798067,0.9657126125803743,53.13215585101959,615.9724723141287,0.170573995745372,37.701558598818714,1168.574299130541,1
42.26051689035115,13.383204103330904,136.55966142867726,38.554364024396136,0.0,19.540218162939844,0.655575607769029,90.0,428.47795977765486,0.23213412838519523,44.06124180279606,1026.7242801509371,1
34.217148245007174,6.929060956922788,144.63792613951216,32.87436944146834,0.9462321701126566,22.48509443507107,0.8622096226189753,86.77453641628823,340.3447264847458,0.1583895564519391,44.729133795166405,647.8155953696273,1
28.557487167763206,36.19837159484358,123.93266780167968,23.541384664310158,0.0,29.007912574890337,1.0343059412664253,58.233132075675925,659.0948614747152,0.10790454645271863,46.35599249761802,659.1505732218149,1
33.836534834509244,3.234470765500798,142.23285782097605,33.25356089164794,12.675317360173581,3.2438175013254664,0.8322630228066701,83.89987914869444,866.6187515224815,0.10806290772685515,44.61487150363791,171.65494200491077,1
51.46113816138929,1.9248558365718584,180.0,45.10460802673816,15.454972239666233,0.0,1.1624859210669798,74.92285392118069,941.1939176662203,0.1588013588471198,56.75372690399984,372.99892884750324,2
52.84678581959128,35.789721704538735,165.55866328220884,28.902378657206874,3.31239042462588,20.381485108408214,1.4619271852219171,73.00953860684331,593.625438477152,0.07812283147278247,39.05033449992995,881.3226175391302,2
30.763192486460564,2.3856671204397486,144.7053916221279,40.27689674723814,13.331274059182327,0.0,0.7922532180994957,79.92841508564076,833.3052481063178,0.13445085636351412,49.608066133283565,1353.1111765502055,1
31.762096526487827,6.854846877463868,137.7662392763657,22.00716941571196,25.22094434609055,21.585724098120643,0.6918434565310098,57.57212810662883,660.4562603336047,0.17320868258149424,45.491730316212504,957.1200175102666,1
41.83864173213024,4.7965832689514345,149.14733208687133,44.3607000335643,29.619276081125133,25.922077735827422,0.6023299645554406,74.88750817812205,811.3147558245035,0.20855725013840326,42.61448272843689,641.8670376534934,1
20.69772863955918,11.153286745158702,152.6010150438728,38.75529603787954,18.933693156742965,32.36079908327773,0.33301358291903665,75.79481176798367,930.895049531845,0.07279931263663716,19.045638712759178,1264.7079392328023,0
33.66377409880081,6.454782617999982,141.61860585708484,20.574670893961986,10.42643546437491,13.774317487440072,1.0945919113189218,75.80448964566185,661.1539121301496,0.15495388094843876,42.36156260469199,728.277882395475,2
29.71550867250758,13.412499669192076,160.60118391542258,32.31182571774065,18.642938194886298,21.611816461351562,0.742231361786078,61.32510601627723,915.3948764850013,0.14658819432906617,39.07508087597748,463.83394899753495,0
33.45299032603309,15.48351960623062,130.9310501987918,46.177290911820435,24.166289853101652,26.515098396603243,1.0125782644434145,79.4691596437567,457.39454242913075,0.15187528505412634,44.52974013796742,212.1019774620629,2
20.832943134556537,2.112659070453136,130.83224650031462,19.89160951216131,0.0,8.242799915856425,1.0568194775955404,85.59814996062086,831.302103393807,0.15707827527930845,42.67873461838498,1259.9709656479808,1
12.51475757360134,4.3458754357968274,157.40390914100408,22.14859713650079,25.338621340167744,29.153477977515983,0.5821865494151752,79.07331464086603,906.7346545576968,0.14841665014454122,26.003726404264356,962.3684905071681,0
7.197182204095789,14.220933532669797,126.62716492871205,34.16603654256208,7.098718614662437,22.7434232522765,0.6152208771560581,72.70812088821725,886.041841324624,0.21961044752660308,44.07316625270255,913.1486246602317,0
17.708774757114313,17.632710411945986,164.58034505725078,60.59996876518633,7.185333405562588,13.9455366929419,1.2038311156790953,90.0,462.9957375351006,0.2121998358214391,46.366653258533674,1108.9382134973598,1
24.954571865667337,9.754021309689652,149.71438775206133,26.929062991526024,8.80564824672674,21.41380572225596,0.8045856670454076,65.75425214408064,658.837800112263,0.2571644594285211,35.185366018543796,947.0565080981102,0
26.77489254686362,11.748016760648825,113.44181562565572,40.94328799502595,14.880757248981798,18.606655148202606,0.6747367418338851,82.73451300470754,760.4350260446028,0.1494713900284388,53.299844669436766,590.7373482008948,0
51.309542786724684,22.007960764076525,152.18998251121894,38.121624891216214,1.998711716711103,27.80073950247865,0.5900618751210724,77.4327370568069,788.6104880802786,0.1294655270256099,40.33479899407993,964.6139655548104,1
42.16592706898028,6.519151643973857,116.29706750822011,27.925761196813475,9.436673687781436,16.395399098530675,0.7888797283117552,90.0,723.1751898735788,0.10161189959051889,51.606810168689066,296.058873871428,1
19.4169977202421,9.675959930642051,163.86724019311322,36.9336002214185,16.727494858481016,22.270904933788593,1.1517367726152208,78.86749815914709,985.8372564169696,0.12402808876741951,38.9817263232288,514.6445023508511,1
33.824792976960524,19.140496808876566,145.02571341498808,29.625984054860538,13.967141243465935,13.790683818466874,0.9707963559878877,81.01155244995063,440.87079786598196,0.18572855663774795,48.402671416728474,852.238912447805,1
25.522139400146422,19.94790244441621,180.0,30.706342518601858,15.427330629253223,10.621571613082674,0.8599877161883747,80.05716981564258,651.9498332033661,0.19342625442302888,37.803210836909706,196.80860944282423,0
26.871997781558953,7.980484005565498,171.42625688745215,15.064737166722402,9.084281588568935,21.715327919098485,1.1694746075900306,64.41677471142263,362.4455799922206,0.1837757372317374,32.74399352268998,1250.4969874046242,1
32.0385821435692,4.46635720730531,128.7861498753635,34.70676518160414,18.24338957216392,11.032323329814306,1.1270705362935114,66.3111954662613,824.2497620407789,0.11677661588937574,55.03586693722548,162.4946532798819,2
36.810882286729324,7.913322565952255,109.58520272317165,45.78912207947061,21.5077450980257,28.005802914488232,0.8935068863589553,72.2433212336932,810.9238894880568,0.11704625462723256,48.04521020262974,621.3129282915896,2
26.268156677275833,8.502043950653823,134.8979748641725,35.689109297356225,20.9679538094644,25.922325321771236,1.4307463246579495,84.57382817479203,1369.7206731432518,0.24782320220552662,36.257168723424314,736.1529964784024,1
41.702366860077944,4.327803498003208,125.57482794339258,48.086093129869155,15.848492095588222,12.348855436561129,0.7655669057694281,77.33096738691283,905.2719316771664,0.10840035077789589,52.03390836686227,1052.9895620581074,1
17.438679512433556,4.897107755319739,180.0,41.963929351340205,20.450033478513113,22.137804318731824,1.0615662693750225,72.93265113310109,766.273028230671,0.22082623333124174,45.35701214145948,316.81715974320184,1
30.069729685984953,19.96650521508244,149.79370681439698,34.28550432403736,19.839545257032576,12.303000996659835,0.733540746890732,88.72199801115335,750.9790151347673,0.17022880241126287,50.506013070104814,1249.9152440837486,1
58.57441099255416,12.135778907552343,168.66837608366333,27.464893363918176,36.088571160157315,3.956871941983241,1.0186266560122725,55.17570239187894,636.6778178747109,0.11337005304480959,56.6904249750807,696.5554254428482,2
32.45387716887802,6.881161687634724,144.29938174898828,29.164835415663152,22.962603630438373,14.027748325529632,0.7653548196157491,62.041798698389606,726.0975387929022,0.09077572199620831,46.6948569015164,451.6099659013238,1
45.765359572667904,3.4201834526559467,146.4066502343871,17.353874312754545,11.201302770282467,19.496831707272896,0.9215010295017447,50.03400204936949,755.2497923187759,0.11555402923287836,39.749371208383124,237.6701210185019,2
31.00672195990529,4.946595524822989,149.34745954982182,31.795053318820088,3.7948864138781744,25.214087249135336,1.3458299001741612,87.08310504910064,307.04813240448897,0.17088158070174067,31.892976212952906,1395.438454100561,2
36.38854804862776,1.7664878238892368,172.13078637184893,36.751985102769844,9.649737707168004,21.49479930470339,1.0294073963038803,74.03273855426954,739.3827181013997,0.10451860029796006,42.33597294262441,664.7377617334392,2
29.37538486168039,9.941218442333739,156.23249511349198,55.5850531735908,9.013936299600186,29.076746150282286,0.9249050447917673,84.66291778692792,720.2019136749483,0.2277205180856683,46.952732683193,633.8680640471234,1
28.125516607193752,4.720865602933301,128.8533231304667,41.33984387934652,16.60280310953281,10.18833828583426,0.6495653857207538,73.90741666967625,1050.8026553452305,0.13960697656996113,48.29889650707993,352.34133833264195,0
21.425693636020384,10.519252779374469,180.0,24.62175223834428,5.697693793296306,16.233016120878403,0.8614103149907097,85.2318366852696,673.665648039503,0.18502232292051382,35.15282210254593,808.8736175380669,0
34.733314948533085,14.120527556112304,144.14369002027374,17.72758069377433,22.729594543683632,36.44366701766325,0.5982394496536062,73.73247683825933,546.8909292340951,0.18098555458190602,25.97193928245619,547.8372197315971,2
20.633090918956555,10.630460806588513,140.88959752246703,32.52137495354513,0.0,0.6891994704917508,1.015134796612147,79.09911425097886,753.7064164159931,0.2310950390315963,50.814925394143316,332.29242723103226,1
37.32143759944772,6.231976993964857,93.4098939550193,44.741173361932994,0.0,15.480456940740055,1.0096130807317647,77.63513490811269,714.8696143762609,0.12810148255928883,48.43016501242796,1154.0182705338798,2
41.93815704890501,4.138577064348358,162.68799182322675,32.35260395966735,10.783955928671858,9.285060522373513,0.7804802018990101,78.37707289887967,673.8798753753292,0.1553041133639379,48.60657887761216,1357.572002579361,1
34.03184547960953,2.979967825106999,152.02025279323766,41.50381010006714,4.416968557240396,18.04601595745921,1.1859770371144158,90.0,444.2022378406782,0.07993027532380012,41.087987101910244,593.2119284016612,2
26.85126393088739,18.689850609311385,151.99851313203806,32.82649460897374,0.6758953141413304,15.655525125638833,1.1550371352613982,58.755754867593296,668.7961002381307,0.1551574109194917,39.43576245703396,501.0931942757515,1
34.99362137239566,10.300104765192323,141.94350657778364,43.60400521658719,6.266370404956417,26.02155438090083,0.8529222516581096,74.31616644127277,584.1616255531972,0.20700057815396314,39.54386089341266,622.7392821148832,1
26.60459638898946,6.51596497088478,138.49564319734435,15.832903727532067,5.146627538289694,22.555206594095047,0.944412446763984,76.97987214178029,656.7037002175338,0.1609735846006781,30.596468236406373,1394.7687290689578,1
40.29101838011664,12.853628793230985,142.6083914633914,54.2501854417532,12.091208981107972,6.943824280897196,0.6905394120529575,75.48287014030316,846.4306446382199,0.26563347698039436,55.389053776993485,917.0485944536529,1
9.85453307363364,16.71785495324362,159.26321742254558,21.65019862131547,6.415762905171649,14.118379268209127,0.7601202839947505,71.0211477944661,565.0971321508283,0.17598549576854744,27.723498934181293,332.276514383368,0
26.30831895069489,4.80414646418296,162.78235546066702,44.52478795675733,7.147790775749348,19.998829508743135,0.582838302928014,69.6528371558979,655.7535034000915,0.12297937983243384,34.993340658996324,985.4793601875647,0
8.101068053636023,10.076944232874911,145.37936823250803,31.733792063972537,11.956208536008363,27.393808840390143,0.7147658622613804,90.0,808.2409933882977,0.17278823740030855,34.18460577786369,661.7600971812782,0
13.554330867500745,10.225050856802994,168.97874988633518,33.610065195597194,21.12817413661882,44.32956284679926,0.7970344498637221,74.29278911449033,646.1195431755131,0.07683025986688019,34.92675075822724,124.37250750979345,1
45.002484527953,21.388997686203894,148.42051637965045,32.10677712835822,25.236709189399114,27.02795788955417,0.45471920573588964,90.0,1221.8371974398979,0.11005095296548148,50.023552996451045,1457.9020969177827,1
39.847034801688544,6.4444301774014034,139.91547163752688,38.06725502061792,13.329908062356582,9.875000794505144,0.9468990744991469,80.28274986374849,749.7733001826109,0.08914953973570708,54.98615125168855,260.854536351777,2
22.085717433867305,4.009983340810395,153.96831149814727,40.49029451937074,14.029888068934682,19.061547446008035,1.0448682195157803,72.10344434224315,451.6205935448326,0.1508055444578812,37.38976255476148,678.8952383714939,1
13.472461983550133,10.892161736098727,122.8122716301228,47.70033814187682,10.35131684433743,21.80976195033809,0.8182580983199486,80.52678840464634,532.1394513847138,0.146973841082516,38.71321039468046,1020.6939594779219,0
0.0,13.600610299076543,154.65436618158498,51.89538659116854,16.331237580531706,14.806091296564787,0.3,76.08932870437714,512.0130422825331,0.21025548251348286,26.75609736687412,920.4327049896241,0
24.02154941274102,9.486271628414983,119.15635788947256,38.98185856132043,15.51197424525725,24.702578059345438,0.7643415918286786,88.4199926693939,534.9947427301939,0.14504657558907538,48.360060359872676,105.90554917580897,0
56.62456513472142,22.35841629239441,129.44546080032472,55.564090870019655,23.93262914779571,0.0,0.5134550332791543,63.322776806095185,807.3956236438836,0.0998740106628418,50.69035166285441,951.0396510141923,1
34.78372698610012,6.4283871254836855,109.62617186566752,36.11567051386974,0.0,25.531496213279993,0.6858838128419146,56.988140165854205,478.69810873984727,0.22796588578439966,27.587783831605556,1118.1800158578096,1
23.844704853455617,9.65920442314907,146.49766094657,47.92928434703509,9.88952030659013,15.236125775695275,1.1394259861382754,78.60981010483331,633.7588487329543,0.05,46.20026438169345,1289.0512599423907,1
35.11588230450337,2.2856637967620856,180.0,40.144636074873766,15.052708822148794,18.90294768304475,0.3,83.3569589806094,928.5493816521366,0.15192327794564287,38.48171038769771,357.5201421551204,1
12.82945811706113,3.8174540507388315,147.6584667783713,28.40954442289561,11.763444382120998,34.657229390265,0.6404002445247812,77.8590544961793,596.0455690895483,0.16088037457482696,19.466073091553348,151.45802102395032,0
26.72944301032601,4.830035118984892,162.87170758866256,37.17480985255813,3.547442711134991,7.384828243910778,1.0025053146080762,81.72475178969091,834.2973125619266,0.1494856230915447,42.30599761285612,1422.1319012740591,1
31.094252203173124,7.289770578931677,180.0,41.0380625301095,0.3056998868357024,22.727192786038305,0.6655762536992946,80.25436862720252,363.40594923793384,0.175004594019509,36.371926604856135,1052.6006104872345,1
29.052892829968467,2.665448591096375,158.08111696240192,34.613622423168714,19.256901834259757,27.939215790064473,0.6487453610221764,60.195998046703295,625.8769891752016,0.1555345108940349,32.52740371901721,736.9485401993394,0
38.69886733859089,12.727902633713352,134.69575910823954,39.954278215970675,5.187667346432267,21.703364582863006,1.267129357093656,77.81239703806517,522.810922511841,0.17498299849804977,40.419191191928554,1115.0711054046096,2
33.79109748859658,4.476674473584683,137.44862794528325,45.384355511922735,0.0,3.8580769447982384,0.9032452265503152,88.16780663571431,759.9541913184597,0.1198890352113497,58.57043083846683,319.9123370118333,2
37.35158619918796,32.110046437621655,150.01316416446014,34.719522296049284,19.709155740089084,33.50396627301327,1.0255465304270346,76.71766954811314,493.04437445826045,0.07704737978046755,38.37253918684244,1441.757329984027,2
22.427904895461644,4.61189918719426,137.3421070947815,0.0,16.130846104014587,17.88645949593644,0.9288273379323282,61.90041805045185,1113.9313760436785,0.14768233574153183,32.252631368972544,1015.9420277448477,1
39.87596949251603,8.942607380154863,138.83826000373136,55.13924181792045,10.95713312287588,14.724591499219716,0.8555734261517312,71.66142881905151,372.12302118303154,0.09867376619956161,41.04067975346981,1327.7332024982106,1
47.91830642386391,8.132573717809375,169.7050781851898,31.428902837356055,3.769035665150742,16.895171178070804,1.098085480193867,80.56756729713229,927.1562287757483,0.1135737579139543,50.695395439739116,879.3917163882411,2
19.328355283834462,3.536053379604752,170.52312561544426,25.120637350012426,10.979027009665554,16.178536089944167,1.239176252982803,90.0,875.6554171208497,0.20807406205100792,43.047504428144144,1221.1266245479612,1
20.235347787139844,7.311408165079482,117.06215035902673,21.510676452166187,22.94028840467285,8.098203272502237,0.44962627658565807,55.43653918822726,761.9722313060006,0.22789988977573802,23.338438930215467,558.744819821946,0
44.693627699522565,7.242142951922345,133.63660964199562,30.96264917199626,0.0,21.649505860773182,0.8122301816388496,78.61232119102145,710.8866507023981,0.2071353053615197,35.75990420306788,286.3064770633823,1
27.895216146354336,15.493823320416965,140.71991226173213,28.247026024196217,0.0,14.027669920859992,0.8104962753523458,65.67792443369882,1070.991734131315,0.19786907853531605,31.590514139578556,595.3489414915703,0
45.44203531273213,11.184124522958147,161.98177892330503,26.155886433383706,6.350112093788305,26.708882721498295,0.7255590082313054,80.0772709633875,1194.1927778822442,0.15299755745972524,50.96109637741283,1355.6944632319326,1
25.13210716918598,12.598543429200573,172.8615117701131,26.814484761865124,11.760206818861155,25.175954936151804,1.0358333384841563,80.87831258978542,658.5466623454436,0.20077219869370486,37.09871552793606,1077.328138258973,1
46.00550133897782,15.264658782864213,180.0,41.35691388871787,7.533372919045975,36.2566941176381,0.8765152901541926,72.66852783370604,731.5538747568289,0.1677809475619145,36.50740086579969,738.7382080989701,2
31.446343984859976,12.74055951446563,140.68653407434678,59.364361292037216,17.785349176503175,17.883668566273194,1.2436040301774114,81.31599202291301,589.51995644941,0.24737452240622695,49.61206224906533,429.29657058159864,2
32.84051705654965,10.016509220313106,141.68542571315942,44.84685917617882,21.799505500035124,11.967502489551835,1.0620586100451426,86.39895716484214,466.142520415062,0.10409494160340407,56.26299273966044,937.2625273072559,2
47.211898238368946,4.793107172893784,161.77140031275428,48.47117821705484,14.50891897146721,5.3025766484728525,1.120234536313541,73.35428294576445,792.622550852915,0.18363041845969483,54.00343088062164,930.0645029827052,2
26.020524748114116,9.560186905978625,136.3556656209028,30.47107962263913,17.043891093804937,41.93343386074813,0.5561838716030285,61.62839732835017,749.9244805970752,0.08678536886753606,29.975935144703534,843.2883787109765,1
19.647656944825457,4.065383425771966,147.18076277018966,36.25598438660693,14.448895968213051,26.621079965161336,0.6426610967162483,89.25572821077739,377.95574272299126,0.1839174380066388,35.330878545805106,1132.9252418670924,0
25.0657937116881,7.7411809998535555,141.6992378243291,40.117788850763446,12.085572818237862,13.075800788202088,0.6607878799286498,83.28694859040978,791.2003970379326,0.0640447075101462,31.666952423110153,439.9385995633897,0
34.97567345707453,6.994710478922993,97.56692156191642,27.08530527628676,0.3579717016677435,36.93155089267136,1.1110861364950988,80.63756431645642,756.6279706112,0.08932285817459051,47.74133759101869,815.3848739699198,2
12.776650206014342,7.340879103387125,152.4646646030309,29.891239153410595,2.7480746315763476,33.56162383886032,0.6072212170510021,68.09033350881248,579.7510624916815,0.08586880916367225,32.71896349018838,531.7686109906002,0
37.012179929162336,2.691208000578092,146.3527808139442,45.25462349999692,0.0,6.487224975448626,0.6136544431736324,84.85435874294113,566.6954678242341,0.16260660005289013,53.97102917002046,387.84076946784853,1
24.073515506204824,0.2874799747228573,175.424621005138,48.08351306120131,10.663456845350245,12.46525124916028,0.5733018081718777,90.0,784.7559534820413,0.16772625786181378,42.075800636105114,565.8940061724574,0
42.625939268069196,6.031471170843874,150.1098081507271,35.8089232341831,14.09050228128935,18.6767515483963,1.4256659881533258,73.78689669751243,1021.776331036129,0.27252394973672706,39.75986073987701,1224.1269086956675,2
3.663136646094813,17.723224261403672,124.90505043371655,20.658113830655285,0.0,9.299149039980378,0.7887089798734527,75.94492699790511,779.6791259310805,0.14543547427712245,41.80213255896918,259.4427245717321,0
21.347776473854147,8.846066807113727,144.83802254040953,31.452896201388103,12.653355423918068,19.03420537089146,0.9365753636429941,64.34809346303629,856.0968502505522,0.18862698527377242,44.17884793824491,485.67375989582587,1
11.44885033642488,16.867479689504975,108.17834313726743,17.704026385929538,4.123053045658121,27.11961946439788,0.5690641900410554,67.80457998449107,533.5607212720282,0.15804350300833386,27.763653912711284,846.2351013562726,0
20.911475869996522,4.088775219620194,125.78164329600715,35.902428918016724,2.3772059081682695,6.267391416777066,1.0310368479823953,64.25430613617033,617.1455220847649,0.18444490299828234,38.54679608383786,661.3556231582359,1
32.72432491219838,5.796929035519659,162.71011936305996,38.064837335257025,6.371855250953621,22.93000547973937,0.42979334244665285,76.30822529896551,821.6033545772101,0.1571831741220234,38.43035334283713,1258.7457130776904,1
28.028507120052694,33.35845680738268,145.05319120092673,31.751474947546683,1.915711514894582,31.684979754327053,0.6046193960559023,71.5922104727514,428.331023070187,0.20498084361209223,24.807322710575207,1190.9382024079614,0
27.212846741571838,4.304957536854792,168.45016478996132,37.90053466859845,17.459932061633577,24.00220239270522,0.65909774211616,78.72800256662667,741.4403396607019,0.09736632422053901,39.67929385841563,1049.086483212144,0
28.248966414819332,12.428064732907567,110.66215498243905,40.00281486900607,10.487960237559653,19.243836452199083,0.8681517384718203,66.08099162592484,798.6846066394912,0.05,41.57685512505101,495.4969824923126,0
32.237270646819375,12.414505657100394,145.15077205352495,38.082344514885484,19.33692651288829,13.318982404237438,0.6455218909008176,73.32443450234189,692.293180007685,0.17087015610395007,52.28965660289815,129.70637930097226,1
18.906103538625814,11.478649795757008,140.4897500322443,20.581636492436843,8.008532831043572,28.30841872099351,1.1552795822410467,65.46463774957883,763.8744064876535,0.0597461332370338,37.1584909446344,539.4671532269092,1
37.775346049889556,12.537803156539525,169.1169716522641,31.960828093847667,8.34882544304683,8.230798879519645,0.9307091049738133,76.875715776978,711.5639695567545,0.21558691648993095,38.324727732930754,941.3393407219639,2
37.289325674240324,4.252111855433862,163.45525536333244,39.918115739195215,28.8604437673211,22.427918110951225,0.6682872462614576,58.67675700053499,575.5676794544339,0.1225940474451638,35.951912046888566,242.0265156809644,1
34.23541731421711,6.263144233589508,162.84504300176596,53.94454125567199,0.0,20.255157330533155,1.03947575695507,76.51578307654789,464.37864675089475,0.09808815986218408,49.07788094181373,1253.015143621748,2
36.1218678702639,0.44127136806518763,180.0,31.73689099713563,23.560331190777294,31.25611026209709,0.7334773943199272,72.21269721213496,681.9373301404174,0.28502600393132166,36.560732067727926,1481.2352061770282,1
33.26059800889526,21.86411141992053,142.63825781426868,41.61008240537732,26.890716338812442,14.172512389311098,0.6901039398071752,76.8096408892249,960.9012006787204,0.1490774992691061,41.525433080245456,1132.5849685201517,1
52.385806330041746,12.485585512253616,176.7016167060144,45.537822943085885,18.892357466353495,15.022641881068827,1.0170794424489646,58.477333267420825,904.8761461854252,0.13949470698570582,57.140337330404364,680.4575689099694,2
29.041964118422392,4.834705376638172,129.11587698240527,32.64046761952928,9.02576577566078,7.581351293685767,0.3,81.547156739355,630.9335408994457,0.18739876971550148,28.58835838838159,1216.1057397351137,0
26.622084598319656,4.127605578777263,128.38244500468613,48.78089296984808,24.842118645657674,24.37284274600409,0.981659754680316,72.01257107406425,626.7791122739393,0.19077320613471052,47.99207246889119,481.63522614034156,1
21.711196616068843,17.929687618365463,165.05493142996679,49.42608597717076,9.10414776099001,15.761841569677513,0.6631191452729951,77.17112715361858,612.057522112604,0.20695633426961296,34.33093362465172,1435.754073172035,0
18.645110623643795,4.554751788790289,119.90518523182396,51.564616808734286,5.647929728603509,11.379260227301486,0.6627863931964781,56.29925738922788,612.0832261621711,0.08335132499786643,31.94579627130688,613.2528780447625,0
16.310810336388172,4.8220854037396945,161.45531256837916,40.50118602782638,8.505584902275025,12.331837333227181,1.250790125682999,62.57266723766065,757.5498846204381,0.17680533908683663,42.01285967855911,1065.851019740107,1
20.2232295544599,3.401637987080904,152.02626387442652,63.32164699589043,6.868256347933159,25.37105496462909,0.7031331902106419,71.09845838888259,911.4962790732807,0.13534069777962404,46.21372093330247,126.4826143747231,0
29.222515801827214,14.143597667478911,171.43705457309744,27.616602646827907,3.480391875723761,8.970395002769362,1.030301219207726,88.75500138510142,1152.5618469930482,0.10394857612227199,56.03355478477091,983.0063580076154,1
33.67724641347486,16.701465863029778,148.81112070090222,60.48893103414728,21.990070506980683,9.85834035020317,0.8814338404163051,80.27271348430095,534.0304958961327,0.15240564240010598,50.13179987055726,514.4397279917505,2
30.56256264407378,7.02772210651887,151.12097892591055,44.219593863901196,5.038964826403948,28.96361425517383,0.904258025576906,76.29875041390437,830.2360693828216,0.05943788981040925,47.361289120980565,242.97566974916748,2
21.57911194827316,16.77456462226562,160.18529985849813,51.08464799632062,11.733177099707643,18.338794241705276,0.764880703278042,65.75691834051399,808.4668806012107,0.1961465493514617,37.58030940970916,706.9592375065798,0
39.9020302042196,10.801139382267513,136.74700899880443,31.159546945499468,0.0,29.554450859843072,0.7534025894845624,63.93735050401261,634.0507161045912,0.1354662035730717,30.246487560806774,248.1960476174495,1
38.13353939531042,3.2175234507245976,135.87587385019557,45.133696435565156,12.277296135742725,16.406441846908344,1.1561574458356163,77.76655190965464,494.79815018942793,0.1261249521998487,48.402056474735126,359.0875252470723,2
28.243868618357812,20.826300778391456,159.48858879686838,52.12368996397235,1.5966656019953476,19.98874100603368,1.024701215353411,82.00689298187426,755.0746193689362,0.14311606678199584,58.76837465010088,1353.1907122946059,1
22.81792240868817,3.369185593957402,149.41424381738724,21.951696275313534,1.3756275936729025,21.562992719362168,0.7100701891077692,77.08974101467007,1123.9759573750123,0.14162416210281553,45.0694689104117,188.83116362589323,0
36.03270712912779,7.425306035170393,141.8537216539144,33.04008461821497,11.016408809135255,33.87286267146823,0.5899072490483257,90.0,753.8094209037258,0.20703409156516459,42.381918923861065,974.9940198788418,1
32.067709462347146,7.043550787522461,148.34431800604665,9.304967741225745,21.51275038662842,33.058728262102704,0.6914157786562536,68.17538276763808,542.5536785765225,0.09521433886013604,23.353492166621745,184.40295731736182,1
14.070600146434476,6.109959359101626,180.0,32.86000427781012,15.963723189658166,31.532370381923354,1.0359289594111727,76.79369940774947,668.5467382700318,0.1308896904407815,43.25084197341898,1105.2697825898786,1
29.252217184171545,1.2034252175013502,141.13963186520215,25.207901678478965,16.582083475194832,13.71181130064608,1.0793121904266099,58.06825275897098,471.9651945783074,0.13917216650061637,38.60507224903832,1469.0466759814576,0
32.88239393281819,28.974875878618562,140.5596077343597,32.38678774439918,10.830745380188933,10.131704306167826,0.9420875924435049,77.11045520667233,703.7020571786529,0.09674204881425444,51.47958487884477,701.3418031805921,2
20.10335734863471,1.4051728455173327,115.85111550675009,70.08372029125591,8.979237613645342,27.607914630609066,0.4643103951341481,89.69373213355297,836.6816055333563,0.15796567233176353,48.26149244110924,1455.411511886373,0
32.088277321211876,21.689651787528863,149.1529412368577,55.61364208156638,19.12026574644812,33.767597023008165,0.985831397716317,64.58491117388135,561.4799830832012,0.11380633527720306,51.57825632964154,998.0829630677976,2
13.996952662164318,4.006666847317596,163.13767022480783,17.726629559592414,6.931405539112779,31.62818732118737,1.1067872047926386,83.4213154196206,100.0,0.07978589978246237,22.433843251167982,933.6555964176988,1
44.69804710013388,5.217440336937327,166.72396231361736,41.66885961919286,19.509907390029262,20.1304925733342,0.8581824400491681,89.410397463655,755.3762145524485,0.1763113703283469,46.605237611510994,339.63496345618216,1
43.72744983565375,20.299715834175856,152.16435203261065,44.58717304471086,23.123522450406536,27.2780854487415,1.2555566722323666,68.10287225168518,599.6894879414043,0.22736375398321002,42.88895638143754,1433.3023458839805,2
27.22230932266739,11.637060092680949,169.11667146161767,30.945234959544923,4.427518953218005,27.45387653085129,0.529386455700044,79.66939694078013,549.8660330431073,0.15242103786703884,27.935178112460015,1306.168911365443,0
33.997997716229804,2.3646738466747683,164.62460803760484,37.139691237902596,5.74999053930113,21.489427913794046,0.9706576544983345,90.0,548.1396793270692,0.14483572497883718,43.120719012906314,284.45935591587386,2
3.490858376201377,2.316123280601806,172.25900459384525,38.311786488979976,7.088740442268561,21.923736247369995,0.5955513011381399,77.30475162279542,780.0503851393693,0.14377622196472806,38.47410113805802,140.09319667617658,0
17.280175737081336,10.454831141477943,169.68605310955124,18.840663525657675,0.0,20.981953368028048,1.0528792198620247,82.86714997511633,618.4188175347106,0.12420245619709652,34.28001248488395,602.6739435355908,1
26.768431878326574,3.31613056880685,180.0,22.624047750966223,7.77537541529528,12.119034667210977,0.9548293882630261,57.260506405819925,886.0891264840819,0.208504871064294,41.6795392832871,323.20118515293325,1
18.20653676430455,12.02548070753345,146.60613666867502,37.06756062129188,23.713047634975545,13.139475624440474,1.2162982796878001,80.9713652677239,890.4903334215911,0.1547024879174385,36.061094917990644,570.6141517746009,1
37.85836130893725,12.898125669145394,123.45883915276983,36.1928303357812,2.589820118981871,12.985096384903617,0.9299358899558092,80.17237740519664,645.8735990251351,0.05,49.293294580812706,1441.8473722103886,2
51.970261838227934,4.385079001061554,163.2743748737084,26.49724741499277,23.926764977885536,4.007632232174959,0.7311186760267095,61.73787934039208,595.8268049980459,0.209947697730997,48.906534060143784,1306.6638492234813,1
17.05723808627768,5.451501932614432,165.61106378645553,25.467486321753867,8.098999878422305,21.4285992734841,0.711964553267374,65.35671346029783,725.5417010739787,0.19769174580179227,38.61060872808885,716.1693272377696,0
20.787902555062878,10.70056083633254,180.0,33.92264900394553,31.026320733924777,19.594266271624406,0.7649610069771926,81.04001802198168,670.9213636395612,0.18008004953227208,44.973638111880156,486.1632126869953,1
32.589932051409235,4.221055188293223,175.6258071233941,45.633811435799274,5.863682412161151,27.619641356837025,0.7076407109303124,71.97288095683027,349.49726172547446,0.05,35.40659006990049,908.9303744279496,1
47.72227763349583,8.855193943717008,180.0,34.08217074863756,10.704162451600563,32.607172829791125,1.1163639735864028,86.11938388969305,1082.820750411817,0.14985258386563977,60.346217723638794,1412.4961171084585,2
16.553882562061066,34.66538050306562,162.39707960653067,54.47276996762779,3.808352413268402,33.24294364846529,1.1006404208875789,78.10726930505449,842.8671494821208,0.19467139911019016,46.90448543712673,1206.9132059215538,1
32.73939734537636,11.068529471387414,154.57621183877256,26.65015342804927,5.810693037727564,34.18465458309751,0.4907551621126828,75.56455566542273,607.3029916944159,0.16897496958074182,28.924942006239373,1314.854415243629,1
50.0342873589442,6.178600391616387,122.30033757348507,37.31731761745791,24.04361250172552,12.429189727109922,0.8284392314781822,73.29550966776989,316.7233576254742,0.16025756754544007,45.97600938540033,1165.5560564032812,1
11.830649370028059,30.90118764470521,156.16193069028162,30.74845485075193,16.270830166250818,5.680407220128366,0.8337481336960321,77.92682131934514,663.9136275862306,0.19477563420276903,44.008334111906656,805.1157453749238,0
15.908238724695847,14.844535290398246,138.94993286257363,42.055531356957324,21.259360012597043,29.307435780654327,0.6481150380038576,83.02932372516153,582.4046359929282,0.15696541472636227,28.38963893316273,298.1106089272913,0
25.34032732893078,3.389814257065345,154.2302002686494,25.620945413297644,0.1596962910897073,33.821334382009006,0.9164149982562456,80.33850693020972,687.88535938463,0.2101812192384063,35.095813836028285,1246.0539545844413,1
24.27352745859048,3.9897487380472176,151.09026372619311,58.128773047925065,17.893456078421234,35.55992447210426,1.1413871843221606,70.76991339591018,267.22590314406364,0.15808783908077206,35.54876891922025,1011.3575559714428,2
38.93861416529009,1.5984322823938868,159.4346717770027,14.712651163087926,3.257010149515759,24.849962096923758,1.0161979764697184,87.3943705254027,605.5506716225894,0.1541092038175383,39.54809841932315,1181.7478227826452,2
32.65825691802922,10.561368496970832,148.05338580922978,55.58576287616295,0.0,0.03296052396373028,1.1163550455672409,81.576942394619,617.7356195117993,0.19462068442910063,46.105564383123465,1127.613691698464,2
10.475417343936588,0.9589526272515381,168.70040381465168,36.079861629305995,14.148895249682003,23.656094634335926,0.6619370735421548,78.85233891640192,661.544944817233,0.13007065343515525,31.620144211285847,444.55744883732507,0
35.66951443190892,30.876540698766796,95.53691374249884,41.62909498096296,14.05684500070272,25.554408679094102,0.828031710008667,75.9169717741233,652.7584637850414,0.09513789239426196,49.105288437408646,499.935819101687,1
23.647072239087844,6.780263735922858,153.79987150315688,51.014298837103496,12.480112076692352,32.520750212585895,0.651557510561448,80.00049564338467,710.4501665745469,0.1501900682252909,44.33365788226724,1298.928078207892,0
44.01891938635363,15.477166852249393,174.04979558305124,45.291937941992835,18.45802571364899,34.29628693983234,0.8726746155277245,56.68321060274914,1004.2354756958116,0.17951872622789306,48.469120225561696,670.1849897585593,1
23.096537099193885,6.306698813142888,180.0,26.239677346483262,19.862096858703094,29.096334033853346,0.8924792000035944,77.41309274381236,596.9971625505939,0.1962681266440693,39.03687570312903,348.81380500222195,1
22.997231885875408,10.42830584732192,164.63922676770125,42.201074663151225,25.22756405274331,14.127211017041448,1.0311643611881995,90.0,517.7684088270148,0.19654497608337002,57.68399082656466,999.7941221387797,1
35.95244771884985,7.503506106082712,180.0,57.4096876716154,1.2869130152474817,9.708826854473418,1.1089682078463303,77.19986686704466,354.53389573526925,0.14656759127695435,44.537347002025875,517.6440565427913,2
38.392191305706305,8.667023729948939,153.37871991517486,24.35249945407013,25.518146209052023,25.339611518163068,0.9715749760680676,75.83477318706973,597.7777685665941,0.1414314972278813,45.17338994171748,999.7494548942564,2
34.92909300329824,18.832807408200445,150.05725151854125,60.42114213432773,28.940803407260187,12.075848895744347,0.6307626301750061,69.04115694527594,419.7498152067628,0.12039420277526787,37.48982310832316,926.0889317639159,1
11.45842950876711,25.084467464099806,160.58831286455504,39.62842983162277,8.70392985193169,34.75137106842371,0.522522002848672,79.92727280216963,892.0192589216657,0.1624938026990189,26.94893349423983,1028.3923773522674,0
35.91837883921076,23.81287297151074,149.9361143421787,29.80126673695691,0.0,2.9544106264807866,0.9344044067551727,73.04925592661851,680.7788338730442,0.06794379968734193,53.65060313171194,1490.8073003410868,2
18.62261143158161,45.0,134.3528506396528,24.28052738470095,0.0,25.66886612394667,1.1501146439494667,88.09299782390589,887.8929970013047,0.15113796182328695,41.4834963151183,488.2330680193852,1
32.5880372274709,4.628635088186616,139.695195117362,32.3205551071007,7.843337571596594,23.19534974742489,0.8145457870449866,66.36380308652511,993.1394112900191,0.2924840342468915,47.59662123939215,1465.8910163340736,1
14.338921210610337,11.169450882607823,127.75694187847685,11.536660027154056,30.127274312766797,17.932333324688372,0.48397341633073576,70.47695065732967,526.9884265385014,0.07480682938056224,22.08815007678264,1168.8475200391238,1
34.9095436229737,4.720705114611767,160.5675418973049,30.01706637129455,12.153720001828608,10.748837256952585,1.2786463104757633,68.99121943094389,630.528047970638,0.15784178038121496,46.12279294620791,1297.5591585800248,2
21.1274120526189,18.31453029827926,150.22783625000955,31.84487307373266,6.445342949233684,0.0,0.9276690010355177,90.0,966.3373603074286,0.16889178952311468,47.67975395797092,1223.4954094779268,1
15.891018847134262,3.5420130973306247,142.79427766483806,22.107036210650964,5.831379674784327,14.685713139273165,0.8576511335308079,73.10234338387596,737.8435158754202,0.17532325214170374,43.76848911897218,132.14715394689546,0
37.852021501306396,19.053815245279612,138.6663248632542,43.97414233885232,0.09549907494787746,14.861168187660134,0.563046346778597,69.51922537128587,804.3019873995788,0.10166784847970398,46.33173832588409,805.1646744607517,1
32.65808973844426,9.72321263824165,160.10112692399252,32.37480454652735,19.87118426712351,31.117366588484558,0.8235675690369996,54.09405454545355,906.5955142939503,0.17577933555346348,29.748163855962485,248.0717693780951,1
23.246255184678134,7.8353581719539855,165.6089636122014,27.370465464626868,11.171381297528239,12.171443617198742,0.9711145156830217,65.88628014463974,879.3029307328073,0.1232746720843525,41.46188619943166,1042.8705327785328,1
45.96296733923171,8.535927906030293,127.38972006989634,31.09599277917748,30.898465587861892,24.527706135637917,0.9306645585217803,80.27884943392604,782.0719106582077,0.07862082695877048,55.44201909931504,183.50175095711973,2
25.152823362732832,2.9890603325988274,124.24630660448764,39.26128967979017,17.653884567838055,7.077601965582048,0.6704248318064647,80.23875741591337,979.2722970355987,0.1975978654164927,54.413822124557676,146.47788583037897,0
30.35318441368028,3.231890557571166,169.0901991124203,35.87865452560393,19.469426844515432,24.80248194083588,0.8074456377493501,68.48796767546439,686.3491382823767,0.18323074046907586,43.47466571619443,1369.4226493380754,1
32.95804792446461,9.85100091418455,122.49733523022809,26.588298942949066,9.821056523315898,0.0,0.6844785255519115,69.04344100366914,803.8828796515702,0.10167187720206314,40.21268443162845,1383.8806694050058,1
23.183674724585252,9.802092238960302,160.94973667644967,36.50784168848533,2.1807269564386083,40.952961779306946,1.1861155482372063,90.0,664.648299129634,0.12281012614292244,35.69615305333055,973.2789204998642,2
35.18249922739922,4.904468015615522,180.0,34.39188850920491,4.137771177037378,18.58932473202148,1.0168722752999448,90.0,904.11033381482,0.12099937909792885,57.08218888199251,743.8977425503144,2
24.13202418118803,6.721963655621616,180.0,21.32642932221425,0.0,0.0,0.7046463289080789,86.49772590118505,559.8470724158572,0.0678207680513866,37.9366084703049,1259.8917978711233,0
25.4719784556217,11.851052085453293,164.75745181264182,31.537943677912875,20.193552478362818,12.822505244401238,0.562936675051892,90.0,363.4287323840849,0.18812148688233088,33.33164894830155,1449.909119535131,0
44.98906903783676,4.2011628941386485,164.1761903064424,41.952059245050656,8.535763314787022,11.243377669141339,0.8811193180908774,90.0,830.9849574840299,0.18999592041392685,55.26349275545997,176.00804411302983,2
18.553553422363237,1.397069666161825,180.0,41.8656591187581,20.572504856328596,13.441818681336988,0.7115801742621988,90.0,495.97229349385736,0.13336952175148373,44.6483806252469,244.93806620064242,0
3.4594163597756094,22.388553569552933,103.31208674212459,32.240428011159274,13.223229620768072,16.35358604201157,0.7279725339854267,71.98072139592648,476.15146780339114,0.14859372192014028,38.352269712852724,1367.1232183401412,0
47.72030694513084,10.362465600916426,140.7132864783873,43.12127353743172,9.364634798065985,13.373828466744078,0.5702528906167026,66.21732037259997,952.9859868960809,0.15573489856115796,51.27728242314376,239.15517498782313,2
58.042607478677034,5.668786029272125,166.96983698153204,23.240534036184542,1.4735744852830504,11.835879229317875,0.5974900806052167,90.0,893.255910238235,0.16221959293037205,51.26267197634568,1099.8371463265498,1
25.54203808005735,4.708456101983788,143.25425984316087,23.61214594168009,14.7146945966641,8.413170480011566,0.8557874335633154,65.35705982058349,631.4998538309407,0.0826235400281545,33.96597304706522,874.9144625735487,0
8.694781553177961,4.165275969259252,174.7955661721407,31.98494044047583,10.032302851978844,28.21789423933087,0.7612867414747548,64.71403905778767,100.0,0.1744222299611701,25.61068977882649,830.2908243543909,0
26.58467626184462,18.265538897450867,149.21291879379615,52.97079363304563,20.11965535159879,32.01135615236247,1.3692331649245526,64.94365315738519,806.6480278482246,0.09122463694757998,46.22739018585553,236.69892075914004,1
26.85154755175264,2.526216898898466,152.63487720675195,36.95901951845847,5.561303917119613,17.45426176763712,0.9507357551869188,73.68603662234736,832.5009745127049,0.1840687606723949,51.827373742169925,1120.1909745370217,1
27.91083774875517,11.148789707823404,144.50650671508126,31.695610284010733,17.544969961473328,19.823633499677246,0.566627060089357,55.156241285485926,803.3622669727272,0.09675599148490927,33.4811834687661,942.8146305185834,0
17.75273153885967,11.141937995192439,139.54978082383877,53.52965601447976,26.767635746002835,8.736691398074221,0.482160026536235,60.66890576440061,794.1706981794424,0.08499456256673497,32.55432149900327,1400.3788180389956,0
36.37517256724125,14.321944046698519,139.05780073704696,31.556738777557538,14.453003231937476,20.710206983364248,0.9075977055047819,68.7766120616666,663.7221655708053,0.14859807201011097,45.06254106977984,773.3898968417462,2
35.769581128146946,6.12224729104563,155.42332593673552,61.81679884743193,19.06762307467693,22.299637621538196,0.7326892391600562,63.04074686174933,617.906171246482,0.14747473878914022,48.51367983838232,1377.3826192625838,1
13.561538181987629,21.13182423810624,134.50870068354266,28.864602516551052,17.147012215598217,17.80601390286176,1.1129244888910241,85.62411814024591,478.7676260774026,0.15518733213266173,39.27026760173306,357.4509444008847,1
37.69116404864376,14.617313045150306,169.06409766982574,22.859255248984386,29.082823360657695,23.96074977769448,0.8820100444611867,75.0664820151765,560.5206648626408,0.10536321337507604,40.56238692902267,385.44717217057536,2
52.579534801404805,5.955316867230675,163.06451849205646,33.0036563017775,15.34404379524446,23.08708782051025,0.3838455318672466,80.77021920936113,764.2969319883678,0.16014088596139783,37.48874166223149,1428.5698574281362,1
31.89156365680766,4.521367476516446,171.9883288193968,32.010988869955796,18.29962966561959,9.458606109094204,0.595726654348143,79.67530179293936,767.5853901790026,0.16484958401452102,54.52428610674778,239.1334468657903,1
26.289423217246433,7.519661881008648,127.42151288014003,25.307360283808602,11.67351574335639,31.93047513728957,0.6714379476784316,72.93226910233615,857.9649098173967,0.20828566527288084,31.791866854416117,431.1552124724866,0
28.437964641517265,5.794186362216834,116.01046906427112,66.22368893790124,5.030503178855168,17.923537401704248,0.9172481264410125,84.88131525226669,418.7137489259759,0.1592516360918457,43.912461139324,297.89434077825024,1
36.76782443665417,3.901267243417256,149.91628488736472,38.823518813663,1.126418828869479,36.75571601916985,0.5883944654332758,79.52147885182939,368.15487106065194,0.12003039227551915,34.57826381987358,1093.6228869781144,2
10.962612339420598,8.825394688660605,180.0,40.570994884059004,23.402316590730074,24.20420589419226,0.8536198706708867,71.81599726877852,624.0589775170428,0.08264688970595448,35.41239818278598,1192.33672450218,0
31.808297732750326,6.757205704441084,175.32417556189142,29.457448794356946,2.92476565791714,39.70933130371833,0.526047039333269,58.16090138886017,496.01047091093204,0.07348695447460522,30.398550743703588,1362.06556457468,2
25.704896555909087,24.529606379194497,138.91107382986573,28.06796738305844,18.71278049805089,31.752691693064463,0.8213607921752597,80.20658392401793,737.1974912975724,0.16614890654684022,45.22292246695096,305.5282547890912,0
50.3260751425165,5.786519124031352,158.4902426886268,47.3067002686124,15.744149673453855,22.27189628140862,0.9014057165786069,62.386966219741,438.02467649202015,0.18965994352595122,38.878938415689234,550.4336750183513,2
28.084099928145463,4.486123005893773,164.55173814887368,14.88989872892287,20.260068104061585,12.768931333803764,1.141532269818751,78.80283125590853,936.0464285180127,0.10548897777269187,40.79841322636885,544.0735266364677,1
48.34676372231472,8.399650539464504,122.63223518534278,21.285626326515576,7.367591796751033,12.984325252305046,0.8740265931931365,75.78888558672897,535.5879283120821,0.162763179903407,40.850074361284534,1462.8610630811177,1
17.858852324397922,10.123957344351318,177.39251738069208,32.03229793270935,4.883430769651104,25.330342849825215,0.6403183166648277,61.396308159602,1018.5348482598984,0.14128906597340543,38.93129989404582,916.0710117330614,0
36.45985083483072,10.697697901286979,146.65151746358117,51.21256766761174,15.405346542897817,21.431260837909175,1.1484611191307947,77.58397041034817,804.8603701023725,0.18591337677810577,52.08403113902522,572.4973756187578,2
33.513402901703515,10.622019059602355,148.1863831078428,30.505796324366315,9.36892494113238,14.109737640089143,0.7797008320342843,76.91319436930475,488.953589997833,0.19330384558834413,38.38411347011588,518.2307623097533,1
20.440480273487395,8.616960308828418,150.4756931886771,39.99381868729036,0.9207449705434954,28.330599476100417,0.9901846889823182,76.94947501395092,1118.9490030707643,0.05,50.62043776389309,546.6209509442342,1
31.951357261006343,8.149583139395011,172.8908027861579,35.3327441526571,29.446729881063117,20.387713303560325,0.6851629303425681,76.46996917288699,753.0904629235026,0.2016067349081601,35.671855293339604,1097.0535964022238,1
43.33770720514761,12.949937615109322,134.89635683597183,50.5551009552417,4.877326506337092,28.390098153007262,0.839971217176331,68.4761181387686,733.2238812337514,0.16260984815609444,43.308783282191186,868.9961054849946,1
26.438291252847392,3.5908045547766103,115.86059990431096,15.983323781444945,3.0573055921348704,10.245299332984425,0.643721054392852,80.91609134100356,686.9575895253826,0.12343220096797178,30.612773208904997,973.0546992992859,0
11.388410859132605,4.513958578356524,156.4591058580009,43.83155844467332,9.820778086385602,29.994716680081684,0.8908971901768259,68.12344205713339,793.3106643873892,0.1248268581310779,39.20757468034049,758.7070753480518,1
29.806808908748096,1.9272874519208536,109.12683827653743,32.61321284308883,23.275727122421223,25.0099556934728,0.9968421809359959,64.25409085991741,805.0841222945264,0.15158737020877425,44.5032777955666,136.75835571505846,1
20.073345957282363,3.644320108811141,143.9779280972892,46.098610327032894,0.0,31.975696644619035,0.7111441593845983,81.74633704331434,527.00520962698,0.12481256053837206,31.815189267008382,1061.9510637099434,0
26.234249674697296,17.063187297191227,173.73748579717636,25.168614726796214,22.528952531179044,29.774305007163385,0.6987782577349316,84.36430600890807,657.289709893943,0.1031498182640955,39.24767470084363,1113.7774102657008,0
29.10253453346367,12.567226391056753,161.58187807017475,35.29271683835406,3.7967384868932736,19.150465992920868,0.8985000080620716,81.06198099947765,723.1401915500954,0.11461011734518228,51.2877520992595,352.348214229994,1
11.237825623829309,26.703148449747665,170.84712131450553,33.76991946904779,14.380727160974288,18.346254593566847,0.6384964866044464,72.9280513853756,816.5480929307926,0.09799190248401587,29.465262158523405,1009.1224771722648,0
12.227758267472542,22.60662126214155,162.40702730405658,22.970774344155046,5.915937344485796,37.83030992590942,0.4860523887861933,55.60534296083034,819.9378554127949,0.2173284223279941,20.439963537632302,1328.5660139604345,1
35.30273519078078,12.643125244859853,180.0,19.635043844636435,29.927251686018053,17.094315306180413,0.8977032120482719,89.81690170886976,732.9083588347927,0.1527952407635225,50.010638763018605,943.8759957645186,2
24.250094342133515,9.350640389411591,138.2352074468637,28.03506365764229,13.121580779781164,27.48433698837844,0.7963066211436144,55.44902559211366,589.9354088755011,0.26264215459750034,31.376622054062924,1035.957301065956,0
1.7878122399737606,8.52219196868268,157.96263354016648,36.55917354793999,5.627176046928875,16.18613007810258,0.7916509338830726,80.86061393418882,579.6816179027526,0.16855381851791734,27.89670848592924,1080.9972786572507,0
38.63328440268948,0.8854105648298248,141.237590575747,25.917053308346087,9.290178103460786,1.3811691986235104,0.9346354912078727,90.0,461.70231939841585,0.1794454127053972,46.92328500772631,554.0692246618048,2
32.99606730801664,7.820676305571403,169.13602539829742,31.039117243666183,12.806733674115186,7.726609021940467,0.9653650775346905,76.49466447943105,818.520232876087,0.0969197366521185,47.47380752726645,316.01336152651277,2
22.147376935598675,5.214479060036897,148.7685024789901,12.370431746197148,13.599089469859805,24.059208848619836,0.7845795838508163,77.91233044598465,576.8045811772054,0.13908955318655403,32.782973660011045,761.711968033946,0
15.514867678359344,3.7930856942967974,180.0,30.55220095419524,15.948862351691886,27.011316996051043,0.5730127308362105,78.793209496135,661.6491004932149,0.15363456536254277,30.96929800572688,424.5145407278651,0
39.193886859457706,11.247282822819813,139.38368089196047,47.283039759500085,11.987358530859165,24.092134092201604,0.6795109033023479,76.98167339659985,747.5487813954967,0.11813756804422673,52.69593026192863,1061.7907853975803,1
33.84285684816473,7.109995663674558,178.14253051433968,43.462163911641,0.0,31.459495013935026,0.9486920647023855,90.0,700.7868336455383,0.12675994867269255,48.747391345675176,1100.8934053673042,2
56.2086251095248,8.920693235864274,161.86279061087941,33.95693675567428,8.937590961885052,23.91260155234129,0.850008585957896,66.56835147271417,698.8777366542458,0.1710073916189592,38.88796969978502,111.4552378018574,1
34.62207458597431,3.305775508303011,149.3507786182604,37.92383270016996,17.459925373567728,12.247652936659154,0.6990529395333543,65.31273353386901,519.0076161375457,0.17198798991294462,38.50748285573654,1435.8817195371103,1
34.264734553882164,15.054213285188013,160.8488467571985,25.06087525287011,5.971054742588992,25.94302181473764,0.6474349731162727,71.72498933173812,753.7725116774187,0.08315273622238886,45.84770416505735,1395.0023598572955,1
28.163792768805784,5.763789007585251,155.22528775058385,54.49326419949681,18.0550315172854,21.69607960929963,0.9559210182563039,90.0,637.4342685144188,0.1641870450721624,50.32225332010548,284.7144743244332,1
38.9845345392087,10.821799537769547,157.1190936050362,59.81315007816686,12.285463196620292,14.244419950504609,0.7712364707763478,69.23123391021433,682.7199105086313,0.17765075912228118,45.70980115109065,768.912358353922,1
36.87593721372969,6.167474774912022,145.8625785381122,36.97788356847168,10.04033858910159,24.725193014668612,0.98559769132987,79.30298251790796,931.5936982131989,0.12048615799291043,50.42721874881707,392.63217270594976,2
43.76897509421715,0.6881772531566221,135.96822984890017,66.08823003273791,22.747295032856332,20.79370166017446,1.0134538754364835,85.71008541248648,801.0636387866284,0.11540430996458961,62.65911820544849,1449.485002602799,2
24.26544789498987,11.575053936563581,143.29857760074938,26.837811541575896,0.0,13.949994491126523,0.7511752549372593,82.78983619925113,585.8388789112607,0.17207345700321505,37.70667201026777,892.4457305356642,0
25.210517797616415,7.478553382589153,116.33710044103555,19.987049119172564,5.922111915618155,18.221342264370197,1.0289224466639415,85.18073841563032,670.2172148820395,0.05,36.45693241921677,1080.2231825063845,1
24.729865119968217,1.787210677545127,166.8389666506525,26.484514950870583,23.09185838710898,34.13567135542141,0.8504501459816253,89.17986369244124,1019.8873809027011,0.1501042235253546,42.51866477240449,1469.0396560466208,0
38.69881893296888,2.9400461692100155,125.29672055649041,32.366116819100114,28.47044246838181,33.80887816069647,0.8789068122684887,78.08231709691927,638.5235096076786,0.23172139523061508,42.978968674107676,1042.2016518506184,1
46.482118843264054,15.359932136807593,145.647058895286,62.74479861443556,32.573932362045305,21.881441392705412,0.3384751990753694,70.42951101678264,707.9762486353335,0.05,43.324786698465864,1319.085085861328,2
24.952754575357694,1.883597644693717,162.96090082962067,31.626090471128485,12.453199773044735,20.572671578872857,0.6063973143688399,76.47218890560494,832.8291137314922,0.19114374333360795,35.1716523345296,436.77283944881833,0
25.327488994275996,5.640618525511564,166.7879343419982,24.684130246351746,16.121076416539886,5.669540127361593,0.6183272399469631,71.60946538870567,743.0382975806849,0.17722112238841442,35.64762079697111,421.1479952239086,0
33.45484946256779,28.245290182069898,114.50696126325522,24.218493685070758,19.356850445121005,37.19365113366284,0.7498959610712147,90.0,625.436376270598,0.07809495853958329,40.00652937310167,717.6752061378899,2
27.296623499858086,11.789365736019118,148.16303849549845,48.68026534451936,23.47567744942456,30.36341887367967,0.8451572216838311,69.67343347048717,551.315887548375,0.17602444288115818,35.809927549341076,1334.0675876399534,0
40.47259018453879,13.919108529855775,159.19489398897645,46.967620979708435,14.817827412072852,27.51951570704327,0.8541550715090143,79.8314100447964,697.9802116533566,0.20007099480487986,47.878673918739615,154.76830118308425,1
5.230449803190485,6.634903578815027,151.04032218524654,29.174261763756675,20.3353403110146,0.0,0.8828643282940755,59.99134400863359,831.6038688727755,0.0911691400402537,39.6984054555717,717.9372512591614,1
20.906244483914158,1.620847544910666,176.88149915347088,12.490590607074136,16.137964204000696,20.40922650655796,0.6693121899214424,76.32818393121413,964.1800413283573,0.11463878306499697,30.656563208292837,1254.8710880005294,0
21.393420326424096,9.566964015393957,133.56386200170795,21.45687746348858,16.700015477175388,18.728712916809123,0.9720998520304643,72.12896144568722,406.9291826009918,0.1513053555320506,37.6956896402262,348.4336304766611,1
4.476083863752407,3.1406660962027737,109.01917739619606,55.654926049994515,3.7346768678992817,26.828154383005987,1.21804345758135,81.75685385844429,1052.5568654993142,0.19888350732493854,38.630569381531544,962.0156166605327,1
19.399977111943155,2.8583168299929596,166.2065203353704,43.26569461459364,9.037076525613983,15.489691864542039,0.7422685247611921,82.01753035364662,642.3181894552101,0.12294407989775231,35.79709855309537,197.9469088831923,0
19.933282725694813,8.766551250882266,139.25827760763025,35.785536506699664,7.2950772172996246,17.68289783546481,0.6739930031645973,89.16998472293325,884.9653336511225,0.14789546334803755,40.00610396628816,114.52022670137436,0
27.787848800292867,3.3518548955152125,114.82918804828003,57.42599807781269,1.2999409177933057,26.194129389547033,0.6692269987396079,88.37569334148321,552.4929445582337,0.11675531111148504,49.91774037413732,546.4631839572904,0
42.2426248082629,8.024272567499098,146.8297521886705,58.499915273738196,0.0,12.264216329113212,0.8388029218367081,74.33695071209969,377.8321150349104,0.15122788142717042,38.68190882609946,1227.9008345107463,1
27.304332836902276,4.644959210713531,174.61115951863403,34.568724776464414,8.187352512670664,14.259573165906797,0.704332115885139,65.55613857497613,437.41076598309184,0.20233391072388354,31.743285229785457,157.8705360422353,0
18.66104907701731,7.813139191357141,124.73494764374604,34.78913887362,9.625059062073664,21.933266397609618,0.43932774912169376,66.7289365037732,633.8086500589869,0.1552948418684705,27.71245734121204,610.7189442027257,0
29.37350004665118,5.343384084302159,180.0,28.01543981465508,12.945333684250578,33.384857033495734,0.49951458806063215,78.0273797602198,804.8186305142398,0.13212704027047895,40.03493932269756,1120.0828879072665,0
41.54090983585485,7.980342011674147,133.24236810926675,31.58476055017838,17.001640567561264,28.08469737223347,1.0444418306828378,76.57786113387097,706.2384913953832,0.1483621651615733,56.87290183566287,616.7870058076809,2
19.264453022736046,21.37146686151884,151.740217082515,17.164100290398547,13.6931001924524,30.75404068932498,1.1019946888271424,77.57926590781285,649.9530738682722,0.10996872205960352,33.89939552499088,770.3292368101476,1
19.983676276864067,14.13966164204214,125.61735164304784,17.11536348579128,9.687799402224814,20.633168062152908,1.1719757093507543,69.64889693663518,923.6046637063107,0.10028039646020738,41.01090055649453,800.4890593595845,1
36.144038552016454,7.3139143298073375,150.83220697392028,14.32809357312918,3.7638631580081245,34.95078023782975,0.8697869765314629,89.37237431312026,700.3971642122314,0.2101709014667102,42.058559911842515,1371.1516067549412,1
27.563102726961194,19.128677246604397,147.32504356482647,48.01204408303334,19.89362187751096,2.5881757549869064,0.6020007882501615,60.27316177680114,755.956934058781,0.23188548044970297,39.13300525977168,1326.2483376422701,0
37.12233159780422,10.934294467517924,120.21012195337826,16.26317332504924,11.08360004439539,40.22239218401347,0.7236364471854199,69.09534818348942,1322.2054643674473,0.06042443098441014,44.33555843223141,189.075386732318,2
29.849885290251734,18.2478152856322,180.0,58.39954758447386,8.095891844937814,41.51758975180036,0.4918947203044333,64.22892891369133,698.3922986667915,0.17910647472660343,25.612353255542494,1069.0945226908852,1
37.718300128985234,2.1127488503621437,140.09325661962612,26.235465305607136,10.321911458280576,24.566163495368905,0.4834237623007656,72.9102681032335,560.8309774267536,0.1929466735745342,32.30405157562955,860.0872273280028,1
18.61414074555295,3.387792066677655,140.11074885387944,55.84819888139043,5.40530087380763,28.322626374355124,0.8761577963237999,87.46566409397957,796.1919534867005,0.08941574340255032,49.83374001078713,596.3280326734487,0
29.867068841329058,9.484136567949019,169.3807175870731,30.619347885614303,7.223934689300041,19.620001359947214,0.938582540869544,72.12246096850782,846.8177899770488,0.12641224277790478,41.35206020245131,789.5673425300245,1
27.682409842005274,7.1734041391717165,180.0,16.205758748954274,6.937875180388308,17.904316369266635,1.2508421822597735,76.01477335773926,760.1966916561796,0.12114768708055625,40.5910109743969,1331.7276123301979,1
16.625199834854563,7.994897486769339,172.52873736008607,50.405346776785635,9.413963237995782,13.891296246356628,0.8017194132390808,81.64242856425237,731.3824924538781,0.2450473380207658,35.79311043626363,1182.281265357498,0
12.801742573444429,12.234211721739594,125.97639753946828,51.8223875315987,17.90179461136281,19.509879837355765,0.5212763416227677,71.64683641968573,996.4461925315773,0.23262251081913177,38.44864243520125,895.3016322639368,0
37.54323938802128,9.554716245874394,154.27818018989325,24.12738799679587,15.664008616865473,25.559334756057037,0.7931775155738928,78.82627664261244,971.4494424551258,0.10394115935153034,52.62750493520845,345.8452166600709,1
26.13952379560224,15.091913276803748,112.37255035230011,31.020172800830593,25.920636665527056,24.198838471634218,0.7578589761950517,77.50755751832038,676.5797695776058,0.07703759444779806,37.87617801604291,966.1193169566455,0
18.754916901879376,14.807884096318546,168.03410162644712,24.13044876126825,22.90556182900808,39.86603071691238,0.7119290311043417,63.69190686033937,571.3010876220277,0.18864884808829696,22.181835874127998,797.233727286976,1
28.942031693843344,3.536628847963756,117.29623722939075,33.55367966650737,29.60779595911118,21.00274545802552,0.8956249048444724,70.35684605448458,785.8405686292473,0.17719737600653396,36.3549470951867,725.635424621603,1
42.408207430842324,0.723222455920083,133.93597352781526,36.29394976929026,17.032426317037462,5.111714386549695,0.5528160435966738,78.54585613076743,570.1533284036433,0.2121996750596316,43.956269577433204,1421.361779266665,1
4.911883700908849,3.330115762010099,149.93596991937378,30.783403290614856,16.887947001361773,36.44310621223416,0.8487587152217115,87.82192025657285,877.0323336219387,0.09704627140767183,43.01758856953799,1489.682575991554,1
13.536974411063412,3.132870403804828,158.90013122282025,13.173303255309765,7.613258001265779,7.7904572174023095,0.9633439184582853,87.81260292258179,784.8112552453812,0.1861770510241145,43.102064634788064,1431.903085455151,1
19.848249139152056,8.458714934452148,144.78130753209362,28.029448218919732,19.434134077459486,14.406090744945757,1.1323423094510319,90.0,1234.0062076948939,0.11341203893474917,49.41363672828014,1134.4255270115361,1
46.07296753392362,8.376880197762514,180.0,43.4422251626485,6.094947629612196,22.71743141350903,0.8882826867879066,79.85457155954461,994.659379110841,0.18115817485033475,45.35323631917709,938.414508835488,2
33.10845681211226,6.839121104631048,164.4647916438456,32.49320548884901,0.0,24.171750822632248,1.049486499114241,70.86685445315626,484.25190040532493,0.1481440333163548,41.52639275493513,547.2066372235631,2
38.4404896450735,11.239459979296921,162.89449508128416,31.07071246925953,25.736910530229792,5.545616810694478,0.722342871132659,74.36047668121675,596.2422636781232,0.24503090014844375,39.36256797249294,1426.0530603827292,1
17.458229889611466,36.59295064123193,125.41198196030672,23.830681459630824,0.7573656483059565,12.5352776362638,0.7530561397025703,73.86235181703057,317.2099331192347,0.17236968477500286,27.846646435272003,737.8683613963893,0
17.68510537202421,6.721495234406598,180.0,27.6793835696286,15.949666106360386,5.192175387274652,1.116526349067441,70.92119786764155,272.45063867051977,0.13430028432987584,42.516017633319805,382.2820888067478,1
34.92595088394982,9.778877375055131,133.93869711442977,51.907377278983525,4.0770176444997395,26.217130633225604,0.5182514265079605,78.8295534346216,722.7653734629512,0.15689667036804955,31.837573877323905,255.0365525461584,1
30.641017640289913,7.993526505588249,180.0,21.322672918374707,22.140008605126503,31.833798847028856,0.7313091335059694,79.29488496614147,461.5232587416657,0.14497407715542923,25.595651306885742,1270.0982253928148,1
36.03612700750539,4.951497813069938,180.0,43.64987716022276,23.366549871936265,7.78161955753486,1.0682581874797126,63.262425030575045,1028.2371463258405,0.092278183133233,53.1675407724189,559.4305868834201,2
27.935619099787026,12.315021195573932,160.2531306472755,35.564662650842294,16.762600266808676,29.956599530478652,0.7735554227544476,85.88170047774626,931.5830912704234,0.24624460771619885,43.50674663461232,1172.710803971841,0
33.0595809910009,6.461253780740769,170.6402619535884,37.93772795745682,23.21728238528579,29.307787443246628,0.757167552988324,56.631963949255606,645.7011132868724,0.22993598613019633,33.06807508281161,978.3484013778393,1
31.7393099339562,4.093842467051742,90.0,26.211724627824587,12.066033682480107,13.409292100884969,0.7616269343553672,72.77518047076293,634.3375119315234,0.14118482679798,41.07874145875053,496.93175753821413,1
38.55544127993418,4.368169405095558,146.09995169019246,30.778671607424993,32.10757212743445,0.1742096413217311,0.845773390466394,86.49315273056193,997.0745913574692,0.18499403659740782,56.36513959958079,1290.9370928514059,2
38.877091101389176,15.468586409285003,172.0433127983908,34.93135783793651,18.715487101436167,9.287439808052708,1.058938445222233,81.07391426798321,1042.921458464325,0.25257146708209793,50.908546804987175,1282.8247062131488,2
12.181408061690533,12.099362403508495,168.49020536628169,28.751996424689644,3.8950359633867606,14.047424130912077,1.023330934031107,71.43026174022944,513.4804184078927,0.21184481596923654,34.239474636509144,340.55253702159945,1
5.280045891250587,5.423590930272347,125.60553323800245,38.977185248438595,12.626460378697251,35.41670846809194,0.8225205931297713,90.0,487.76337209926453,0.13463042961263927,34.85625258147532,270.4449880361592,1
41.019199374166575,11.107350200609805,144.12555920264253,40.48926819347685,10.627481764064388,18.81697424983779,1.060325484847975,70.59926497693823,639.7817705880486,0.14560213901507707,48.253471356729015,940.7144154456266,2
43.0649760258813,8.065660964483634,99.27268989597707,61.072479483439054,9.746183474061052,9.931720240096961,0.8951944519325419,54.980490309517194,786.2383410745748,0.06412327763797072,52.97725925470748,426.77149012319416,2
18.77314678535329,9.903453531912815,158.25985680345508,38.338280352348455,0.0,21.478485549519405,1.009006436920583,79.52739688344434,597.265668732817,0.18873859216057756,40.20027280037188,565.0629883106853,1
9.541810527998084,4.842646769787237,112.33343197546353,12.05308813377395,15.48178089999114,7.046523291344176,0.5937587156995404,57.21486444556604,790.4428328323977,0.21214226170363015,28.43329718707819,1411.402591032456,0
31.08938303107921,3.22561837167299,172.60955685575144,48.95622897006416,0.0,25.143400502063493,1.202481601355274,66.6855147155853,1090.0597277556712,0.21248530830950213,52.35260223232915,345.776569937616,2
40.239220489855825,6.432400801668269,173.65449721434817,32.55355230036569,0.0,10.22335940728236,0.8684468719119942,81.22750265062591,418.79376056715273,0.18505201340976876,45.35383206297487,758.6899780096369,1
49.77353974677746,3.756057301652709,140.51266371187003,59.14310435524225,8.903877229890263,11.674762598094242,0.3,70.39142334101548,610.8648239874872,0.16761733065802964,39.85130404086999,512.8657723600073,1
35.67927329311596,3.5099194569408882,160.42551860908176,52.651093430063696,5.196957119469861,23.754920484318923,1.1850959781632584,80.80609507752948,422.6016169010812,0.10010938746686013,42.98989503135969,587.1029134037285,2
25.911116337557356,2.2411287675916545,145.65802551878983,28.936791395461203,4.246166886280021,37.502336828022194,0.8211120848663456,63.41900668060326,532.68303761429,0.16598547712114242,28.988479704770842,618.1288829229452,1
20.17556316256651,0.7306929045877171,154.83816790029732,43.662833406454105,0.0,41.977875602358964,0.7329913285466935,83.5848002426207,641.0647015735093,0.11841690039164411,32.50897701608023,463.99543212289973,1
30.125964208377198,5.503531542209221,127.054811535137,27.87253822702535,4.342414116422564,9.601344942204577,0.6867497256588162,58.090535087382165,554.5577670478264,0.17625897137436042,32.307318826553654,1168.888128825527,0
26.70808825726218,17.488686326276053,162.4498524647982,35.032289916976325,10.437223213445678,14.033936732846808,0.916690411077561,88.18631607958518,803.9955132696008,0.11180669035718731,51.72092522322849,1236.6195711284192,1
18.83425303698302,14.608719513916155,117.17629539551167,43.11181777224745,6.2926145391351564,25.15532285037359,0.6245544378337964,70.24643763019786,730.1912566247853,0.17594080144799584,30.69595499794136,855.3241806068016,0
52.536312159496156,23.535762313026,113.40139675341237,48.35600247255812,15.486093086279983,31.687893483087052,0.6930805782124388,90.0,759.8038161263535,0.21615617066259057,50.85077649030497,1359.024814288462,1
49.63685242279344,3.3730781300768915,147.56143366666015,45.742469946634884,24.53394583628006,0.0,0.6983668171614286,66.59487711033256,638.6604440734686,0.16885758287014413,46.78784488902963,291.311194435236,1
42.49653551910971,12.884930750519693,145.7751344077744,35.89987558295393,16.647306962296575,20.873368189062994,0.7557056503855077,90.0,657.0784025581875,0.1664229370162822,56.66933820233122,809.2347746939172,1
19.870645624099595,7.287330364496785,155.446034611035,64.80108680097459,21.237548646917865,15.128570234361046,0.7066541850589906,65.42338885972823,629.8618904799804,0.19565134484146163,43.901610494051646,1259.8014670605953,0
39.40521256727007,4.374593939034249,137.00985019527343,30.619755121674928,21.982140206836036,0.7597880096968908,1.0076191089640696,57.06051319995313,650.2684540090089,0.23851673269119586,49.55612621560016,969.2788267737907,2
37.03589050447692,16.13907752189171,180.0,15.713592419608428,2.830253096399586,6.628322200076299,0.8796337070554938,75.43103276119244,783.8018622414148,0.1446357947878133,50.276628204931065,1479.004590795981,1
34.86800186624458,7.3449150449396425,153.21209978758884,18.023608457488102,15.952032234175753,14.322255403590532,0.9064680824357423,87.33989039096018,315.3018628882867,0.17605110043581013,38.35592654376951,934.0417081031588,2
43.74631793748155,1.3943365302512045,154.65763557032452,52.68809276146811,20.956416180289196,20.588150199824554,0.9543324869738032,82.90788512628596,757.5882653062957,0.22556162895093007,62.125707320638725,1444.0401330009133,2
36.98908257147405,14.500121480471837,153.9446775481409,34.08016496183835,8.076355697563686,30.081028602641446,0.7995192605635457,86.62971269163845,526.253887283865,0.1834644428199681,43.397885028951066,238.1887428128649,1
38.14015659934769,10.56188273483892,170.05819737896155,36.90868997664911,4.884360149727379,23.543481150820647,0.595531947592759,83.10520197881561,632.2284719802357,0.05,40.5800192880655,159.6747841685692,1
37.00596911709431,8.826402663304066,161.52034828968928,28.48971344090796,16.773658132947986,29.47539437167653,1.2171379454629139,66.7973211104433,387.69342029930016,0.11421907269667933,28.291324551911245,599.1196606159165,2
33.74870548802316,2.778657848683256,158.84035799416557,29.567570248409723,0.0,20.267243358472623,1.0240576240184707,82.66416895085273,628.2656590426795,0.18755210502252181,44.72979089406321,1277.866707666372,2
10.380277573143982,9.611774402041537,164.71968209731182,25.554849668608462,2.2079587524033624,12.950540530630017,1.1748219430658284,75.9283395235247,755.5768066236742,0.1299913672184242,28.788110198449083,170.71318476270045,2
30.91983185151613,21.409450209912983,113.50770725905618,40.653809759961064,5.9991928717491,18.16250046129426,1.0475984526115187,67.9026867979365,791.4168713936518,0.22201773381790765,45.276516486915625,453.2141574804037,2
23.881888452659624,10.349934764758826,114.26304698828446,33.83144098955479,16.054627918176376,26.95517347469211,0.718718291149594,76.79354087439253,462.7336964878374,0.24289620068202666,31.456050031339487,1479.0258106820108,0
15.921749465959774,1.919430274397038,148.47882509397112,40.220064533640816,13.97021269400098,30.325621693267834,0.3034448535676495,74.43674196884443,781.7677235881572,0.12048774169580716,25.840485971052892,997.3511586932715,0
48.499982812309064,10.928751782672572,146.04652234636197,39.0732606238098,21.291337915969187,18.52125315556153,0.5495987863838959,89.15992515318872,927.9552217927139,0.09837486647916358,42.74825864340152,650.3533608768918,1
49.018948749742734,10.429053470203618,161.59619688096416,29.889455196405244,3.703169510729232,10.708847376169615,0.960034850275812,69.85122607247521,601.2619920894393,0.1319408825326974,52.22115311164646,209.00637687367646,2
44.95142660325173,13.632880869616375,150.4003380436701,17.49523249636655,3.2207432585924245,23.356581594872363,0.7976154577459699,69.3838237459904,700.1826230112836,0.12905413740659435,43.91994483547906,1157.3389199808232,1
32.80734758541462,10.217744255078177,161.63729868908422,16.450404848007707,16.715207718746978,24.779809638422204,0.7276330310385362,68.01361359619091,286.29068676485997,0.22680441439391877,37.844794014295594,1395.4284627723634,1
44.856876330479224,3.520900880685681,125.08809460877428,71.3198191003408,4.811997863036679,32.327190860531175,0.3,90.0,520.5931888718973,0.09823327908595665,49.76065767311248,1138.16101730516,1
30.13258498662008,8.470920326109388,149.78510859182612,52.73808133307972,6.568464760550212,13.212371270403953,0.817112001866258,68.57313575667564,754.1040434396276,0.18712151026374252,46.906118226095856,262.9759200475927,1
32.23077004587557,6.522077599766262,123.17886524084432,51.08219080269457,0.0,13.322027457343129,0.5820087189444936,87.96838232445006,891.0934808411859,0.21939189701735942,53.26405337957053,844.6071698739688,1
17.97181492491819,9.246938366594135,157.737158687428,26.904718316157258,14.617614012722287,27.561601975395753,0.6606358322314971,64.686124998385,580.144441844808,0.1909610214974752,30.00838255807293,663.8794452893553,0
34.36690434948724,16.54692249545979,112.43429915273359,35.114116805157444,25.871614246345516,15.92566428990891,1.0070229013173702,80.06623822193396,1233.8772143513543,0.1718227635524307,54.903531537218015,1365.6614050766816,2
30.66424521266859,4.63253171896724,156.9662019708176,25.21564649140195,2.7363997532965794,15.503158173208956,0.5935887701015178,77.62509398630468,762.7779280403,0.14188944061433773,36.9370375637054,1167.2281409959728,1
15.67082671482089,25.92712148150475,120.62001238205775,19.25501485800931,21.19533250548102,32.541398701402436,0.6145883528178977,87.33368458255322,445.3286248491673,0.2424488315930808,31.74222512972599,1222.7599778289189,0
29.436831770017434,10.877591450027971,142.3294441355641,27.93471775549159,11.465412771090438,6.289943937188273,0.8608276720302264,85.88378824590465,957.4365422488071,0.13773721708143183,71.04372500901607,679.2338952408807,0
29.122974797575107,14.557681303645726,167.89855382898497,50.914219561154944,0.0,40.56203139775511,1.0119196601549278,75.81890043743248,449.4113738038516,0.19741421587362604,47.90105687176438,134.82454365667564,1
49.77317283309104,13.221176994266472,154.54759977196835,45.08894440308764,3.947458299346847,13.87364586892173,0.7314047030105048,69.62924070567108,765.6854050795738,0.14206323994699765,49.86130884971227,1163.1580201075585,1
39.83634661364751,10.562781166824479,117.08679552551398,23.35942398053574,3.3917940047660533,28.66728402800712,1.1427873891050395,90.0,514.1517874610234,0.05791484584655204,45.94334529413756,986.6476588142704,2
30.125899830006126,12.005362939931919,136.55212310611952,31.222207398110296,9.151249933734363,18.912003380746253,0.5386927808564648,68.6305254832984,428.5131101284607,0.13651786445884057,32.91033215063179,298.0756329291431,1
32.73666040781191,0.07343031689957963,119.97242949046395,43.98947806323897,15.775628596020338,22.71362284872136,0.5001077678661501,52.32276225125611,892.4304379087453,0.1421858085178887,34.2936436867355,1159.4845047294011,1
30.48633615914618,13.20366387780826,116.10483000789614,28.148343257751954,28.64030553517288,17.372135002382375,0.48135708037724345,56.414345434919255,648.0446073107881,0.14283024252118898,32.95225353220314,309.02077576535544,1
27.767946167248976,3.7758080737943995,152.3532635226795,35.955034937992764,0.0,28.56576652032974,0.45651957182970504,58.84938650886433,1045.1344109120507,0.11698449589921042,32.98486678886328,1135.558461711399,0
18.093300828728843,7.688528829681376,161.20596687120207,39.82216936477774,7.637003427720107,16.526761259804335,0.8940407723352255,80.95695545199945,496.4132823975106,0.18128851759401546,35.8122858393143,1099.0596858225056,1
28.338429346323778,10.509157320998492,158.8121184143138,39.69116662212957,3.936172323803598,14.270535281548987,0.604886349734382,90.0,388.07185967184984,0.1868544741171524,40.992357107323535,110.52428481620157,0
21.792919176822352,17.057226290139997,162.05253629759503,38.049745132283434,0.5881848465963238,38.13341825869992,0.5097576799531718,54.600393282480056,604.0669031508482,0.13470905452425028,27.754893377114712,1184.686931497019,1
16.246529071845387,3.7768323474712022,149.76178298228362,27.15563391460988,12.85902917948609,20.29382697013692,0.9035552729298332,67.17445116835445,1278.1017599465958,0.13428922408504307,44.55024054353996,670.7230993096302,1
35.62343996002288,5.617358421807376,144.53219562500064,28.388304949774216,12.013319920681626,13.243044389804595,1.0012688343819578,75.89025794788209,866.7831214734114,0.0974655868689556,51.95974296745891,809.2163829554157,2
34.30391125926558,6.255586519434285,128.5386134587537,21.396201781752495,0.0,5.097134100881014,1.0511888473213877,90.0,810.7786027473135,0.16271811672684558,56.55265431722379,1450.568885826022,2
10.346217374951141,9.330708277257001,141.19840656499002,16.263960877972732,12.163354751509186,38.6557803103598,1.0125625822273503,67.1206248084773,817.3878420311823,0.21889596975989078,33.48111723611167,1387.7889874930966,2
28.6504689875536,6.569281857978969,123.57303229347659,33.62301509971725,1.151436063799748,14.480746235447484,0.6180172374706303,80.90799822483643,603.0313116676525,0.21893085661249276,36.34211718568614,635.7353153417612,0
40.95271524489916,12.043911306143382,133.09668945746162,44.7951153750463,12.10644947221478,40.61838238501147,0.8807400121789352,72.4991075158663,1245.8700547397134,0.12004254391341637,48.897305374139734,1093.4026172095646,2
41.65146112785953,1.4583620488755253,151.77853740876083,18.43661127015264,23.42546843885481,23.98854351412882,0.9293117470263333,90.0,791.6170847839694,0.24955958835135497,48.125192801727955,818.3200252310841,2
41.284205271737626,7.22507061873776,147.64387824918154,38.275678929491086,16.16761164968345,21.428852003024513,0.7155256860803996,76.44540287633278,772.8632567170598,0.13189142995547154,52.87531358684991,1251.079183273427,1
30.42804527591606,22.82498100557519,180.0,44.41557456060074,13.597653849663809,21.698438123279978,0.8562454628590372,78.55688773145327,896.9725899027009,0.09920301507651536,47.61604290016069,547.5198141875405,1
20.70450139233934,6.583131723161194,123.08408804989985,12.959194774143853,7.2411081833695174,42.15950939276695,0.5446439894084296,75.84256959264665,445.3513552705907,0.0819076844691007,24.58836934524216,759.3125554341383,1
18.079312899061335,10.907277339179808,147.49802558336435,31.753026798365376,12.60180885760297,0.0,0.6819279612592757,70.8531343230638,524.1306161683607,0.09618661134078238,33.809794998389606,257.37351333153435,0
33.79065395225393,15.292561811955384,121.52535777592551,54.75452240550048,17.06928800022734,22.14341519507505,0.9017932072293782,84.49870408902058,650.8972219681448,0.16668749082278383,48.30124664966039,1397.352907693095,2
34.172080378016794,10.652465421970499,142.244282480601,41.623292213088476,16.177497085275686,17.347963924699428,1.1516593839563827,63.40972446739211,898.2656436866922,0.13712679376161735,41.5151556783398,1361.0064810174704,2
44.16064222765572,27.461719268153423,143.0581363576963,12.554514211252542,11.107031125678105,17.86906614916937,1.0733167149308045,54.98037599589067,440.3893974523678,0.11839960635343699,36.68073564491521,486.487334001662,2
42.09977615376292,8.6215080917103,166.89760052466278,42.90007354893933,13.95638691545024,21.49311852141904,0.9653888651015501,73.49805375476473,686.5291161926347,0.10763024698402929,47.08236160375311,916.1626050769032,2
28.545484778157107,12.473972164417715,141.00666921564158,26.027158469260055,0.15094361962127856,17.337458505038732,0.8375340085304507,83.1556372066248,658.23009592678,0.09569412716229639,49.07035086527894,629.7070642475317,0
16.313735332530435,9.618374995854625,146.17360799887683,43.29568316111311,5.39096902700036,21.881306671883056,0.8034492871454298,69.1922310480028,385.1228384748621,0.105506559768682,33.12457825436869,318.11337171256383,0
26.489827432880123,19.822741233264416,141.39364075055562,26.719018800790714,18.368037772913873,19.76422537844946,0.5015280101447166,76.86490544323165,598.2136721986226,0.20076968359265704,32.00343221777679,163.03223779265454,0
32.38954314291577,5.843691225182884,121.97896511885583,34.36361066705642,19.578296562367868,6.86441821815351,0.6361885625443088,62.793036786032715,808.4504236346069,0.2401668257736604,38.918314958267324,1251.965142776782,1
27.777084300716556,28.923918889492914,136.95795256413786,28.54948677724461,12.842387317554259,23.813660378108793,0.6433719319893879,85.62663310294155,403.346070861703,0.24325801349096954,36.55340638908944,504.7936465034088,0
23.643164811145787,4.731137332503568,142.36126569832365,35.037892672862064,25.310691609286366,27.160544516995806,0.9464470494189428,81.51909632604381,982.2669187417921,0.1843543464097184,55.400966036552916,821.6186018519473,1
32.78173296466889,24.28288249322636,151.47651766812768,28.19263791306786,16.572174748152303,14.579343824919164,1.0278885097268817,75.19728319118211,793.6090770864954,0.12538619834046746,42.373796547399586,1363.7561159293145,2
24.456464844483286,3.3918678560981457,161.1789457444965,32.317541101346265,9.901852339232418,38.67896078224071,0.9820461522958216,76.68729787891569,769.2013302662814,0.11660932565256021,43.642674817510766,127.83983526023668,2
23.091273079020887,12.758956105673002,145.3080698057794,20.89273990027187,1.022225222634983,33.35571745664094,1.0801866163753557,61.06424736704948,701.6376155900145,0.18780699135925516,26.571043687126785,866.353402286251,1
33.42598117733783,8.065671885272474,144.95647472037305,40.8879151449679,24.94859925026023,28.439522991711712,0.8358966613358255,61.51106676221397,481.53560538528575,0.13768208988711433,43.13937480406548,1437.690291794143,1
25.578081618578747,15.075154736757872,115.58373683025894,37.1034225037271,18.932857114391197,28.31820744028014,0.603755359829345,73.78008576226664,570.0606299248632,0.1705958272967326,32.97074146814748,1232.9982663235269,0
32.68514827876187,11.101458831541311,160.79469034512704,15.601613910750185,28.184802806374663,20.30096952609888,0.8090147628031634,80.13734810725425,772.3709426014241,0.24652189928505747,34.19354761991469,407.03569195593155,1
33.00524425137335,14.516388015416945,136.0820422569992,46.91499992242313,31.50162709953524,31.413721047344204,0.6605358401048544,80.64378670941271,569.6689591043842,0.160841428927779,33.44647125571589,381.2262440378871,2
17.46628098799268,3.284538864097316,164.9424647645955,32.88454448414604,0.4175372389551537,35.70754612062102,0.9647291981863413,71.37067125886017,737.7498146818905,0.2638925725523226,42.83336596537726,1167.4811223640959,2
24.706347637480466,1.7632236216440622,176.3287989570839,36.94114875483092,0.4409963028553321,28.080240128119485,0.7410007713185734,82.45378356291427,520.22373615103,0.09365625916726716,29.35279863099881,211.62278888160313,0
45.81554633908109,2.8083533809698946,146.2416994661399,44.17474006435023,0.0,14.297166581876347,0.7983230442084203,89.20791527413573,790.2859826007309,0.17237112035178836,55.359444772761876,939.1072950905221,1
17.21712535992284,2.741335294350677,129.53377438468215,38.93890690831981,20.265259233267805,19.603185617133995,0.9725968905276383,74.11332583335768,805.2161195991808,0.16568682602800222,42.189287783417875,427.74345127672757,1
6.716801061324158,3.2479824154979635,149.66602773827404,48.982437901530794,17.90834418738839,25.736700329760897,0.6569592562898554,78.09663906611777,374.4622688200664,0.10079593643394968,29.380919035451175,1274.9600852982362,0
9.519703314332371,5.004286376051673,156.97403996037278,31.480453733535068,12.880011001132619,28.377449040461443,1.0320748488808948,72.92145869665875,713.4617073001971,0.19008277727835962,34.25492733947883,631.1825834809084,1
30.32020941234336,4.967194348352014,143.6895999750656,47.413152634724476,0.9648009206093917,19.225227854564494,0.5235288025688849,73.73693691031488,395.66641442193105,0.22654049972589319,29.29173519328097,680.9614025842747,1
30.34009005835969,8.21140076325102,138.7192318124135,36.47509541368785,11.198696797877057,14.331914528929284,0.8874412129465415,76.69564322958328,327.7918045886593,0.26013349086155463,37.957153031459534,1212.1815117725182,2
28.70628059032367,4.0204524412253315,161.2706442139483,41.091601094080296,13.66234945506935,35.84206987377832,0.8000022205890263,90.0,581.2215498975255,0.17056449286101338,45.15374143348581,223.32275229616533,1
43.35608811821352,4.306035608509734,159.9515654938839,39.84355007357485,19.044531001912524,9.276802854810423,1.0020151952132754,84.1527637724555,1259.3835124358634,0.05499465889929081,61.56260118987245,941.3458364516306,2
0.5988212358676819,6.899480208505988,143.07420719345686,49.888763903714306,14.456882230187574,10.586682443670817,0.5176377283899233,83.2518443376218,855.0775906049824,0.17384948779972847,38.62564833097307,1447.6677096853987,0
34.35527261873906,16.515724970597734,116.9186766947862,43.65694848271152,17.9742116549205,6.728721904985861,0.48322595298593346,70.46257133748931,978.4208087314005,0.1870979790746875,41.98693824766505,1010.5260381131123,1
47.17582021983931,5.762797950178326,159.12756370758905,29.684654236281844,10.882822170773565,10.56449180375676,0.98500976488945,66.01824851208292,821.6833077047388,0.13824070011951717,53.9588462867588,214.50882906393522,1
17.594411586191146,7.803887160192068,134.65345613117248,27.304795472001828,22.633337045327266,32.473448771190036,0.7339971288591787,78.89535440956043,741.0886768605651,0.16075596377167226,37.351642231298804,1371.945817775648,0
25.822128370311155,8.79671765382126,154.2868215074062,34.40295022886201,17.685570696990975,32.80832756513203,0.8000235371709947,87.43745313974767,879.0783233468684,0.12582868377255538,41.65555146427312,280.52580961191757,0
21.718188910485168,3.600950183423246,153.02314463358073,25.878782707049034,1.3176023636925809,19.2595446553483,0.6748551845999895,90.0,572.0857262674969,0.14331521960548332,32.6834825550653,616.3854067270322,0
20.162193493147186,6.226249730483959,112.2210514591467,22.373693584083835,24.502983308906174,24.963143955567805,1.0208182835619921,50.47362810734298,794.102923346155,0.2008743492656312,40.00147303118615,354.35002737065327,1
26.41111794474656,4.605495522639914,151.62163368823147,9.4633703684235,23.030143704436227,19.89495422376084,0.8858275662902085,90.0,935.419562484967,0.21945118701008182,41.21604822246297,1110.5938541002179,0
45.702338120529554,15.457468063096796,160.29065050748912,16.408846906055476,16.189272633476477,8.080231740470449,0.8729460993725495,79.16986948247686,839.8843444019553,0.08646455390328738,52.068632435508334,470.84839087903555,1
50.211253430362724,14.592764866064998,162.74304830620974,58.824876333338295,14.526459344887185,42.181070076744334,0.5626834970015304,84.08930364163793,948.5559930073335,0.12443388077843423,49.37600712252276,465.552719011747,2
26.304668524558373,4.215622968133551,152.34731502192625,27.121997004442676,26.927504119904928,33.74739965069977,0.9303312217049684,57.600558906044384,736.5200319257324,0.07057727540782158,33.952727823450196,678.9832492429457,1
50.955662354709176,7.690081866265658,110.45627912100821,57.84152359785374,0.0,23.544194053297083,0.6017131578733546,72.63094163235345,1038.4161303661067,0.2419162129409103,53.75190186996551,500.5324628628407,1
30.391341246830873,12.48091676301838,175.54162124373275,39.83785521386696,23.17102071653686,11.441100776077302,0.6751183339101196,83.22847916897209,658.3536492365416,0.19353897597445596,50.16602815936021,1198.3805246920235,0
49.29060129371189,10.240975247046203,158.2204533508516,34.40290374036674,7.714139712830842,17.750656228302205,0.5196235137472669,63.25252241281537,1123.5384860017639,0.05,47.95282207152205,837.3565229145788,1
28.97371485381159,11.050783956316613,125.93361341259046,16.992738598145195,21.85659701769347,13.07574448580031,0.7855608755914294,46.116886300324566,814.7214844788307,0.14677326187702694,34.345954705696435,878.2891049705613,0
31.441636086507586,3.6208028612431797,134.24473919683453,35.056026746912586,13.083382624521386,20.97582240928469,1.054184117214808,78.35505352303248,623.2107488346494,0.1358270463924915,53.32034007973923,326.2766790000102,2
34.02021919907118,23.697898894075916,154.62448418589042,57.70620520361875,0.8136657893258565,23.099231745993485,0.8698728976158996,74.50217336837183,464.17396317410424,0.11220305279012455,36.58835671633784,1378.8853646207351,1
64.96739047304288,4.923040307378668,163.5956838659651,53.69164092820087,7.531321709678778,16.588745061896375,0.7227994005707692,89.41337087876839,538.4017933858877,0.20181386585181985,49.96407271590932,588.4398222027673,1
39.36414132329268,4.806295599042501,140.24074287304597,38.290863832370945,21.195561658493688,5.455872470929979,0.8440121899822615,73.40081524115385,508.12766674868703,0.2006693421236868,43.22046012683704,628.3320643877846,1
22.2200901705339,2.4917153418260614,166.5105081475815,21.215979609139808,10.10812906812114,41.320589857158836,0.8427950738695277,74.13281206917505,682.2561587237636,0.16347258048408486,41.34256646972464,439.34496124552567,1
40.65897657303444,7.136899643999294,114.14466341799644,23.514015857010172,6.406631267537054,22.37526746831351,0.8345351104638282,81.97677505636831,445.20833285736035,0.11791737792401061,46.06808078497262,1444.262617375713,1
26.019842092072246,17.71769449323902,129.15081977812426,24.768897879290478,6.346451479844816,24.56592000194427,0.859013574657161,85.33520435596482,958.5516897387843,0.11833759853666878,37.27383903513064,949.8738348281881,0
24.6127479880867,10.165953093919203,108.71271980315835,50.337859128352406,17.780226800104113,15.775906139250143,0.5912012421320941,67.91251567340557,722.1445748808657,0.152196337535095,36.06996493424559,185.33867618507554,0
39.99461495881322,7.576257099254905,132.05189714260615,54.580645233305106,27.75571527125967,4.379888846707864,0.8434384392066463,84.44498759577021,714.0299357715389,0.12714318213001896,48.022584286339466,369.6566405408204,1
30.34194146548268,13.863946779183143,180.0,37.350714019611026,0.0,19.166994691021635,0.43384535875391433,69.78266173070385,466.9226341672107,0.14970892729414606,30.090355612300634,772.6249557428632,1
33.06433505962987,17.420152720248907,180.0,31.363034773722156,37.206160026089584,16.767779910130997,0.9466371938488752,75.1652160372658,546.192459281881,0.17790405480918137,48.30163170261548,362.9931817813002,2
30.153837440518217,14.57030787642761,154.69180936460884,53.5845259599318,13.833716060785182,27.09534380719577,0.5773951777797163,81.70769742807357,255.9265309842641,0.0733235768383199,39.88417153863149,947.0498237144591,1
33.70241439265978,1.2546809797653649,137.23141585462892,23.257117509620542,17.222017217689444,29.060775733761698,1.0790715226349614,83.45136343877999,1023.5610280954921,0.11209078579072976,50.081253009689405,531.0561089514576,2
34.67462487179764,13.946841661375199,145.56720198298115,35.62187993120439,8.073644275673344,27.650294797093707,0.3,78.18314906404724,416.4566712480273,0.1483153519590635,26.14405542453509,589.4600439217168,1
8.693363740240432,11.366400132232535,159.46679781666043,40.555591994553566,11.968363876288556,29.88272335917149,1.1883734873558771,64.194446729668,431.61925138683006,0.228267244861184,28.81099934524902,1201.3194440314392,1
37.33229935470487,4.135224244695474,118.74038296721835,24.64639271388321,13.73261710917997,38.03665807476598,0.4593714511088587,56.29745290764748,982.634678414409,0.1922666775003626,34.66677136615001,834.1218335813495,2
19.197786381866692,11.400259677263243,138.55001648037592,27.369029343304312,2.5581360689666823,23.89851739535556,0.5560143815898311,73.12044011775548,777.5129317639478,0.14982079872080614,44.16273109489585,258.2397405873868,0
14.134709508846477,17.741878815958135,178.697861489005,26.435149049748762,4.7488670556822346,30.992158208098346,0.8857925483470201,84.71284858709764,724.1473574920161,0.17011543535574636,32.93934180016935,620.6525444122857,1
29.357476317554493,5.105704568815078,129.08579861343276,52.00072227185703,22.661107868021283,24.938605738357282,0.9561172965734076,79.49697441397743,768.0536950784107,0.14492480661423873,57.67032642869367,1354.8787594915461,1
30.923791036458997,15.291393658712911,135.01950201476913,57.97240732468505,0.0,0.9996460002208281,0.7576552061664688,77.42033007380037,890.7800746522333,0.2038611886924665,53.47227937551423,1284.6223809241092,1
22.37143218970491,10.329418468614072,150.2638731196288,36.377510362838734,15.969351929821865,18.454797173122913,1.0163733314967318,74.92973443533516,719.9750633487282,0.17168765756972987,48.79889976213117,1163.7790594224157,1
39.141350434347714,0.2055325863245136,155.66284519009417,31.78137695548655,8.66534781567734,11.322884930962164,0.6447580643936668,78.09101843471686,391.29305119643476,0.21394001221916342,39.44204453062561,1280.937938812291,1
15.236073169920024,8.009409938524321,137.49991907601054,27.801907100080445,3.3536356547198203,22.314333307043608,0.7320677717079509,65.05908823046082,846.6379744751107,0.08223306587976102,41.43663698935789,228.11251622366814,0
25.52361876350185,10.032303940790129,151.5392876650391,35.02095576140395,29.747386667724605,12.089898406863629,0.7535428526538783,82.80201819165282,784.4687753286573,0.1096904729954436,45.987152732963565,271.0437979319051,0
23.566384515736992,6.4253691676021205,162.1587906747888,28.397338982758527,3.4094769486470575,26.056808900303366,0.7015529112007849,83.46306458422148,934.3106694907573,0.16372856683177223,38.17330399464099,126.09172896397098,0
29.48754002626727,10.611040190441399,180.0,33.835637091737354,1.8290820023897574,29.810280981395948,0.3944807136339308,71.4473449165672,450.1802273049029,0.17467555943344237,29.206353335617365,275.03829599280357,0
33.067507131119626,7.3659955566961335,147.4751124113044,39.95879387604708,10.317245668315174,32.03570046020159,0.8145732453681312,79.37007630651638,554.1316204828656,0.27001692250025205,46.82896747644579,1252.9664652745448,0
18.913177554141008,32.79692613399084,149.17405369318874,30.13624468651558,5.082972293081088,36.19261561524267,0.794698426185399,57.83450535629995,778.4177769428369,0.05961266821577087,32.124163744577594,153.10040915758594,1
37.96710945201851,6.0695871099832885,180.0,32.72494324863083,12.057425912950938,3.239759159291072,1.0572002080162743,76.80047915971333,511.0976866916135,0.1483462373818092,37.11920768070149,751.2506485984578,2
30.6930260516817,4.239681768965537,139.0166828340381,32.774546179132344,13.398593669862514,8.009999650531816,0.5370922285451432,73.66874739058333,229.431499418847,0.1461039005417632,30.608155040429278,445.96285021580644,1
9.188591213568984,14.762357906349798,123.51293934475638,31.189238783286335,14.11192259071434,49.278151862331185,0.6793303887046679,87.59232906870481,739.4661157473738,0.16189193062102014,32.33941576129532,1265.498407852305,1
8.455494155632657,6.705404297746677,155.00497951317925,29.70262547580547,10.88498237480793,30.095237198595438,1.0847680696151798,73.01357242814939,879.0015266200469,0.23666303106442546,37.743005190714435,1224.0114865781657,1
29.864487777777576,7.675073753151729,171.5235005017583,44.146359235241675,5.680544672169974,22.244479710470117,0.8845235494825574,83.68664513380946,674.2136358116861,0.1938137807169234,44.53854919940724,1172.392614838996,2
27.569359504350103,7.177757331304798,157.2209427039937,13.751167652282689,17.790627384113975,20.320375103118955,0.9408635309544018,71.088274888175,809.6270254508905,0.06979928392338183,47.60724209535846,629.5589521596816,1
28.86237875067903,14.202139879622864,148.05968684905508,53.89135830801516,10.994765101462704,19.431398529050806,0.9197553971346969,52.13899285424898,780.6735028635768,0.22668797236384372,31.55767994377282,1395.8270941992932,1
29.6921929781676,3.2247820674417853,121.03213253730323,36.626353558435966,7.539444191505193,0.6625344246457985,0.9207317624356018,72.74463679189768,702.099071519206,0.22529315122054167,48.06370621778651,1354.201806393109,1
32.48115823461199,15.270268208900639,148.83261509463253,42.320210911838174,25.3199432918777,12.276708953765077,1.2206309988664898,76.96757255113438,727.192631339417,0.16315372835994343,46.42535471269092,1011.1408693429436,2
40.424145708331295,12.038816392790139,174.66309852632673,43.70093339778651,10.90819235647694,18.881524054953413,0.8401389447556697,76.50837503688507,969.8276223992464,0.06911173760609167,62.37780855414114,957.6293346558421,1
17.77784608990686,25.980943223032682,125.31765836921556,26.503290079633146,21.82787941346932,12.841401245396133,0.5975044790945974,76.65950505273479,507.149884721274,0.14241905121731815,31.5516457061978,571.7239089686378,0
17.108312478091257,9.466935132611924,145.10505652393456,24.0276973258491,23.041546023984516,14.14864009450585,0.960535446970136,69.93545797634432,854.6089624581984,0.1734363993955028,44.04586364207957,1130.2440806071786,0
17.973437563238793,3.448041359126562,142.2503053568328,22.612768584154075,23.589055518832136,45.58731421980618,0.6953586316700362,71.76272424254975,463.8244482696965,0.19982755067020683,26.36983637620204,1413.8853023940128,1
33.17808333885578,9.544211442979272,136.0459085872451,32.035183642056936,18.220420272999906,17.483469584335992,0.7958138651879759,63.73656155419467,541.0439574669554,0.06147761043755533,38.1403118934393,542.7012135640462,1
43.6944211651109,10.432128749561418,154.95846009038013,43.39045629861235,11.994298528118117,22.78120008266731,0.9014398203862581,55.033943344908465,939.1834629452899,0.11154477261661667,56.4257950944784,500.3014308132904,2
25.255266179365385,18.790069342113025,158.86610482512015,27.99485569735011,11.423624784140769,22.425362850037217,0.6393020506518517,73.93540996620108,458.0337209504977,0.20490082057206868,26.33793715394514,469.01582008615947,0
2.4813017142437985,3.440104727959581,158.65653809586874,42.29517968213966,9.802918933650401,25.894594986230835,0.7077351554796509,67.54796917501885,651.6817504511907,0.22508825353387765,26.973148921440046,1476.4198547217688,0
11.256078511285871,1.9213347511913956,130.4638047276975,6.584945373665612,0.0,15.227172341298978,0.9246866856354905,85.79835578999679,1172.2694211054618,0.17152637163315695,48.24822797756406,856.4446942404072,1
20.836596049243873,9.692179893991696,117.08032611332635,30.373193576297005,18.46926125173076,32.46981248038682,0.6992981063340041,53.1801631365314,905.1101320621935,0.20742561068101362,33.208485653430046,1454.5962581911015,0
23.86498223755264,26.727257304059677,155.24776873061458,49.00564841133875,14.200190097465711,24.435621936067356,1.0341447695178785,77.91018799144292,552.5656074125078,0.17276406355031598,43.04006977233132,964.3312324157097,0
25.50772510019801,13.307410023056933,139.88161917034697,32.948344531604775,19.429718395877646,7.1283562627533374,0.603045328470221,90.0,586.8349499946163,0.19815423790569772,40.171059241136014,510.84564472380015,0
30.424392352790086,13.853165222641135,180.0,25.050276366006,10.946986036752325,18.924960007703714,0.6023046371894549,73.17153568482495,665.9767743632904,0.15725611375662302,39.919832983152105,920.9542675932445,1
26.570790360953083,2.426386413258395,180.0,27.117881334348837,17.98342645758173,18.278516793282094,1.2393322904661708,74.97251909317957,962.3888462078284,0.17399742716091082,45.278828190863024,317.6249691754057,1
41.54273571597748,8.538754003355907,180.0,0.0,0.0,17.818345446693773,0.4833501828495504,79.26346769971491,499.67057140152366,0.088911070330844,26.959489585225054,727.3404299582168,1
22.563809637504946,19.03103972230157,131.19778197930574,22.85837635505695,1.476609516645869,25.092968022230842,0.8141223636203762,80.04519457205727,487.5662116263394,0.18610686329862858,36.625257461446026,720.0258600236621,0
20.514502445769025,10.522668722056698,161.38738173484188,47.686896470150984,0.0,26.347251891792208,1.227326446463838,70.91492663439354,842.6706113758855,0.0873823576057384,40.966575544126066,907.1542682761886,1
35.26763092372508,1.7825755542126844,167.4190503450297,28.008766797245222,10.790857237515365,25.16653082813986,0.8137098814621601,64.91703789951842,363.77260654446013,0.18605080329902934,36.711403094334386,642.1385135435396,1
13.107937230812688,8.410455308856651,165.16708467088804,29.425467655985294,5.047269709992599,23.38915358077563,1.1162895471940797,81.52720797550529,517.784569469785,0.12805084815091808,35.01302117523056,737.1911165974365,1
34.286608758520025,12.659641789562086,142.91204111612282,7.018253755563105,3.8695631234662216,20.856377076561753,0.9635444701691032,55.919386125830215,682.9822036848773,0.1684994151981951,30.349351928954277,1326.6172725279575,2
31.128085020988934,7.727578603597541,175.58329805930651,15.429946482649253,15.01187140168777,0.0,0.8184155854683436,83.32228320050409,693.2359576043464,0.10236016396965063,47.815935944826506,352.54775903869046,1
28.37813261090016,3.84310463358108,150.00949972733045,49.28059014319703,8.170435252221344,27.77892628938173,0.7912580424781677,71.08201475931813,427.0760206204152,0.12481959062965244,40.706176428526184,1391.708679513941,0
47.471037178641886,15.075616829115987,152.5621224987088,42.40752896793873,0.0,24.883540951064766,0.35375016888859634,75.0308515408715,770.748079826796,0.16839854596902193,46.058666765834786,853.9582080562485,1
23.155718101758104,5.874448175316553,119.24333096445713,19.430731622726825,34.90290095476888,10.152387233287591,0.7497954348252203,69.74392128751629,810.7530055865292,0.18771658166255073,31.53026507522479,980.4225900544479,1
52.66327987576486,11.259601459073174,162.8952993914598,27.433131301121357,11.666904415607318,22.805822783966413,0.8710880712828627,89.30882623521623,567.5021347924585,0.20468955885794832,49.36292950226674,245.97107879549245,1
27.520254058490906,8.241149749084846,144.79176572855178,34.6499318840146,2.251532523578735,26.479384810802234,0.8709658401323664,77.49010707424594,1032.1514622732902,0.09249631680800499,46.00010399442284,303.3610856219768,0
15.95281910532749,5.693055501199221,159.2955772420105,20.64646721411893,5.971480851602553,31.71247065225061,1.3624889265738571,71.78262013387852,767.9212136695462,0.07494335901559614,28.255828802966548,1125.5989469786573,1
30.769115390943078,28.717079378508522,154.70227399609237,10.950273397836789,10.441713278917165,25.10301443173887,0.8818107745528911,71.50097104358255,499.02820536582357,0.10123468340467652,27.25423697405443,1360.9244742937847,2
18.16130279649355,5.176251897056771,153.61873153327542,33.08947535072677,10.422786339685194,23.216018068163674,0.9586319705746458,73.5184286533213,1024.1561092565678,0.09671958886523854,40.24370308802001,826.397610006586,1
21.730685674051497,8.774551194009103,149.08572855066632,41.87130274607889,23.719478457412883,29.46772317500743,1.0762918968301782,90.0,595.3351229465966,0.2283414464339449,45.76987982127556,334.53677003450554,1
34.3673663001704,8.221303820275894,165.7319946932091,42.102287836759444,11.28513038131013,16.934599798058837,0.9389102885361141,61.82911643020365,735.7746928645216,0.21701040484901357,42.850198583907236,1215.6814655057835,2
36.11140297515137,9.513489956061035,146.02214926229868,45.50284862650575,28.69687354681427,24.120032195950525,0.8010692053179281,85.82882180965741,602.643755360114,0.10016916334078549,42.28570324909238,1384.543750104148,1
23.15615529720316,27.32496779678828,120.89605161094033,16.357312858642118,8.108193503891048,13.788868057961771,0.8021387828813312,80.68105287089956,824.830619907548,0.23551545430417548,48.13819926808324,1038.2489026664516,0
40.861456595510404,12.671185111070312,161.3791121274787,35.69482291792327,15.837924362339031,31.102967076213034,0.7428560139080181,90.0,603.6943424392076,0.21402493217579255,56.41336674645687,356.00876472396027,1
42.732585338232475,5.6477870742844685,133.81988950176722,31.77858362925054,21.197821748950474,3.902888857433279,0.9177264264100475,81.29066795191522,615.8287370912595,0.06851985709928075,50.32465928350982,677.4581209401334,2
45.7993193221962,21.875901806049754,123.51476314635721,33.95335177403369,22.756370742405103,28.167371741503242,0.7825294413844266,75.03363000366818,668.0044715964182,0.09848838349764599,36.595508356351296,1415.7703153877358,1
35.82354747838294,14.247019750093513,129.55513331714803,32.45862039639035,23.806849956859317,20.17708961848007,0.957486005916953,85.2002762862038,599.6099489979963,0.06703700738533058,49.682490426137434,368.212539898696,2
44.99771583294269,5.739829612245622,155.6666475871384,27.07462183270981,9.551894332078788,29.65387330726293,0.5980007917274661,77.29768824349294,914.3629176902616,0.14567091772981433,32.050601458053315,339.0546172181596,1
9.311217292285367,19.67115786340141,148.069623938103,0.0,11.950596657525725,12.194556296087022,0.8523066608499016,82.54956030606311,448.4413447752156,0.15087060620284493,23.753448411492794,1082.5067243083154,0
26.50302796508691,2.3990372107873617,107.34633940654305,48.941948246848085,0.0,20.89983578816296,1.1614548107096212,89.2821946381923,692.5704647423491,0.15077699235500672,49.94960124244179,860.3477420388158,1
20.46294218044231,3.1001490366864557,142.32688113894662,38.95988198570107,10.235909652594954,20.60630089731278,0.7705828305841409,75.92519973822483,717.8930138462049,0.05,33.028334772598384,386.62671489487076,0
31.31148447240131,1.6525071869534667,173.3846244994953,17.18852254956191,21.821287601369836,24.33883560050456,1.225460357932691,70.75615018348385,675.073143614553,0.0786380532932189,34.95691546683442,963.1268629308765,2
23.71405858883589,0.9204655031485549,140.97408658133241,40.677579835913065,20.071528318702946,9.524380493520194,0.8560077184123642,68.56188135750901,893.6597246800058,0.16300774379125765,38.10166790065553,1411.3445969017564,0
28.172263738552942,18.731827127430904,146.69046893144815,29.63234231598236,11.221615910909268,26.362150880843537,0.8075681977278799,79.50540407596765,399.2104011660167,0.1811111243075066,36.79654546096149,1297.275399324091,0
50.70392368224454,9.602950564220274,170.85982874654306,29.97233220298724,27.29225498636962,1.5410587192764318,0.8456560705068505,66.21831591053983,813.5834487109923,0.05,56.00485319926922,109.14477862598501,1
28.133082239375838,1.830633273861535,165.90978516409072,25.779024782131607,8.543952440896737,13.321579428826364,0.751486886283967,71.50195035719341,451.00955039827693,0.08594339910836184,32.4284342667714,1327.4921294543212,0
34.55171548909235,8.057515342739256,170.43502175303422,41.443165671827174,5.554741583820904,4.372699928608011,0.3842776643565889,65.3243123829768,598.2446960933177,0.20112065699597956,34.29723631584484,977.662831356082,1
27.44503737083341,15.620599487024974,94.54892779892594,25.40211714180561,7.786544382962678,28.28219399685626,1.0136384688090931,80.08339118418864,430.46197083170495,0.08878233913809314,35.543069853037295,473.9759970404282,1
30.83284616752517,4.421521404048148,180.0,21.8379837669128,1.897814776474961,24.00130777509036,1.302396896068365,67.4784422942109,633.5817649460201,0.14926504170980487,30.4424105478541,230.78768295518256,2
30.066183484796785,6.426418148169898,162.72800870855858,48.580937727271944,17.60155528533183,24.560386468987367,0.9256944394071872,62.13267087619145,584.3577448040035,0.08402283094639258,37.57069468510738,1459.6889233326028,2
34.93156472570475,29.61207439435977,180.0,32.8534230827993,14.596336304477482,34.73189396248559,0.939090611498421,63.892245770811385,1027.6543594948052,0.19157409769299938,49.42429631973906,140.65274754196574,2
42.81838289101894,6.908435754071246,134.35347938451432,33.2301633200935,17.489815017357465,16.840583308381976,0.7798296091772409,69.28911639075702,748.2732805502269,0.05,37.61576624495243,358.467149399502,0
48.121333973636624,2.000598105959984,114.7309878870218,43.30956944331999,8.270659632619097,26.095856814126602,1.0747136017427414,70.19699181103226,787.9572040291804,0.13477704971060495,48.75520392332347,1039.7466064232792,2
33.40582090100084,5.3636345979481685,150.14436913450353,26.988959589845884,11.477343185946719,20.660223471764752,0.8113602439388494,77.51452645553499,478.4992865133979,0.19701532140891784,41.189022212846155,1161.1282204284155,1
36.485015746391625,1.6935028853341763,144.49255340485678,29.382161928237373,0.0,19.137654453313917,0.8787884216033172,73.38376711306861,848.0154225685822,0.18050143024877638,50.937750218272114,473.3288848366595,1
17.340490398958764,13.416526508723168,163.07327967229642,38.668583236674024,15.386029961799425,33.06625832078896,0.4756523771578708,78.70310793757704,1027.645196075228,0.1267943814695815,37.95098679468492,1131.8986957818825,0
29.033355833428175,3.8830993568003307,171.4985668917271,16.50346877043481,12.889573095536845,40.81879363402041,0.7035447885462212,79.50612524541724,873.9818337132432,0.11506589286205698,36.07372487163136,1171.2422983624936,1
40.34318411371948,3.771417236172796,148.25411710241005,37.65318856121858,2.0952510465588183,15.685333371365855,0.9008176925998723,82.40499511428536,437.5974849962651,0.1383551737625546,43.60648070178429,1223.8176530315689,2
39.52565502258869,31.395457329336523,145.1858390837455,25.931462489823595,11.058082211220624,28.33719591519883,1.019586581608478,55.921754231933726,607.1716294417173,0.08553244586032269,44.05124866946506,1155.4906122039517,1
32.32770706074555,2.7780263591201804,160.45439639032256,45.26567110946178,9.679356281368495,23.191169126468107,1.0256867432684909,63.72776628650006,721.6980222189696,0.14499962934169625,41.02882715185835,145.72758389429404,2
39.75033355524748,2.2987792050057183,144.87342668615005,41.55995992219891,27.87880741506743,23.311124224504418,0.472580198630095,80.54886722954384,584.567364837103,0.1458562017645039,33.94580224808401,1349.2308461092025,1
35.398433798932004,3.257596573329699,143.20035798206425,39.97458028370036,2.4498572868497597,22.471777290334877,0.494888449445422,77.11412341963229,1206.5981706521607,0.12910253717808123,52.10858872622466,887.8913709726244,1
43.203368840852534,15.962620372751644,170.7426987735057,15.716496217345316,14.98283560980032,16.66922008538842,0.948510162232147,84.76932953554521,603.5447138476236,0.20001738072339556,48.753358813541595,703.4669195936316,2
33.18295072652822,12.18564708556581,175.19555713807145,33.75925525791416,2.1830848258947544,0.0,0.6557021546389368,59.55982371481613,691.3297298557619,0.09647581880774117,40.98509151092628,134.20697358700994,1
26.08731852871862,5.304780340804366,171.67932487726188,20.87280127502867,6.9791390033675675,35.348093245984884,1.0168103733291907,70.2484542700555,579.9544024981476,0.06478062913715828,39.81990769578519,927.1208120333278,2
33.69425382626326,4.899940421705665,146.6354057454895,34.557633164275686,14.491370583230072,13.05267412327601,0.46136299400195596,72.03620063565627,746.3367427690214,0.12373403134207503,36.38956132894427,327.8634555096033,1
0.0,11.51928660011777,107.20422024493634,7.216643877323136,10.097733082231995,17.584428550493918,0.7983498123786414,76.66563787988602,976.4700032044329,0.1561998820975846,26.10025134133261,866.744206486143,0
34.211743100235545,9.879370376885191,147.03587827214304,16.51001277949709,11.946082294077993,17.79707099981912,0.8124679002065144,75.35877374535431,722.9710905554183,0.1446635871626765,42.10927924713919,364.90035750283147,1
0.0,7.272487190375559,134.840399746459,49.26840330608225,14.994498974087726,12.161966067466222,0.9257027613407138,79.69077782017283,656.197349043529,0.1424418992027671,40.89594707415177,1063.0819711307336,1
11.0419025185404,12.49064916159103,147.40549961978823,39.42863811207873,7.55679385921298,22.40240141995622,0.5931448008478023,73.85346038826818,485.217910750823,0.09368177434922223,25.179120705082667,224.3839329647525,0
34.96945461035082,3.0515408015620076,136.57818214564782,30.754209830243994,19.957318813338958,19.55687564577915,0.3873119065084082,88.72336270954683,941.7672736734751,0.10087300087274509,35.35246967316949,940.5347054744955,1
35.25282270993475,3.943697976991445,149.58520289068795,24.09508012776533,9.250682310861556,12.834640211704619,0.8576800075400499,90.0,671.2612123839026,0.125582690954978,47.04964603635509,1001.3218786734926,1
17.213283418460765,12.963797446866856,129.21448741536872,21.988952988954882,11.122000846026856,21.49302016651355,0.9358146599600052,63.82103246600653,662.6607430653929,0.12164013369984726,28.651096403238533,653.343273765136,1
22.166877539331672,10.485079762291553,124.38565126563242,37.40186906106231,15.251801471290701,19.669533070416353,1.0416400917792683,75.45111210263535,232.2125638702335,0.20490427827436633,36.53426219399448,1384.0174993533715,1
45.07595087475545,8.500788511393461,174.45382965141783,30.87641228489185,14.043001810483513,29.278385712881022,0.7411186362554868,82.97994275307104,674.5566798259754,0.16319579267416479,43.01597527778161,837.1694214105144,1
24.675668552700564,30.66311409221389,130.60684773264694,53.55976619980732,17.798051320885676,6.596172123182672,0.9906499610233983,80.853279817093,619.7790045268673,0.12337182537078326,50.140074173915686,1150.7253021889417,1
54.672123436432834,14.497486034515571,150.00663250512707,32.782835359875804,14.852679613362346,11.946106791082169,0.9268702304754544,70.92156375664315,334.7991179253943,0.20475065288181207,48.37334186964239,722.321155721797,2
29.978881615060192,5.441207348004019,169.0902969320567,35.7046459069344,16.22127595400557,27.25297610837405,1.1109291170971538,77.54864885246786,897.9222860422324,0.1723139294282417,49.498697768688494,1208.4000805533167,1
34.48839794569393,4.263319406028683,168.28608252459145,18.337958383335547,9.071647372513723,13.60257056551777,0.807814658470272,59.16541685388867,592.9515161546121,0.08212281984024102,32.40915908154541,1356.3600909665572,1
47.78561838348468,10.855998187783602,165.89696409830702,30.671609297874326,2.381060117230316,10.965977374549166,0.4394221533853026,74.80858121551915,1079.113775541996,0.05,49.723106826626605,678.1842970791582,1
31.441298278127615,18.69193924574606,156.0573302900307,37.12389686081583,0.0,14.09709058991389,0.8051148718037655,60.396962954979855,982.8883079378119,0.0836882707034378,43.28387690109145,1454.3055032092232,1
18.97421621240119,1.4135229105884852,164.480066170737,30.52657146544176,0.0,18.99021283310617,0.8394591646617965,80.07978964032318,556.0192778499127,0.17974673091975607,47.19016698456979,314.3802307731994,0
28.79299803136281,10.283498077080473,177.4617626521231,29.17245759710921,27.864540459563482,19.028210639329583,0.9340027333276687,63.840420519009186,973.8627304541878,0.1945742527291058,41.89904908580566,1284.636463331308,1
29.608281901909,6.339236416661454,158.50045187990747,38.92291550738388,0.0,17.900415638976668,0.4828098794050643,76.63033174768003,1022.108438895847,0.06698846926526494,33.230431795848716,836.1687125069304,0
14.98784182578278,9.60064001550069,113.25595306371633,53.17787937873187,22.74351149079392,9.714348515513503,0.7513501407422676,78.19195590421563,588.192888895622,0.18293221078852737,45.377255865911415,293.77716250327387,0
27.185847215250945,2.129758058720267,139.42933587699807,36.73963244369393,4.612178898322742,27.731589272535317,1.0109827857442153,75.75863889093417,493.4679781098454,0.18103699220801564,43.77176376291541,975.4652792091122,1
21.8358869660282,18.682732339316207,163.92740143444175,48.73023540167765,22.67796874907824,33.26219762257678,0.7971012004013507,68.6804713706823,268.92906419431506,0.21975208827597387,38.402609954888966,283.8414415217194,0
40.16793532906178,22.196620885083426,137.45808132581192,42.45922853022539,0.0,0.8957131361326915,0.7527384359309413,72.89631749776379,776.0883198179465,0.19751970730044063,50.60182053738477,1342.4792278283358,1
30.380730616037813,13.57088079346253,180.0,48.01224049601421,9.884154883050456,4.464593825764737,1.23939180751237,86.81071668209721,505.33482550134573,0.21759412340012055,58.260684733149915,1242.3824994495212,2
26.88924675937673,25.25062027233933,148.73640343667137,27.683360919840347,25.086219627227415,30.028569747749874,0.5845990788970585,70.7539160013842,782.0985855046251,0.1744182955805704,32.741959914467856,1016.0407576903591,0
28.83199876315166,6.082634545590095,151.7049754271887,32.51687006018718,18.418886071280234,35.69796340625739,1.091294036196549,75.21430106945613,586.4298030683162,0.1727460944900204,44.68392212083745,426.1795155360824,2
32.45434220246783,10.103190793237637,172.49488397803472,32.566717150824026,8.964610853782874,0.0,1.0446749418923218,69.43211195541164,544.053681788942,0.1331357706369511,42.738399425591815,1447.9243401389153,2
36.78495619658758,13.714741763530608,146.34300205381413,41.55532683876771,0.0,28.15436501278834,0.7704633784442683,85.20427099538067,587.7017524602621,0.19101281816920018,46.625749383736554,1294.4292297338066,1
19.003165484636803,10.961817417205339,153.52554071456373,44.50895386654237,0.09760330064161238,36.37879886448779,0.8127640783218881,75.77830775160253,440.0366161063545,0.0833796639724658,38.24110954754476,1101.2954772189737,1
18.54253604116601,6.740394733556786,167.98246967998224,36.5006742933427,24.502323869034413,11.375877341671885,0.8119790787505239,67.3602599153636,587.6093439244812,0.14306612856175352,41.53830828494116,611.5156527950162,0
42.15147136942783,7.335325518394564,120.55458768332628,45.52047892851037,8.86582918871647,35.796678268932105,0.860028506395578,75.07125258531754,552.6774662191733,0.17699417691623368,47.89459662820412,777.8340489253769,2
25.464294405747964,20.852314142920765,144.294036752249,28.240022276223527,11.353583069279047,18.220057191199942,0.6892009013636866,72.58968118518519,697.1688723290383,0.22041074306312777,20.666491615297574,573.2882824326934,0
14.414736981434384,8.171123562914888,166.5830659075824,45.6245306347895,14.551815942323678,23.1463709057312,0.7258073901856926,88.92582110896545,720.851617237068,0.12610309112562054,41.08278650726694,1289.140910845298,0
34.88193980321415,17.962274416918742,151.31200296685188,47.189713306230416,0.27444978221199534,12.807666854529112,0.7418506032024813,74.55312493493966,485.76498245222393,0.19832905261684913,39.64478639218729,532.4360782045562,1
35.09706786635955,7.843395609574918,179.3466762415496,43.12995615109596,15.665611618561611,30.01028526021389,0.7488745058682457,61.17251111619176,920.1610381219888,0.14014107011512544,40.07336536709156,433.6357011316435,1
13.162132170176228,17.888397634234032,118.48153283626164,36.610037401774555,8.223460673978945,28.344521176154668,0.7516336292785446,79.98633236449527,668.0862732416876,0.19935294681702823,34.669358866169254,400.08462771060687,0
32.52429887009967,8.861026834786959,116.19996464107734,43.5598799888596,14.643325070179866,37.247093557298236,0.3270185464120641,90.0,1000.4878699914666,0.10993239471316224,44.32460731555537,661.6276613582389,2
38.09141401671211,12.91399917475444,165.39373033245437,24.271946417138125,6.797541715166693,34.40607369110225,0.8414827993444793,86.9693088954625,748.2164601972147,0.18629857856715545,45.51625395348159,972.1555633924429,1
34.11825096876889,4.742947989866188,167.3161442986555,37.3803471723225,0.0,19.908499557827646,0.7039570883661348,63.970663412147466,713.8208077707723,0.14523311145134993,36.54816531559927,1264.3083755435061,1
36.95179632137535,10.086835527162563,146.13499986336333,38.60612572190147,8.153647213691846,51.08378615181897,0.40930156094476594,72.31271855674896,601.8043798947326,0.09074494069694714,21.736738123203153,1394.5906139839444,2
14.55303992100176,4.804137866001537,158.00788800091448,19.045812042182177,17.766998553972016,33.507926484737,0.7429887767195937,74.69316822635216,822.9678784141836,0.14233511931124063,40.68825598332003,212.1222501612335,0
33.641441704958154,5.9598336071099745,164.90413955262812,40.69501103527425,15.546540801693322,25.40516035045657,0.736189354838374,74.81451141439308,706.7133502323364,0.21608556105100382,38.722252281367766,166.06432233410732,1
26.671182645825088,6.365701682216449,133.72273588296508,20.014175291818216,12.278377806012541,10.028456023463884,1.1005537959581437,78.80961857178839,871.693141824597,0.0990397540175384,44.90824632818374,607.8290106520542,1
24.68930825402891,7.2357380741665125,135.86303249901403,29.864980425086827,20.083186677093085,4.69967270772365,0.7013694091455285,71.55898992347068,1020.932479511692,0.07578412810613987,54.51558946301243,1234.1446667635369,0
39.57611170361699,16.48692198275459,153.79452358397273,35.477131511315584,10.167653887101961,5.549721429233394,0.966913839572169,65.8437616941918,554.6294263639726,0.16993712616327156,43.36649242295423,1370.3641266526445,2
46.27201961741653,5.771371277484668,168.0817791978744,26.231163384406322,12.506486826136957,10.663345130754543,1.1242186407448576,84.51800336508931,822.6927156675841,0.06611009488608063,50.907916068061716,335.8312285636912,2
49.73807060060395,9.326885546695836,126.6808614728403,35.99064846344382,7.68209808275647,33.77302655890228,0.6818248840152499,63.76433917729905,817.0232352830888,0.22816774804488207,42.9626716387214,500.06360879649463,1
44.462886586564956,17.92776916460668,146.0410473612996,35.79868388523464,20.6095617907811,24.870889133375233,0.8095506138304136,66.97883458959072,791.6223816517686,0.22690801824489024,36.93214447096898,1362.7464794597909,1
28.79292400206798,12.722122119633621,145.11526736591122,25.15782032769391,14.62375692949588,13.866268166315418,1.2003121904801342,63.702189809188724,613.3601640610999,0.20191401638582268,28.261946559231625,906.1428973892064,1
33.879921793289775,1.4484843659445672,158.3591821008553,41.81569350589197,6.987377008439651,18.641309891032925,0.8703747541328342,81.12212435452177,617.4067209169456,0.14943840056382848,44.13095276099681,670.7748425365728,1
38.43505158962668,2.0689740269855768,149.82603259982332,25.83012196032522,0.0,17.42253597072114,0.9022249652551639,76.06471309414832,583.2235659401979,0.2332330833895718,41.70497228601701,440.9488040653952,2
31.33295744229408,11.112468202299295,139.08232832394282,62.45569249681633,21.94465147408494,28.00050670523663,0.7304041367269678,83.83503619704649,579.2565877961867,0.21727237363269108,45.94664911074777,258.0532248532756,1
31.43840606702699,5.531177091502919,174.97131561514811,33.68625412003274,5.303414539338241,11.212022375641698,0.9711511826950928,67.14806583743895,531.9751068095086,0.12336405767805989,38.130321635751706,251.82912512837527,2
39.061284450638,1.7741583168407917,139.2148503675836,20.94447026011961,12.648579172405922,23.496863861162428,0.8112786249891714,62.46986882965018,679.1005428496871,0.22194180135045805,40.37750579167167,1043.703960308902,1
29.347890893714744,5.19774481267638,144.15807273957094,23.187898805434735,33.17339714830114,23.000857759467003,0.41693735366643037,70.56099044529773,548.4363292044192,0.10441632492378952,16.935143388858126,1108.5800230794364,1
21.977843699889725,11.418568284825135,118.17004728160754,48.770965576379616,19.21358587559978,11.511319898470882,0.7418488425237801,73.17502713239422,787.1287387692091,0.1401483533601147,43.05757341783317,611.9583223025895,0
25.440796275805557,6.308199680684494,135.72748246308208,30.09018020337855,26.500346299442924,35.88006029210349,0.5597006661516477,77.09096307770065,711.3908178987089,0.060326801795616156,34.60157771523754,948.4003704685571,1
36.97301415507117,8.658549157415274,160.321521526781,18.634834306040382,7.156876687129662,17.044287934768715,0.8446930121399598,58.17608366712277,733.8245155774575,0.15729618822402455,40.33646965982529,318.44844782109215,1
30.032926203199512,6.776696472994943,156.4120391270972,45.2445529655332,21.63878757138186,10.07249875443764,0.6182953986470466,79.78730863283675,645.3021752514843,0.13527457516991012,41.39067485947057,129.33500999123643,0
33.742309745551715,4.596804368466535,161.99033980131523,30.01311334666301,12.240020936567019,28.52879979520193,0.9251882624523455,66.05761261710484,713.7796587267476,0.12739000290412436,38.12340498100597,239.75617928460161,2
37.37087166422409,9.941585884741974,161.0196457189134,42.84103413343222,15.294152286917237,20.544955771546423,0.8298479526054351,68.52584349882501,650.5355043598285,0.14171729221872792,42.880118761204365,248.2046170005219,1
25.876743908126294,1.57251864944396,180.0,46.226792307873524,30.187575417356044,24.084283126590545,0.5454380192126498,86.73709531141418,855.9086159535932,0.1210227375547326,48.25361144970014,1478.6788501502115,1
38.318729799927866,4.100767733297186,135.0428234510618,38.293562465702536,9.492187582652644,8.1532019980846,0.7116416145649896,53.16803154546801,611.5221441435816,0.1520837071135776,35.38828922432895,430.41909792655935,1
34.16726863804234,14.458964290314443,117.61152513130423,63.750888748224,12.173290083088828,28.124162516419723,0.9565237943588385,78.22502027166952,775.1048937472096,0.21417845457830628,57.41637057914694,287.7744566973222,2
16.417056043973737,2.1392071989743706,128.98894007856953,14.303090084801315,3.8710681364283364,41.72428364524554,1.0725584678790725,78.18728630067484,438.7258112500391,0.09690735905311004,36.305236215922115,1213.5416789263215,2
45.865352703048686,8.32928198549046,135.92696328336817,25.1845990967383,19.99621700317269,7.371662702155369,0.6214673291197346,66.81215023149244,842.4149663877042,0.19312637064186874,34.251969772956365,613.3241695818745,1
24.491807818673923,5.909514483089703,130.5134612676618,31.928599944752513,6.954357915420278,23.542088059895285,0.5785630911129696,70.52995679083978,588.1478219999452,0.16076211068770513,31.300694733052854,388.7652320692357,1
11.793951224962978,5.453624234932906,151.87321695289708,62.13408234329746,21.20439374236991,12.146903046499876,1.2492166868662318,87.21046802151284,517.5457204382033,0.16870632166393304,37.940243837865786,408.5226871421015,1
18.504519194550674,15.435323981837918,175.05309811114043,56.57602964122655,0.0,46.89606059597463,0.8178510517710983,90.0,472.2400732888589,0.14846455686726642,31.837493993126806,294.6536119756451,2
18.768503232538457,17.572675510016072,180.0,50.464290408726995,16.937742646502464,32.3963247815025,0.840123165770834,85.64725866884456,456.41571068074285,0.11412999464906659,43.81382981305705,211.86752108831143,0
30.57390650523287,3.249917042810726,160.0861700369321,25.47051271104908,6.206760245432498,22.821073430299702,0.6573339678776371,90.0,603.7057335749626,0.17224318487077517,41.68452794506334,1052.1905428608693,1
26.987644438991392,7.282746685560935,180.0,26.869823122754845,18.574658753971896,7.721325241305795,0.8673484502788851,68.08668075332452,999.7255389480214,0.17594196487117594,47.09742819240078,715.9766650368424,0
26.294848355953476,1.1247722349784037,142.87253886867163,25.05727957831455,11.877967444311945,10.13943925223742,1.1973210488388388,59.19915933540487,571.3354286308271,0.10997653283935188,29.689818223890647,307.81552991362037,1
36.81672162030727,14.831848216037562,117.34961915995147,25.598877343510846,7.181949766185378,27.462745056817887,0.8759603591485251,74.47378491527041,258.16576351972947,0.0830742725643747,37.221818589676865,1209.4235208883074,1
33.738628973119745,7.997629866604474,171.06356135776338,52.912455287311694,8.520963448116046,6.375078022825091,1.0542919148106558,83.04858636105672,773.0932573110697,0.15426539800878689,48.392464181657,126.7751254716202,2
33.47652657708715,1.9872818455984975,113.22811216501876,32.07479451924988,4.346505299472238,6.6888615525793185,0.8263764484379917,56.45249893883087,477.14869148747334,0.1877360421977678,37.86501709296564,702.8930127288435,1
34.50811303061562,4.280868490948995,134.8999395460039,33.662022024272694,19.54008979788773,20.08831265167878,0.5943232980627324,65.73543150673532,862.9615157795325,0.2002545025071263,35.38164569622485,278.2277339289953,1
36.77748134802462,2.9794190579142192,160.40224464845593,44.29264144308118,2.5622638551712686,21.334166695435744,0.6696879327555414,66.84604906987126,615.7846482345869,0.21016616116635095,44.72084561505651,138.87971755923036,1
6.812513240448126,4.064612598046155,147.95237039902437,15.037664311592305,9.596292251404822,23.800314071942935,0.5740835214329376,78.56563562387021,645.1983964812098,0.16856954170604893,24.732658624850927,870.9272156748037,0
25.991179225090928,1.2626460775343684,146.1809447425699,35.63174985522967,15.107156217322263,15.604747021828864,0.8679130483890707,77.27619563749586,939.4621707710518,0.13683936600857233,48.43707569388236,317.6062230046376,0
6.017689290615785,20.7019112941519,126.38419934359987,21.837539255924952,26.521450729036673,29.201465461310853,1.0892555346030002,67.24839226495655,823.5459021536784,0.14989227542665626,34.80189767692099,195.9243920869368,1
30.39665919477575,3.3685712359119617,149.78395221133326,31.467020953300178,11.916312591973673,11.381852870235733,0.8554224072731811,76.79811197690793,450.7245899320691,0.08784116125021868,40.67939733934885,770.2808572827917,1
29.9490373055322,8.313985710553382,170.07324977475582,27.96295167248945,9.817404721154034,26.266443535564413,0.7522879999013411,63.55194815236665,480.14828230878015,0.11586772747813259,33.22171282456203,1281.0905639616976,0
41.50085502268648,11.342710440557315,150.3993583307204,27.344231047624916,14.462713786044251,22.141206786681252,0.6462792544967779,70.73575187384354,343.29401194687193,0.14733771820726244,35.56359512434403,779.8803896888807,1
43.06397831993233,17.589871526203215,133.39548240717878,37.706981680476375,0.0,26.006490856285325,0.8981980898259383,62.352107473092836,1220.644192504278,0.13666805430340034,47.13165009854534,211.51598466274703,2
32.23052553077604,8.536213861057583,125.04923078805339,37.65456082871014,1.212188693783526,31.819980519255385,0.5476109483854028,73.49762172205186,527.45854297915,0.15460046466924515,35.01142547067005,526.0994835053782,1
24.496028148634103,6.693749501302804,133.80810834088842,32.36215292919218,8.621701510093942,15.446676548951185,0.570497762782128,66.99510741142643,933.9625969454562,0.08125813791679994,41.576139530817684,724.5295066483727,0
35.336772238003114,8.8126009199065,157.84667504828718,39.448212115893874,5.583277643406126,13.389224681805715,1.0180359188809283,81.90375020068575,593.5450868732388,0.09242653491380351,51.607610280394354,493.6180577138509,2
24.192905989432553,3.2324535831317744,156.8720452471942,24.57662550975741,0.0,3.1160624384841675,0.7588982862850685,74.73812929275735,484.0288905516412,0.18877968463337383,35.54235218889538,572.5510254394266,0
29.98468083412316,3.4861543132663946,133.9898579880866,43.179030428473126,19.720007860508264,0.0,0.7545600775363297,72.73257248217507,704.3121552153323,0.10833276632456593,46.353901533356066,800.2355789297713,0
40.847499486568445,6.5689306164601415,105.78481156035883,32.52561173410873,14.3378105660159,18.24025841930522,0.782805476411195,90.0,634.667162271313,0.11619089893147733,45.570164859426924,1419.4579962702385,1
23.86451519411634,0.773893236822366,158.4002552734433,29.196037254345235,13.262387225542572,18.924771191303865,0.9796916346841061,78.83288177018638,860.3749365527332,0.1547517863316698,45.99100111220429,1226.7898800521482,1
38.86246503166751,4.682732215070121,132.04585202049498,25.462894259564223,5.754079639610637,9.139168760561734,0.8564105880653609,71.31845916368071,862.87678291625,0.10344063942528944,41.25872900074141,386.12700066241416,1
37.45141505561533,5.612179019671818,163.78124958030565,32.10323047439982,12.714536681972987,11.289003001315583,0.656522082833499,69.16264652913917,581.9717962131443,0.20531649637903798,45.757088073125786,1199.3616532991527,1
19.497290011560963,27.796517665514727,134.877807157445,57.44767108215107,16.630045134969535,35.23453857295929,0.6644397122713296,63.1882739406875,412.00911646560644,0.08715849367380095,40.55613079603817,652.3623592044994,1
40.712835410391406,19.160723158643286,130.24199092660382,34.24023475876892,9.615935514870472,28.75839780302813,0.7770756216136525,74.3411611454521,460.5671899697111,0.150076199454261,35.8757438381442,1242.0026726960377,1
37.68422979908656,11.31275518026029,153.0634381451917,21.267157566278733,16.001150153163284,7.383931252783766,0.8864883433926011,78.07613542376636,243.5084073404699,0.11257074850025225,43.79239446811293,963.9499846118952,2
31.121184761099233,15.091705515192658,180.0,46.02582880142056,4.835455663573963,15.576519488810948,0.8121878124304567,55.85624007499069,645.108071682597,0.15780937477356852,47.194642111289404,1050.5780389444208,1
21.614441961695825,3.4585582698798905,164.98059982233147,29.33685877049895,12.87736781690742,24.060026916564034,0.7926121590419213,61.36016473021571,697.6399303018599,0.12512678181379894,29.640262153220135,606.9430997285449,0
20.54873379566873,8.993673511248613,152.72438598411705,38.40510805222965,22.2824845463349,13.735489756394587,0.830182382993231,69.83897210733136,471.4344163311772,0.1488174067424454,26.454527453749407,1098.4682494916974,0
24.085711654066753,13.8103550557766,157.17703072761935,27.732073394881063,23.08817733218435,11.913046845945676,0.8120306308792797,64.01819284106446,447.26977847030025,0.21106404579029256,41.9263580865157,891.9664970553649,0
35.96853909621156,3.4881292178930465,114.97768277028806,50.369279793718036,23.94829924454696,16.617542162174683,0.6483157614359334,75.4325748602594,696.783224320887,0.11562767761259796,43.96181486177087,966.0007040478087,1
19.48812315858462,2.0754465006740337,127.55319258494887,27.910882920248433,14.570115738896252,30.90660885332474,1.0635512007145305,76.82152042906885,573.6090702947217,0.11521148087065261,35.00751567920917,865.8631084703892,1
34.81263473481857,10.458728994939442,99.78142269905722,51.774295742930434,12.284525593719712,31.814013025187393,0.7138914798577963,73.77692632067003,657.4142089370557,0.13420495544720112,42.08861312780518,178.10695578254501,1
16.340689182337684,2.330621120446889,180.0,22.408872985654565,7.960899754565271,12.645531822077299,0.848428521150493,80.5017432138416,626.5550302041712,0.22370096903918363,36.68744976319167,763.9467560188564,0
27.75524557117266,12.07168137263486,180.0,31.485123371414243,0.0,24.605510946343113,0.36672624587155866,69.15087722432081,749.7460481432709,0.14551286586037965,44.8092750019313,171.7579263274861,0
31.206125300314095,17.38410522713631,157.8563705242982,51.79994943088138,0.0,19.935882471222495,0.7726616566271709,74.5409513953946,586.9441965538621,0.21171013046979945,40.62472150231876,335.90183258884275,1
56.89643159564808,3.5931011160044877,152.7023020616841,37.01809069737607,10.487505252312666,9.917645075139493,0.5780903840491333,64.96686415164653,602.2511594068171,0.14115442887091667,44.6049548126301,765.8292307364183,1
14.849527789275959,3.854528075534188,118.9681999500484,62.25759130166759,11.025403957844127,17.029254867499567,0.6046152106661562,77.84619707292516,323.64024323447416,0.20948185116435458,41.1050661564636,668.6441566169847,0
46.19216023139147,17.035002540889316,145.61400079498617,31.770314609143796,24.710007259258425,7.357658120023608,1.352880908332692,75.75908155486329,689.9334871881179,0.1703695777664184,51.30460712167046,167.11170242708272,2
31.64826655386008,8.571559643570732,180.0,38.08451423552808,23.833192164380634,31.630552371530957,0.874895698138789,63.014650115548164,717.7383644795267,0.17772832216037993,45.53790192769449,292.1147758063197,1
34.52289109817559,15.499813877701143,152.6283199639143,57.86179126458581,5.821624726620738,35.52472042655303,1.089724879170751,73.44940624795245,664.4601100844952,0.07821159257554179,44.393003740511595,751.4113629850074,2
31.30182704727025,6.764756104609959,138.70707067576208,16.832921399092783,19.364931435801168,15.894269184259096,1.008166788330573,74.62178126732971,1082.3668081017017,0.07079262547911966,48.45584089773122,1454.723370558984,2
34.89199500014756,7.177781660431606,114.83858679992773,15.346999601821548,7.706380218834804,13.509206874556869,1.0363134340395743,77.81011903220121,732.5557404716806,0.20351007560141002,34.65682086620746,780.9542191379265,2
28.309463852017807,8.40178255276252,177.6061145546161,25.4539018734871,18.143547087034207,30.545944376485757,0.7762042344495185,78.1811850657115,668.7045797486029,0.20288857070076524,37.546902507095545,1181.5749134157015,0
45.994551996032044,24.119900544524807,148.59832397944686,44.76047227367991,19.254159552960704,32.16148940980018,1.1734084426205365,67.78814061056323,799.8289937719809,0.2710727618966965,46.7013353218648,720.2814569746977,2
24.978817413528056,14.66858705676774,114.86532293274342,15.681785800016733,23.178835309329635,8.855885981074847,1.0062712056868284,82.63644657932714,1122.5727075335453,0.07570234942618977,54.74444045338816,368.41474035938717,1
42.45458029397172,4.548616903458329,131.51468635856915,42.16458867874424,7.566209806955727,18.519553312473498,0.8290936893965066,80.23055678839258,750.544608788515,0.17428997094200624,58.778499467952855,129.65495732597813,1
22.91196167765675,9.488280753846187,124.44923965283739,41.32048033386672,21.128733184628317,19.41061612128766,0.877923717380674,67.75420409794525,255.30332984880448,0.09880895141574872,38.474719075549864,625.6902594074048,0
29.337229689585843,6.389970810932896,147.36512948576055,59.17268279842348,0.0,12.292237263450811,0.7899188683782502,63.57302954985629,786.4117103949068,0.11296994365841478,51.24602848531901,1387.2876827485015,0
18.20841192480759,5.453541431546577,154.14677939225638,47.54581910614847,23.665941133849756,23.85981694087448,0.8314926206706027,68.51848354705756,524.152914724014,0.12488769162842756,36.98684275554269,554.7544499011606,0
35.00526092382272,11.830271286104097,139.9356587144295,39.368602849973314,11.774849494633353,13.000546649160489,0.8104078382809163,60.283520523693525,315.50496283856955,0.16911775204607163,42.94685994507355,615.9383324737884,1
45.89638552619187,10.1520129958104,165.54093192973764,51.30959522183552,11.966448018128723,14.597392546436247,0.9039373988720278,77.0800651207418,1039.5122494160978,0.11679869634548509,58.125443503303046,1069.8073532844114,2
29.149082021970607,3.631793027999486,151.57604480944883,41.4668472933784,0.0,18.98657270164959,1.202794236310302,86.83559923075822,996.2893000656773,0.15168280960352035,56.07804519460283,1131.6779727390472,1
27.834257314256995,8.417880388616094,171.2462477054426,29.479159344473572,8.502007014773573,5.10937717774641,0.5548528942690781,89.21546057925949,518.9644958179756,0.19160171187481181,42.680221381974704,951.7383280036418,0
17.739213406252805,5.313320313539881,142.85611843838564,21.26473067541366,24.19931459652196,0.0,1.0713180479719373,64.10658582323774,520.2737762201787,0.20639866583536876,38.88063862569201,573.5183805606987,1
27.47778081092461,11.297414675804486,180.0,28.16761275568303,8.159682974674672,29.182723666383264,0.738988413583521,82.86804260380259,732.0334423826164,0.18462946597233176,31.999666309839895,1423.3582329923702,0
12.479263143063196,5.115978382239304,138.71022553052086,34.51911350543459,18.421164848776876,12.59676910888153,1.0993258926182572,75.84500877875185,522.9642316413683,0.17259340407729423,43.68125562595677,593.5145481211736,1
19.9583421460929,7.212407572644663,131.93340016488256,37.100220864195244,12.310996149426982,41.34864083025039,0.7466420201368849,51.04059653899935,672.9852712688612,0.1429183160331517,30.516066805555454,508.8137322502584,1
32.49464650720049,5.579820749905179,129.47398899808485,9.377652822958893,21.564022256397287,39.718379250836605,0.9108058088388555,71.67602851347733,557.3635954731926,0.12155340535274617,37.71921446666832,1280.4235153640527,2
44.50914517515535,1.509088111740535,145.7811854689139,32.36527598091207,13.723508686837121,14.935213782809445,0.7850542652650201,70.56316936806704,619.919537177478,0.17695057654994992,45.472879279646136,1409.3110126535544,1
60.90131947352454,23.326030398608157,115.60927818268433,35.34298123459334,3.6136962201170792,43.39052995582627,0.43926973285678295,87.10817895974704,419.1289609307491,0.09745454718212615,40.56211974901798,1439.1885729295147,2
23.547564064220094,8.347213286845056,155.8912568765562,41.570449338558085,12.50805611864049,29.375745293875763,1.202574912784677,66.29045491020943,865.3796654908701,0.1559564361222402,46.60847961017032,846.5055275962209,1
45.78830172309984,23.86825903377354,111.89392460870386,54.52161059007621,26.410952133310914,13.546861970569235,0.6125942050251671,80.63064347192265,940.7578079199648,0.09621613506106025,49.681280606334994,1317.2879473028092,1
32.68127728441813,8.637946287680657,153.2334184811446,37.22784242534324,16.478805702325815,0.0,0.8384542294543893,73.92911665013008,679.959202165312,0.147936090665409,49.202261404577484,357.194251418375,1
28.336275885789867,13.37393139804983,122.97496511807293,24.085245485027382,10.951983234357018,26.881551376003266,0.5884672070414837,60.541909967140384,692.7514992251841,0.09731448717541058,26.30453382051287,1344.5987322065534,0
34.75853896898767,4.814553067915258,142.37413185239814,13.183047396782335,32.30169437219976,20.312958748811457,0.5258596366727601,69.47814691441961,825.8314037269467,0.1299718230900034,36.703284787692496,1161.468533325558,2
30.68108132047955,4.918988140838541,162.0908079826472,43.24413149734858,22.43294132305099,24.31361585743699,0.774913235268391,90.0,700.380228967781,0.11620234930069294,47.58853618697127,658.8621210642485,2
31.214352981734404,7.994368112397455,180.0,24.57095168627104,19.35060523858614,17.711638234955508,0.6894275223445402,73.26629451298946,1045.9127697666813,0.110172098531327,39.84541233330886,443.25823223889864,1
25.508335208906637,23.72599753645542,128.43998958437686,45.40204372593617,14.856082187199373,8.561430694011356,0.5628606953125861,84.0586705948358,436.7274287245746,0.14563214909611305,38.59773511965451,1163.5097098125834,0
14.620793742212642,3.7496384676479853,146.99365101147217,51.76904182595082,18.572464512759968,15.729733355788264,0.8122048247600192,83.51054287725178,872.1883919363682,0.05,43.687574257474274,702.8189925925385,0
13.020122772257103,1.1195276130215976,135.52482650448917,16.47110280824991,18.864588658645566,27.066372859450397,0.4939805209184773,70.51736148781764,677.1595269796286,0.05987606017010873,22.835167674050815,1470.0616426510126,0
37.185693716093496,16.765776316353566,132.60259354878409,41.64671070510755,0.0,16.45624632625789,0.8476042356511946,62.16577523840015,475.7575012644645,0.19018563194958077,42.313229152575026,1296.440385608916,0
26.956299009057155,13.956602283135613,135.70053340060912,50.51146892407213,15.554425915465037,16.395821426573924,0.7919880998205544,63.48181670943037,1149.4177485758123,0.15737393962544796,49.47285709167413,1206.6034035510772,0
23.443022103782166,5.844467652720401,166.4813295127388,47.228471903363385,10.552747265979075,4.806129119423538,0.3,89.51667042524082,1177.0400745031598,0.11383166949300502,35.22933058831732,567.3090347854891,0
30.09356189395469,29.95365640095743,140.2388827153924,9.843446757074531,7.50201354177082,20.91200481778275,0.7049158213290342,76.51737411918212,658.4260125144408,0.19869516815366256,36.8557044086485,1096.3124224287765,1
38.744254782071906,30.807797423232827,180.0,24.756175462475547,10.24106447960186,8.880680585124704,0.9230502022498857,57.66178869020425,788.9450696084511,0.11804112650223396,42.51589240487825,1158.294798695073,2
31.98400337329038,1.3904573966279914,158.3195851178947,19.637833930994923,0.0,29.185261996981126,0.5860199053095656,83.3396052778057,605.7627474986115,0.12101533422539319,32.31987060291487,673.2273908042355,1
22.78339569694936,4.717742857532607,129.7997867765185,41.28167306176461,0.0,12.658990997698183,0.9325942827758781,57.131487323221414,637.9410314871037,0.11083073624503342,34.34676382791084,232.4175759444643,1
43.48922251213845,7.950038045540378,142.66589635709846,39.95991948182597,23.218521757036473,17.04295909504243,0.9151894261809871,66.73875756420038,473.5001627096956,0.24533093853623286,44.20841136178322,1129.3972557553914,2
47.37104053279795,11.07609394825899,133.9630601992002,2.625297464712496,16.159420377380336,41.63983565744372,0.5961012860705149,75.81294372573541,443.9475617907105,0.16175508672860814,26.807605092524696,512.2522822221442,2
35.440123208551384,9.900428568722557,166.0013730589343,31.3900205440659,0.0,16.934257772994123,0.8172978932726833,90.0,1068.8299943845518,0.15978554370910913,59.200728544130705,285.8667805589971,1
40.71029862478499,8.323190206223911,117.22440686869494,44.60863796409328,6.812539127384333,15.59425183866924,1.0014980383364842,83.16001078353534,692.2464232327437,0.17332004928105438,45.04490298500328,159.75603372866422,2
43.66155996495192,3.2448935167980353,123.1809723912838,36.775711894689465,19.924965600568775,25.856219858989306,0.6271871092986865,70.17610265383347,710.116985378285,0.05736452544426986,35.665804094387646,558.1611460656447,1
42.43109248044965,12.08946620022864,138.16907762501717,36.755203033998335,9.479870636514319,2.1473819777434713,0.7747216773321164,75.2831429601023,537.8963561288626,0.12029957658723213,40.91101363923159,813.9204575369047,1
36.75509094823886,12.58243901810339,163.6589358627665,30.62007575937547,23.205044584185252,32.50809321778526,1.073052605955851,84.19709216602271,737.9940404546114,0.17274934307712814,47.92434549790039,153.75478431255053,2
36.58181751782371,15.962595943989644,174.66120549645544,22.29270870710386,21.447766193489706,29.93940043455595,0.6313209457529737,89.21863290832997,399.2411656301728,0.14979457579810218,41.39650518336838,888.7620260358947,1
35.71626630681153,2.8272495531208626,177.61084381545686,34.79533011331419,0.0,25.244517448747253,0.921014822876466,72.52360503241056,545.2522875043909,0.2602709350160619,45.0526075518876,1353.541577156179,2
17.92928557998252,6.994497028314494,160.5960303989506,35.62512141482149,10.710083110360515,0.0,0.5825779561756999,72.81383066339896,460.0450576032247,0.12324042124685325,28.089032181017547,937.0932638346728,1
37.707954725455444,5.61134667651391,148.3422092728396,42.38305424399547,7.967195176721663,17.40588301524223,0.7845883812970985,66.69951494410809,958.5768237445045,0.19715915234552453,45.19841752755671,834.4220262764615,1
15.086046317607906,2.7759410370786552,165.89251624627985,43.357999091545544,0.0,7.27133773994667,0.918279877206257,81.65158680611619,369.6203272544007,0.19030021452053897,37.07589019804662,425.1715418059535,1
21.259405993624398,6.906875692393145,127.1099876513658,36.03033702995889,0.0,31.241067839595402,0.3,85.25971992761923,464.1569005557654,0.1571410450581977,29.01006214488875,714.9484962182966,0
44.339215745888964,3.3997170557531646,113.10685555967547,48.138900375017975,4.745806083824451,30.525610872560115,0.7024489221539005,55.61315082870246,290.4821457035392,0.16622017209704792,31.755406317407513,940.792610906715,1
39.242421789636175,2.342486949316029,158.73275155372977,30.50090398237075,6.231671314386255,23.880098898307736,0.9144530239810031,71.0319398613338,521.9975336004237,0.13548998003616095,35.02895733026611,1311.1408467313647,2
46.36138118654449,14.082849098484129,129.886431657023,17.6717051614432,14.549067995190264,7.968888028599872,0.8696857040236473,62.86553978228936,608.0958038173659,0.05134158021136949,45.469437979866164,1334.5742826006124,1
27.011581779439787,5.818682511968984,148.6938653566904,40.724644033018464,21.39792125892978,34.9429421052493,0.7050767553798328,76.50906956926019,895.5560754118219,0.1674591800888291,47.304127271400425,732.6999933515123,0
17.325262745955555,4.521951463644967,152.39254031745628,36.516554652671054,16.622804602311327,17.377388609805124,0.5769919587721425,62.62053775547469,655.600432106049,0.1714214189873848,29.897658751538003,357.1299515144041,0
27.355190832226228,18.688419592466992,154.96239118356593,40.96317818815836,18.753350162527415,38.05371066900565,0.9582622740827342,61.7985894944724,617.8826182336073,0.17928228020914563,38.99256746069695,1090.3222825168757,1
31.122344269646316,12.850650523474126,168.75583077050103,19.826583820604867,9.600439606766694,22.653870668626485,0.7490705177452004,86.23519280710948,759.9816247289962,0.15315481648834517,34.16547573327985,1430.797768715973,1
30.868875879740106,0.9772234307473877,166.6415037658346,56.48955306333254,17.42700176951601,25.06808018916648,0.9399763843583812,73.34405864646814,611.4193754239168,0.19852005392128172,36.54806273029577,1441.064369240555,2
42.47048526632372,11.12891588436022,153.9000013433538,43.5260289639637,10.66462516568765,15.396956154374699,0.9036490898138516,74.40093837899927,1181.9815725381768,0.10670050007683923,47.639361598554586,1493.9137396150838,2
26.0260253249621,11.090600131844717,141.1596943906119,31.544037308010488,8.026748550724955,34.06955577781809,0.7215679771749328,79.31685126985002,581.7993153476061,0.22341938041534132,35.48774987126236,453.12769291079485,1
33.872379189832166,6.679552022169867,152.15524177352643,23.774562248424253,29.073908540060632,26.084338842936084,1.055963583458823,84.70818961988958,782.7423565139563,0.10060424620499397,45.210914847907105,1271.6931120063916,2
19.125101356219332,6.478641137581208,138.07579166650157,47.92584092518699,0.0,34.42891692514621,0.6892589257920445,70.81407167424818,865.2911566711291,0.14460804023405116,40.769144969712485,172.38571584153465,0
34.95349005848195,1.7147890335941638,146.07142155987657,21.778762615233724,0.0,21.7754119854704,1.0818998743134185,71.03685396332791,576.057199151172,0.18404368768458826,39.4803528976593,121.05302699485915,2
30.034194052042004,29.727895645217014,180.0,62.136377897504836,15.44429778720244,19.529613407442003,1.1106843567204567,71.07933472825886,733.0744665282709,0.12425234526090927,53.61922314115563,1043.2735279687995,2
21.752053278870306,6.885635872625672,153.6437940176708,27.64154072120803,9.615158863207949,25.95130162898811,1.0510252283878494,85.81508895329128,599.8309096475289,0.18745025522873812,46.26195801269431,267.8343582125865,1
27.40587701607662,10.69462879185936,159.00490034075096,55.64606257526734,0.0,34.42540509091208,0.7802765462594144,74.31864870402538,754.804161589338,0.1328607279715333,41.42216082750316,643.7037936101882,0
27.97406678833256,7.191721672719098,135.89038701939276,32.786314579127406,2.5085014395260856,30.167343072391724,1.3803574117609574,72.08901688092656,720.1848382110776,0.15590665133618542,30.10444486654562,117.43343963074997,1
27.02829357729194,4.587677774385592,170.40146832859736,53.9689605058437,3.6803478282439652,21.382238071542726,0.8534057809996335,78.908964318682,671.9434019282376,0.14094357225117116,36.73908273892912,221.5078927947057,0
49.48475366494452,14.847306310514723,165.20544845326847,26.181577918081807,20.031028834178223,1.4278149237210016,0.873032425346221,90.0,468.8872887061232,0.12115920373522993,58.13377154592041,392.11883614505774,1
28.917093974613323,9.27383936392102,165.3470510931017,35.2260365425604,22.91169387957995,28.103860393713234,0.8151465040476161,75.74283144261904,1072.7389594413723,0.2625537571541704,41.61163356695804,876.2538906146987,0
27.317142788049285,6.93204559996431,154.29782493506926,44.656991962046796,26.75606308707556,5.612952025460082,0.5714513750476046,72.30552775321316,817.2798476351526,0.1080126199037448,34.183671622766944,564.7170840030608,0
6.928039466288443,10.611237096847452,170.6838019153354,42.94492564034987,0.0,20.350057561523382,1.104916112224648,90.0,382.27252949173163,0.05,39.018502022256214,889.3995322079471,1
20.16371912822575,7.722389002824627,175.43370393269467,48.2091420038946,0.0,18.842338126294248,0.6940712454739335,88.2980164225124,615.9260819991223,0.10981818704807825,34.451411388033094,1008.5624265374065,0
27.106192330980118,24.9558434528615,155.6619783869859,29.150334622381223,0.0,5.822315169343868,1.0223144257282089,86.84825006498018,386.12079417871155,0.15656479442885843,45.49039237010924,104.71172797072859,1
22.45562056205693,14.498712851782209,147.70775281999354,36.01770047419773,23.59971305193008,23.725030898738332,1.0751016838300793,69.99313245782506,852.416273208986,0.13115734495598383,41.49303040919304,1286.7786903662231,1
45.19878352715577,11.890078209980214,167.89141980229522,49.98066291197686,15.755020089775766,41.54317740207277,0.9527307037208431,69.00172215906031,695.6434595051635,0.20092878292641836,51.86783308129086,180.84379136745767,2
28.185684470641597,1.9472726563511866,131.91749386880514,26.536933979372584,12.721792948227494,16.873944688200805,0.6677667593023731,56.65845546633194,700.8155550325426,0.19910919000875338,37.304598958878906,1322.2764526201158,0
44.17288674250078,12.187344617367593,135.64079438769346,41.870492733420825,14.066658244627027,27.6587966241313,0.7449627837873198,84.64916887854248,531.5265547809712,0.13408044415813286,50.38965136862293,1466.4839913584674,1
30.67875097455405,11.97186551706649,148.93399314230197,32.370077122667,11.488995505751307,43.556898387421086,0.3,75.76997150371605,636.8872027472294,0.06588860435928087,27.475400363879565,1364.9283821002925,2
30.409506200637342,3.4563892212305634,115.17285863123709,37.470489278991266,1.9097215733414554,28.626132190088736,0.7943771155993491,56.99112122968474,857.4368201225902,0.08584254828728081,34.57218145863861,859.0439336099646,1
29.02323907516249,1.899558195052312,166.5519054712685,36.01460259697338,16.61855510806414,13.551566923422715,0.9965962412939964,87.01847602078774,911.1664303695553,0.14838988096624692,48.14149834519007,1177.5316993862273,2
30.04175876783605,14.086692641383143,130.74172225068355,25.54060219058043,10.324753449116823,22.37014796122748,0.7677488826019767,71.62649045763767,869.2842239889538,0.07177452092871983,38.17154262646564,341.7549924899175,1
48.906745033548454,15.329317344783425,140.57017956996486,31.87168169453063,1.197106378686362,24.80780183109315,0.6901823357033879,72.85919559296538,389.56662709678005,0.13161059081087165,48.610402929692086,1411.9294587318732,0
4.484282005736599,4.940839896740298,145.73440808640458,36.73918702492047,17.16856900822252,34.33813133273962,0.7544956766959101,59.870307029989306,662.7767946910625,0.22106513933848465,26.41170757070593,132.66068470093887,0
7.982996811174534,4.752675295932476,150.785736431411,33.76731201545445,8.16791127354671,32.14050340638086,1.087380513470184,79.92198440606423,750.662691455619,0.16714165707428838,38.900434865046996,872.0708379498803,1
24.02512085838275,9.15490308109681,143.12693447153916,53.87283139753087,14.047351381572394,0.0,0.8080395484434381,80.01770025776833,553.0448821297476,0.15228339653157885,54.2308358333505,745.6645415277741,0
30.159806701313258,5.803141677798491,148.65257905539303,47.11946668179633,10.875187548317776,11.437954478038234,1.2287415588098949,74.52012446944008,368.19685461813157,0.09796136903987096,41.639173907725954,1215.6537866873664,2
37.59114867240414,1.854775198785046,148.80744735219173,38.47976598192196,20.022408950023276,19.299732773863987,0.6944386289253609,70.81762066114679,442.6738907495825,0.15908688296438595,34.24906583139103,1143.0464158106615,1
35.20395917830223,3.4200618262037077,141.05938084745748,25.842245807365973,13.981466768060475,9.847129374623048,0.8677909927288778,90.0,999.954953740487,0.1370737933411854,56.65734796677247,562.250555096859,1
25.773294958313727,10.411946559912202,134.5361108472247,25.11172289722456,4.046698426288749,0.0,0.724651576362054,62.96632264034619,461.70772373213134,0.16193183643248726,32.23382809242003,328.9399623858681,0
41.20948062565939,3.6011133254228485,171.62947848711204,58.685732423364925,14.898029011846788,12.743815122493224,1.2763870110267577,67.7856300780329,709.51213967952,0.18635489138758188,49.00345487150491,1211.9828439118269,2
41.33214943468004,15.866058518977928,107.91188595466593,22.881374767133668,15.19219852025756,19.963893925123383,0.8595351684880591,82.08256737843395,668.73300099788,0.19490618291938577,48.14031732057684,1468.4685382811147,1
32.02463614398722,11.834093906354479,145.88569681981033,36.366315417806284,16.601996766349853,14.747153171885607,1.2881767501842598,64.85560063336867,669.2436644537315,0.1564445305727663,36.45576797914019,237.01783851617267,2
40.58923329735525,10.718222901105666,140.6220105623157,39.33138457218415,21.322868292587216,10.030567449236594,0.7275719379214898,64.11793083447192,636.0277066364725,0.17559614644859345,43.25879541079467,1126.0419159990558,1
32.999097897753416,9.012107911826167,158.37582973452973,31.264116182200326,6.4561549334054416,20.41464624784829,1.1560674186881137,86.31518646429333,857.8274026902059,0.124400967038343,56.18682837463412,821.9618690311337,2
23.82368670538828,4.409802577806226,120.91414406961982,22.973554825071687,18.01142100462479,23.4308817525213,0.8459607419001689,81.0519172494089,707.1225838103975,0.20662846289324843,37.022729489856545,536.7806583554893,0
37.67598522900005,13.006492757387004,140.0042931751279,25.581240331922157,0.0,15.314028860345282,1.0040642308000314,79.84137977094278,574.8690680088084,0.10564381155797106,53.4512568977235,120.22612134406863,2
31.216744348365456,4.300665272990579,147.95280532020487,28.44193997235166,10.920136662405241,33.71743822473672,0.5516635848600089,76.81824849037568,710.2687648470392,0.1396265825412565,31.247603030113616,1113.693957357435,1
30.014738314299358,16.478986231943303,171.4014722074092,26.486085570826653,9.52806103673122,20.577144158794763,0.8966510688260474,68.07846603613137,444.4911672379409,0.21183088570001313,46.11068731334647,284.8424058877889,2
46.20248929408532,22.401117910389413,156.64369933590848,50.93264471817116,25.03060698162252,11.284863303651196,0.584793503642046,72.47328896214526,795.1889194507783,0.12591687881796176,42.87796584666986,1291.1420224079077,1
3.0404065860590492,9.232851995313583,126.33023578262276,34.89048807832845,10.59298113921163,8.754626776501658,0.8765612081551063,74.20925184737165,563.8066299327635,0.08296071662617617,33.991145916642346,470.42699456042004,0
14.405474128244734,20.449606556343205,140.2504656255868,28.714386786228655,17.471899003544486,17.870301967413383,0.48595418833160625,83.4621635315539,575.3257694460617,0.1294624875647676,38.08900495163518,929.2817549811773,0
16.942225309881927,3.464283671294332,167.72102705321382,36.283496526406466,0.0,31.13420653537455,0.799301735694286,79.2585736558655,802.6095074161937,0.21958671393562812,47.132703626735946,497.9378506151072,0
26.00413287674314,11.929130910175958,125.98450268153866,43.01547086353897,8.834178317802763,11.763112908568663,1.0610346481678747,65.72156534458362,618.5368170786487,0.05,47.45056034654009,1083.1636047787815,1
27.199310132573668,8.16389029826905,148.4271146325526,30.86456352730904,4.382761193097785,25.958794839967013,0.9404618533787251,82.89542227758872,629.7967690876261,0.1551196589517438,38.12331968562066,264.010640225314,1
13.419417874496478,14.255855389277269,149.8175909494745,45.82377554211098,34.279600109659725,20.94556910014313,0.5485309890900054,58.214939500648356,933.5260470629363,0.11829982362999669,33.52760588202728,580.2259124688832,1
19.16326164458091,1.0496841602487181,142.2843388015847,19.746238707721297,5.998829185907784,39.93232969504677,0.4023549957758386,71.79578151065674,505.36245328555356,0.14161829491788822,20.809561878092143,812.5429685852965,1
20.530741536240726,13.669938420618797,180.0,49.055643585396965,12.65951165395307,23.902514636605694,0.9293278077013689,63.579516229163495,799.6770003425497,0.13257279916391376,38.513959685336644,919.6398920207497,1
57.03166501283481,4.780523897883938,141.745370811049,34.89257192273335,13.13918222047653,13.017737605741406,1.1678637349788508,66.42896555529278,889.9048054641958,0.19802416258596955,55.493565016051704,911.4089697856996,2
49.81916142521861,8.474180575025947,158.99530318735594,34.42385177897926,0.0,27.363695287646863,0.6079318718885631,90.0,933.3794397943291,0.15269040269000123,45.35300747380572,211.1542766060423,2
25.470756405468858,29.394080149974396,134.6739775956143,26.683828106421768,7.265681305111974,27.700219908959703,1.2814288971987995,60.29325853578607,1135.3040037684523,0.20052673838260252,32.34153023200151,147.28684062920047,1
26.00058380662521,12.215292024251433,160.55495983998807,20.265798433839038,15.642898613843297,16.029889877041853,0.8185714766028198,66.8080594400702,571.5719523043676,0.2142065735672658,27.297238505792567,432.06822161462304,0
17.358756030928767,11.094224314467853,167.4157519370387,14.999936770215307,12.771500477171566,8.3600429566999,0.3890874225916394,80.1040177131821,526.4128333409737,0.1514948502795687,35.32913328192103,152.78886017082863,0
9.010565454522066,10.451768347778675,138.24071926507804,25.846679972602566,0.0,25.360351912265706,0.4766063215230295,70.29997240094548,863.4430902818349,0.13202510788502403,25.335789792200245,408.8446565787498,0
28.714317949506235,17.66765570860962,148.90596369562934,42.05207864722823,6.8970769994585925,20.63515176765002,0.9893888128617107,76.55557730767975,888.0482227734716,0.16885919493358081,47.64358960718728,182.96229218151905,1
19.02362818431572,14.597248620461675,132.09440460218252,23.464658932344058,21.187394953022036,4.834499082624465,0.8485049689837075,89.29549632685277,541.8530704485134,0.17850934764421242,36.61460474690743,838.2843018361493,0
29.06664415171789,10.536261148522264,127.11192375900217,16.418621771308292,17.294006345816413,22.545209989906127,1.146088612474518,81.54627857663422,796.9608982459231,0.09233546198044235,48.94733168989992,246.36882865906372,1
12.39773566052175,9.607253338782847,170.73590865000412,24.091216269946564,22.962300166426836,13.630071019787938,0.5564125513263991,70.31317649942693,1244.8413721398235,0.16180319042221059,30.71571437455476,681.339433602592,0
21.618280958587164,9.140692104874788,138.91998108232704,30.38200018994822,3.1291739631903823,4.843979581375191,0.8460688555960314,73.6628052059921,720.932881261293,0.13732201872889954,36.36135073951231,1177.3866710339448,0
31.634898048331138,7.82506255586748,101.7277534298386,30.853985328051767,23.52836581751152,16.478836566116982,0.8214874335054384,80.30606009785802,884.6997609829746,0.12898257679798508,45.17822299217675,1181.3519824802859,1
34.028305575623314,2.781375037200789,180.0,33.45328510108683,11.600345565397364,32.829187342068636,0.7885368049274067,81.34989766160375,1015.3474771199857,0.11545275111728345,46.52794552523286,887.0602389148999,1
34.59219154616216,12.030074528625327,133.95809353874787,47.39127615262254,26.330002508450455,32.08061500088057,0.7358264096976616,75.20752739860515,1200.7492299207709,0.11871399222000854,52.807221659363364,143.09347391277475,2
15.47462117427259,5.193369925716452,145.07253912503938,49.991053257097875,12.02973990675396,29.467521020073676,0.7402061373815342,78.60609000057408,749.1399262591353,0.21278204256053873,36.24053752237186,851.3758337541115,0
39.40154303149118,7.11051984206443,180.0,59.06555006467187,0.0,22.692328900921233,0.8584220813416823,78.61582440379614,950.6067091701105,0.1318003735214792,62.230945911547984,453.72408680500706,1
21.197671337379646,15.286407379949477,147.1651581162472,15.501112199617179,19.643291141764294,25.957972033550995,0.8865678261244074,74.07773445994869,542.3011767478181,0.20718792542846576,31.031765641414804,895.7690963645437,1
36.96143706068037,7.9672185414432555,146.73326795596273,24.729392955963984,8.008376898228217,20.986445814780016,0.8755660270227135,68.94762393603588,704.9761888947387,0.156551329076842,37.0761620254522,1371.7756122257795,1
29.882974557199876,7.498972206452182,125.43653910898934,43.38182188471705,8.613933497683647,8.949491737855313,1.0853172519595662,82.42595598021668,610.7095050200437,0.09336426887175792,42.99857184055275,938.4157847168187,1
14.859737510142573,9.253637805878224,117.30332600744867,29.551625413699696,0.0,10.944981011475654,0.5557187272964814,77.9179546158031,322.93186657012495,0.15953840331677918,24.6189315075992,1416.818633242544,0
26.521825249606934,6.41242369464552,146.67227470807742,45.32943763819078,26.599795491054387,13.928190744422956,0.42142962240895804,54.19020284222749,379.39324543554375,0.09060402201950829,20.343311990619622,392.05707411699353,0
34.01900116270144,28.979586115409134,157.25619548149788,37.485361161377924,7.310089435774374,34.01359076636329,1.04373231196533,66.7416448031313,786.0065145658565,0.1803572816396826,47.61220311054499,475.6519162919231,2
36.74261918522059,26.39261651399068,156.11050816421545,53.950450520441585,26.17532197421268,30.766907311204445,0.6124244910000218,70.19328389733471,789.9377851965838,0.1396113324028843,36.789351585092696,308.2361440364523,1
28.449133128111395,25.93892341344962,140.3747783906157,47.51259336719224,8.118811545664322,9.201224366731747,0.7365153199046609,72.98868643252854,491.6742839880578,0.19275909205482825,40.309884627128724,209.66535549700617,0
46.84956779661158,10.477056730694068,150.40515598693884,47.73219951870778,3.6502931806564973,20.533911154161995,0.685338079225789,87.0394491972983,1011.4770724263782,0.2216772924999773,48.93169889379575,114.70125670615829,1
41.08261848085215,4.919349777349968,113.25580009344066,30.057540695675648,23.87576256626832,15.973928572472724,0.68062728913981,90.0,478.0036805775934,0.0632327433615334,37.06935217112674,1399.1079663961073,1
27.176804719602718,15.571526155848856,159.20334041390956,33.83046984838074,11.339987258997937,18.448994606993164,0.4991819115905166,50.41179022175484,751.4537919016942,0.12694272145746163,35.02778976465337,732.4257737826015,0
38.25133993350639,6.452072136283221,153.22811689540092,31.336958509191728,11.427851933803597,14.63957181047773,0.6947039306983627,78.04406359632833,616.9521085309391,0.08952699993301735,49.92898857792362,1414.3996888963668,1
51.27172833707006,16.52165594788868,180.0,16.92929427620112,0.4653665374519189,34.056916228062775,0.9628528447014968,75.69586120266713,721.3896048435242,0.25791306086531196,52.59019196031457,1309.6027873394037,1
51.565330608613294,4.7261171494298395,150.14959292858094,52.661231065946396,7.881389807733695,19.810934631263645,0.8191350832858053,73.19510211327348,879.7066533225709,0.12798438029551495,46.600947330778695,1141.4760393290103,1
16.492001310952528,11.029771226961078,131.14661295707842,43.944647706118545,15.85826241267899,22.161568046012732,0.9309915682715211,80.42939545362147,851.4684032621306,0.08424438731934801,39.328061518572724,1384.9813719502101,1
19.808135777271342,18.135378052339185,148.9855373182236,30.859674511028746,0.30738005617032904,22.24258206133323,0.7108619605621332,76.49788740579481,841.5684527542909,0.26201693152417066,48.49573903830671,469.6138463598285,0
46.33410665407236,6.7423155311414105,143.44400399968328,50.65511008951968,7.14821075245365,9.7222982503898,1.0186261179720244,71.38566024361212,816.0311254833431,0.11369635800102053,54.65267172136755,1298.9273143968226,2
18.35890844078599,6.723072925342284,158.69415737540797,27.435588239034132,8.215982063332882,21.085536978405273,0.7081603874244222,75.2924266385961,445.4511116514458,0.06890696675705736,24.860053590784915,1051.971799616792,0
15.45204753379153,2.1104915463502953,150.53784123450373,12.942386378536693,12.597967242425982,30.623168217868415,0.35611739388430325,80.56566664733069,926.9059262499346,0.09208003810359999,32.68313057774734,939.357770510725,0
24.651864562310486,4.851089309867787,124.80106597894712,47.08843703472337,25.316036810744375,34.72690985480706,0.8896572344437853,79.61471264514596,487.942301247355,0.15715955929544528,40.80715220491935,966.1315095962046,1
34.62249380422044,10.328896288565126,117.2851342361196,19.657277202608032,9.300421803153144,8.521850322805573,0.9888246491863096,76.88632307619686,678.7931816300031,0.152287371436546,49.48085874592906,1368.620869870624,2
28.87363622727794,11.487993833265648,155.25816405266033,32.6506944125122,5.785494038286941,4.813987626112713,0.69696741726777,69.16552372247185,629.7346157329082,0.10819987011172082,28.016139705834206,1400.4838978497448,0
22.843800175538487,12.707883510128212,177.66229082138477,37.47347648940512,36.717335688222036,20.62134580041522,1.083825378829851,90.0,770.0246585245472,0.12574761218240985,46.079034291051684,347.74891838803353,2
22.583662921030403,1.3473055338676387,151.5869576810344,39.62558413686514,8.101331818289133,31.09187575735034,0.6328477187049373,78.59513311188249,603.0569507248921,0.1526540512808764,39.73283676360975,213.0712965913794,0
22.164292291460203,6.476745279310302,166.26594707840414,45.180812674445555,10.284076549477236,23.595964542836878,0.9675598988308133,82.62463227336137,668.2978774369673,0.21619563593340912,43.07323313661438,481.69939168455755,1
20.325394084751633,2.3772590686567976,170.256183084072,41.97021711521015,8.779382677280706,26.802960760798054,1.2038507072745728,69.92197547138946,1023.773607661874,0.16666394702357476,49.03223046894214,1234.2535037726925,1
55.09796165003668,9.953386354136487,155.33583691589337,41.598710318744324,9.50907809001335,6.397509790934775,0.8280808165617409,76.89573694162871,440.94932536322654,0.12184170733699816,43.36537689639645,235.88659430920416,1
33.2726217830411,1.717494837745627,133.71017024277182,25.510978615322102,12.69979376714365,14.280125157300056,0.7701737210749343,76.8160807680054,699.5067136597041,0.13857874548513077,41.42633421958068,1026.4651386119465,1
39.75434959845212,3.107723914994737,153.9061617009113,38.530922687211884,20.287168298339473,0.0,0.7967522313957056,55.88050211585134,477.17456714648256,0.18848549655186103,48.995054611082764,658.8974056713588,1
24.62014785069184,14.424365815007658,174.14145775200961,16.93340035939873,15.635889509460652,18.575119507540414,1.1782249851293953,67.83339239653755,834.8699279133187,0.2340033443442267,32.30117731535075,1377.2577739881933,1
27.954476550953462,5.3348580159321575,160.59781099199827,53.745652381433956,21.693860070297788,0.0,0.9086121662340589,67.64856647084555,554.6542375046132,0.0947695694581091,48.148719468909924,1248.0272592453896,0
22.150906204926095,20.566215248135677,164.96490685657312,18.169222114181316,21.3962580714669,33.326617018404775,1.2917245889881077,68.99543233682124,707.7072880503534,0.20570547708839904,34.109970878648795,810.9121674775428,1
0.8312083158887802,12.943882583593155,140.7490751661635,30.842721934923865,13.876968950542885,35.54821467908935,0.8814353053476844,64.30160864838912,435.06701321276836,0.13436108312913347,26.367620094814562,632.933708540906,2
14.841897954673472,6.772342962215632,145.95292480509036,19.173509131678596,15.38680773057398,21.406434920617656,0.6761647348211762,75.43856036300946,958.3079662389678,0.0687886584479538,34.58165852077688,1268.4555530945793,0
10.08319452021566,16.022298747882424,147.62545378199266,26.238004569612176,21.978630086417606,4.874268923220697,0.6916284742530938,88.97358613898409,714.5579833844661,0.05888826427696445,34.441378198296604,442.0847775853555,0
5.252378442532319,7.234281375507836,148.97323994926407,35.16114098518461,1.9991106479776573,23.757126539131768,0.8335535984084483,76.30488699734056,727.5531028795681,0.21670873131491014,37.04947559873409,860.6959441192106,0
16.851051282720867,13.857986991151108,173.35916632024717,28.65490281780798,34.48390082014471,38.59132558460942,0.370909024486669,63.187295443280846,865.8123242026752,0.22266786708529746,23.864949146384856,1404.3295334599538,2
44.57451247319794,4.649434423683207,103.05652543323666,48.73095509774746,7.386733825251539,24.757354996869275,0.7155022359214619,64.69096096801069,449.7182947472859,0.1215458741349755,32.78349800418507,945.1784433484851,1
29.5112021552521,16.663803717826127,150.61076609163675,37.72281219155356,8.841315705879214,31.849839904909203,0.720384476509051,71.22948850790509,576.9955382506926,0.13939276755094496,41.59134693949427,1402.1206508636365,0
44.196201385532916,1.898680564080584,148.4100724861029,29.445083249256882,1.092891227936109,15.148346883037801,0.8727537461921506,60.84393485438035,734.010832315963,0.060882052276862705,39.76427386209595,718.8130145931285,1
34.52080834590963,3.103379187817872,122.56997717111702,33.397016840311444,1.3606427284104168,11.287899521666164,1.2472000084883188,78.04457083960858,347.6023313583564,0.18810204728583899,32.169335405632104,981.0158377202016,2
38.60814708286675,3.624574527854831,163.4353443317493,49.63640548467123,20.76630662000763,19.291379908373507,0.8320596274500194,88.5309886976678,369.074662961478,0.14858097582481866,43.71562072642893,1416.5541702787207,1
20.090133051649673,5.078988608970678,135.5099961611015,45.906450599413596,32.43173949878027,0.7329464505927028,0.3970150008321996,69.2409578726746,535.7475349088324,0.07238613757156931,27.71639387557073,1132.1885340393007,1
35.76346049611938,10.598502013122623,142.8593470129368,21.334749271815067,6.89483900272487,42.640885613139446,0.6189403170270684,75.76133906778965,471.8004713969432,0.1602370378875727,29.12274658457374,1367.8357200089702,2
38.0158565748178,8.296159396270523,180.0,26.832179430324743,15.125848753147663,21.39650046480493,0.8777033296116009,70.71039312328794,631.2273306158995,0.08052821219688114,35.958571930173946,1264.8584814450764,1
23.65687978542938,13.96925647139691,170.19947299078112,40.697477824212456,13.981499361409467,28.667729543670077,0.8404588471293133,68.70372148723176,804.4864283211089,0.17787483400361923,42.98531790027823,208.92358898614407,0
36.15494407677783,18.30658563161115,161.48973878290232,39.240399032324476,21.002201061750828,15.384914716037933,1.1773802149087684,76.89576067922476,849.9760654172462,0.09585968634745157,55.37859561596892,461.85454078420673,2
36.22806534432316,1.6794461787756598,157.6155386928881,22.39542150321485,31.968430180656583,4.569136301417123,1.0312170056417023,68.36694502888454,1061.882129687066,0.16685345841989263,51.69426862769506,1138.0757557678312,2
23.95492116756909,19.81003937739286,146.70639955109314,43.98951907167948,25.688760761834274,34.258148306808756,1.0246254042310976,66.91599547510023,695.4751112087237,0.11734837631064454,34.1791592488177,1346.0566390620563,1
17.649547245019058,7.10977516010696,180.0,24.309510317763248,9.852066471173273,8.758997187233682,0.7722307197264476,58.80708618070578,730.8717596736826,0.05,29.768208918617425,1223.2333562112437,0
16.974588349119003,25.608288777570046,166.04335262880477,50.6459212862761,16.758908721386717,23.48838763569242,1.061806628041193,75.64588227738646,695.0238875728136,0.19980806529674852,44.99032695303823,538.4224273546956,1
30.951560961136078,4.473175717925735,135.00900172069495,41.35338987499546,17.65252058468004,24.430848113194525,0.6228969122365958,85.67009394952703,764.0536529346319,0.2025467194555057,32.768063811918076,969.4624415793567,1
33.597108556682464,1.1769972214246796,121.99795443564692,21.416906592251344,11.819184319491423,20.739513036788836,1.033024748044622,82.07308788542339,779.6734816649614,0.12391083166267901,40.7479239584023,1025.9462826054596,2
21.282215864962943,13.046729304717806,161.3367600397854,28.65107958243906,2.1365747985294234,12.154157638178015,0.7578678413053791,89.91993330748609,884.4235518962109,0.16372125227011405,37.01807977608264,712.2382339009998,0
30.292438754587085,12.480058591050414,148.8826174024311,28.442472625656514,4.811014032932807,18.50367762973769,0.5014414506886842,68.25484545270426,883.6416503208727,0.17190889757400543,36.315924561429156,922.7776076070456,1
36.27590739752334,3.1821756650363704,121.42123666107665,36.91852065562797,22.333373858362936,10.499491739576197,0.9505120741352723,83.50809387373354,803.8726545691894,0.17352447260666198,63.431736218998495,1480.3948513275593,2
36.80009786131831,3.490304165021221,158.57172331423163,32.55227722385011,23.26177196239845,28.09177692558938,1.1274595960951648,63.97367381487861,1002.0345643307622,0.23627992497673092,38.98724879649375,862.5595320431985,2
47.07068132134737,14.701223927930549,144.6194567937696,21.254133039418598,10.131893716447319,25.71546927498214,0.7305475883104882,82.09258645727895,705.3514119277711,0.1708399070060115,47.75311987136599,372.10314092197194,1
44.04678915417848,10.970805592875674,160.61329851054938,18.26889024532909,14.34949854654079,19.785975669021028,1.1638075850535612,90.0,577.6864601404841,0.13211714362554974,42.85752143039312,805.747102489644,2
18.985794239678015,6.558667178287958,158.83480429161813,41.588280012774334,22.775374391966793,14.316485283049696,0.4556929988492598,79.98381503112114,610.3909895824348,0.17139580818198652,27.208221328949485,346.0516659578182,0
48.51944830491825,11.780058561438178,137.83471956912322,38.43484237476996,0.0,41.073178997820165,0.5567054879092003,90.0,678.833030611552,0.12850259963131302,50.42914699435861,1063.4913461307883,2
24.159258449887137,10.194486382508813,162.6568952884841,36.26645068646038,7.982828122450293,6.979360138466639,0.7877202708145296,69.01268001924015,483.27298379341755,0.09672230005413991,48.826506698381536,1362.6630011467628,0
41.4936009369987,3.8396003521209403,140.041898347302,38.24878230752553,30.160842433343795,4.553869031391578,0.7384319450959073,73.65768934486621,577.3264877693753,0.21098701701298378,47.1263237960526,1046.213827722586,2
30.747852886561976,15.467258045003941,141.34236253638056,27.57297022969958,14.693769445829854,19.17994019371977,0.6732306550669707,65.84316304826238,472.03247431963484,0.17670802438875555,34.60023880445328,1328.6847672750425,1
25.466356836973358,13.454930724322578,139.35457186757245,37.20790829330173,1.837055237669091,17.419526734290937,0.8494090981400091,75.34789848455429,768.7920523269936,0.05691902332727576,44.12276823561982,1118.766194437542,0
10.11533454247574,8.440328467293263,172.61948855612542,65.46206677981121,13.055540642163429,30.975824547543823,0.703710099277322,77.69673820438089,770.7642198256297,0.11581672657074973,39.33754434539576,712.4394600767744,0
28.11279038762017,14.707891745479598,144.38855223891278,49.094805448965715,21.192920330414488,26.461164549466723,0.7410255739633984,75.26035062632396,346.21699464152715,0.18788204927943702,38.58760531373756,853.4742470779614,0
12.8467844116383,27.72459011929748,177.44886361128505,31.539098588481956,0.0,20.295255869820398,0.8812535154770815,70.25861052694084,569.183571351542,0.07180877072126776,38.70288920852373,845.583821851147,1
40.640291594270494,3.4520026726240283,180.0,28.71953903478512,13.586572354719834,25.003377828194733,0.6731418858563004,70.09284239293635,1065.0377691840522,0.112353340374854,52.62871898431885,649.4913829883676,1
46.68471922853173,6.796122846392784,135.22561726291102,0.6747272301011975,8.648269008667612,24.821657482496583,0.7966760045098258,78.45170591983373,825.956001561901,0.28307548090665147,39.470663287891156,230.09052452601136,1
21.233979117736407,7.064820389258546,91.58009370606133,47.82432983581638,0.0,41.035567201819504,0.6779814098008903,73.40713069649836,790.8673006090389,0.13344580568974596,37.483978110744935,1082.5419183639538,1
33.32167816771198,14.485340498836711,170.89019086542547,44.43926424529775,12.737345296172782,22.533633904954346,0.5547635083127934,63.4819699483113,567.1493485533979,0.20413468940411794,33.893789973477446,166.02633404769273,1
22.02069325791227,5.0261554253369045,143.1605620527972,28.47406436868209,10.771677914155969,13.189228673205058,0.9880144784282148,56.027139540268934,757.4565108078466,0.22502334991280507,45.02003970160477,385.66678698902786,1
23.086667968495313,13.928096760588947,132.67627173736017,17.81950780547447,11.78318773022125,21.985010998282107,1.195714776985243,69.04511513069123,697.0980163223885,0.10457512852799525,47.187718696298916,735.4262721512131,1
38.519441742519085,5.5388065473903225,138.22563787694062,21.13679068172329,8.865654417797135,0.0,1.0542058389162616,61.17731263283538,540.6507284071017,0.1633182643898475,47.88360030572058,1481.9192671177582,2
29.57607911972246,3.0896172203568644,141.70372357267942,40.33277434975307,2.807962032412739,19.67352458579638,0.8929775380094895,66.64430011470598,601.2421029853214,0.2529410210885662,45.51860954100014,529.610838640273,1
49.13612846124113,8.821300167021612,175.9438618138748,33.92791119604983,0.0,30.92982471105988,0.6788637425980872,70.76694749006062,605.7493162522903,0.17297623682372915,44.93004504531239,1212.5867596183475,1
24.695442734267868,5.438986280276441,153.1982247863503,43.29910421128737,5.78379053752838,26.021841188704215,0.756877880679797,73.53900827109467,402.2653477987881,0.2682759345295639,41.97163595210275,687.2586422822665,0
40.99269965721938,9.487387426226352,175.67197260216273,36.0373176604182,19.73326902668458,22.985560436456748,1.0525446773028122,68.33994168085744,435.2865468406302,0.1181554191594706,54.63400359465224,410.177741512936,2
31.0715475425356,11.209764509899887,159.8844023855699,46.60110598539781,14.097632643540708,26.49239155570494,0.3180729112548487,90.0,660.1062433852688,0.23985485387612673,27.915162398437573,137.21464189671408,2
38.753558107186564,1.8189359863176922,143.8153855209903,39.434901684706965,11.377440034980689,31.032565448777163,0.7400827506333527,62.38896966402034,530.4003817233832,0.15083369941534217,39.660965730828586,223.82677574812857,1
25.081265769370585,5.970985207150051,142.19285593581486,44.94554456192817,2.642086658356593,34.252334072981874,0.9815055023437386,87.09212457940401,639.816372707455,0.1336259966496005,33.36792025336904,683.4282710570756,1
29.45485278693259,8.826765789252535,161.23217501499204,9.923799068936752,8.6347656043121,24.474559002894587,0.5695783159194092,73.3743199030719,378.86943167536214,0.1820020345776397,31.324397423259327,660.2583905191217,0
28.729512327711717,14.75138425305057,166.40851258665418,20.18785315403048,18.634418025214913,16.838885654873085,0.913145422534018,68.42473608659407,860.2652014155129,0.1444270768622621,45.320297340006086,976.8992568635342,1
20.80337173669634,13.524242103245403,169.93585371401738,30.627779961348473,16.543053862369415,0.0,0.9029376395684516,80.87576010391271,1116.095888304073,0.1457715615815217,48.941976109432936,187.1063774087223,1
37.28289688039928,4.137971119069388,144.76922977248515,47.954825418802905,7.705210172045562,29.78173427007729,0.5000468653422516,70.47122448731659,905.4791199002103,0.17425963095638441,26.945483584559682,497.506324764259,1
37.152739061362006,7.340382670469847,153.50411712808946,57.566356712812876,0.0,25.152025136039033,0.8391351842314454,66.93035313560564,926.1069390320661,0.05961329783467709,49.436931923952606,132.79369592363378,1
36.52910164396123,11.630533444213851,161.6808081851065,33.029170611357465,5.926371328545767,21.526594875158008,0.6841620410396656,90.0,825.224499600135,0.11006719072887647,47.45878135065172,1320.6768583831567,1
46.906622193094094,6.948382782437789,142.32069948126275,27.66103923334184,7.655749341504261,13.119485048057626,0.9115417086943772,53.05539953731731,753.1171682292219,0.18613215302466588,43.912502409065155,656.5619529445736,2
45.94279281359934,4.500126703603279,127.30119932394466,11.540377468906364,3.836046560675145,29.65152003340556,0.9673535108960779,72.55126174507603,717.3045801320609,0.19957652107879426,40.63353246390801,918.0001227382834,2
25.87560841165951,8.05599552255196,133.87457866595753,45.36276516887797,8.281417951742654,17.427635741718678,0.9077665654300932,76.90071620494123,517.0946774102254,0.16786138541999956,39.01188266777112,1094.7804389470252,1
34.10357550277596,10.857792845944985,145.1792911490403,28.397713097666276,19.348951153756964,19.65577888954016,0.8359703113334812,89.08022533177586,838.0111522055133,0.16379352750928403,48.06104730260454,475.1569065250443,1
23.14039241815966,3.7910743643547806,163.24414278440602,70.50001603229785,11.664331923391371,19.440114108317566,0.8835516799329659,71.01569102154517,826.1416898293895,0.17011710614008332,45.52929226461609,288.9285511194224,1
30.25690847726011,12.536121744036757,175.17954991144205,26.127152959585842,20.907264431144476,24.498517181654982,0.561265680438479,90.0,607.3980827436483,0.19788992095923977,41.11404766251979,912.3796539816364,1
23.402756059692486,9.21869255078138,122.87905582530759,60.26330116232798,0.0,8.513679889698713,0.8132346075500908,82.59119061348247,805.2008165821927,0.07868859980702451,50.207653686043884,1364.7010949433056,0
47.82077340049656,12.857568891711384,138.05309972140034,43.980408603049604,9.254423478405506,25.62551861907346,0.6447736857211588,51.3270718924553,561.2109399432767,0.1245263004976584,27.94412860065924,1349.6114896864203,1
34.00067965377259,7.919753936507977,142.84275005873496,22.6608272081436,0.0,12.791116431919729,1.0469385257671509,60.46317271032437,573.9489262743089,0.14627854587356262,40.82584950551396,531.5354992477833,2
27.601679590851358,25.02000412964906,165.8943406461329,37.78572546372304,8.160802231468365,13.141962931008443,0.9703123943159168,77.36934000791771,855.0210698169996,0.15978948478508104,51.624774214232524,472.6242327138032,1
43.12980429042015,10.707192334395959,139.43778929223,44.25656631860559,2.589082902320939,28.85240047557749,0.9696882970263714,63.56133742643072,786.1054867103771,0.05,56.10211815394903,594.979997287868,2
6.123230492250471,13.885944263374414,141.40535330105055,32.29697368980101,23.53127550085544,10.049715389044295,1.196968142268076,80.4783324464171,653.6111326526723,0.08713032153477013,42.0298903557401,443.34574733814185,1
7.844871456481812,12.50044342793906,121.76014845699552,45.055792526627584,15.687408052591554,28.834424010104655,0.7474049577439231,70.46270216735195,630.4667690408207,0.14916697619546987,28.60892161604406,1450.3189525252487,0
38.75422520741751,7.266156142054046,159.66814631946517,44.791485912183916,21.133465460337124,21.01366724708905,0.6992183825136129,63.0397359612131,734.9545498612255,0.2006570359200086,48.67571349752766,148.5339266245051,1
30.66515292929105,10.026282431382372,146.7720185080689,42.15606200712958,8.135869572543633,3.5172325112992766,0.7422074024233625,65.35410626055484,332.9198902536908,0.12904800268851593,30.547819842610025,367.8563758701335,1
32.75490930286837,5.125885931140086,136.91909930040808,34.802319583429934,2.8225371259502126,33.644758516465,0.4675079902755951,83.51913605079692,548.4461164304871,0.11665549529707397,33.53300982690262,139.6183761202398,1
15.409642863495964,23.83642851367884,144.80973551035808,20.90071892832648,2.5359330491540533,23.102537272634944,0.48481171341387824,54.770464560921944,446.9781773968343,0.17643342234347179,23.228957014827884,1295.5728321251227,0
29.744429180645973,11.567911600000144,172.53991003862527,34.0785754942972,14.38895352693772,23.9412586588987,0.9566426619729845,85.45274825165563,702.3706135320367,0.1335964514033398,54.49473759703595,760.110041274752,1
52.03860351441476,4.2724593545656395,129.90226183360315,37.112775964590114,28.291453447740817,30.07242310584759,0.5130691711967579,85.74536872807877,917.7236921324452,0.19404492342767393,56.03012486944735,419.272867673478,1
39.06619581775449,20.333852710858686,133.16680737792808,12.487389547546105,15.711440628184391,34.99220744561298,0.583519235697787,71.68593196205444,795.431743895593,0.13893371231875704,40.166325398996946,653.5515214702906,1
31.866771996570932,7.556257141447295,175.04504894931242,37.030823791896125,8.627090436411752,22.010268962161273,0.7976216270369088,60.95557357159386,597.7004063786696,0.09423920703056915,36.95592914756154,248.51764880890596,1
25.170406988845684,15.252693013228896,151.51549656037716,33.83838482227828,10.301062303860746,26.172873224960682,0.7293099273977133,80.55864209099063,558.6806312436704,0.22102981373614744,40.2644302099769,250.73729427535204,0
25.65969862943667,1.7662363819540075,163.39508193423833,19.440487150580548,11.718297014233821,23.71185930617426,1.0148435187151348,70.1364068282376,549.2267203643185,0.2118630466393468,39.076379780618645,1425.6394870892748,1
6.578823218799805,17.90659825821342,158.03503820011372,31.00392331169892,30.239783041603435,16.571322932983204,0.8333014871003288,59.8488231926293,1099.9234247109734,0.1022260261198525,34.50634010101343,1074.5066333376062,1
32.834044630132766,11.232392042401898,149.29330895412104,31.257843837988414,23.102477092513944,4.165636971048556,0.6443368905821161,90.0,713.6124593018661,0.16978517993208306,44.8535546118191,994.1691172418764,1
39.300314193300395,3.979328119418481,143.03401761702887,58.161134401921025,14.339631037353291,22.149220591042084,1.0337592621434775,66.15586704077883,739.9501880577698,0.1336665311221754,59.57723175213261,761.8598067888996,2
12.668187401123234,11.09320941823048,166.63116044967637,37.641420154128404,12.987587710254957,33.78937830644556,0.980334104664532,60.278491132699195,277.77407481839003,0.1809532063375233,32.86379250447902,785.7466677008169,1
22.724414184625026,22.27620190757106,173.2467313562231,47.43254301577518,14.694180513328885,25.833329633576568,0.5095836437337421,77.85050819807572,463.81228312126257,0.1062155774120178,42.84824554755796,1180.8625284206946,0
17.267889045432355,5.253777219355976,171.68376694032193,33.58621634611222,16.44848102354769,9.325768090235583,0.8754986618252072,74.32152563716335,691.1646236259759,0.19359211012259114,35.98496834305241,173.34767536869924,0
19.381136857103602,5.195678491458741,126.29056732704632,12.513001797978994,8.281218423219638,30.975215056449056,0.6626831062912673,89.86188369243378,600.3675860864263,0.2097475742883616,30.544873520787018,1034.4182840964672,0
30.588297895040903,7.181263315180246,176.09822035688657,43.06810218585948,4.403289473610272,16.905301481436595,0.656883685583963,71.19479724917633,726.6116160439324,0.10263286306288205,42.72856218322363,870.7037176767085,1
7.071576295126782,8.765138339523569,142.8412949160471,27.101759244949502,21.28998234499379,0.0,1.231293225488752,71.30043683298314,723.9757742030433,0.1533850073358988,40.04046134080168,529.3796931922395,1
36.756974821927706,15.939862506312505,134.89940924910331,30.972798440145073,12.197844575147853,30.17903815182521,0.8473397054593933,78.35228232196162,820.0904494040736,0.2107982502358609,44.50769534549169,401.9402381651606,1
38.2924057692705,11.678514043982576,146.61344606463052,22.364345010614354,20.538551422334717,10.546193759068872,0.7721415325269316,76.99517921221381,326.16767170543477,0.09993187009216212,42.1719794730934,1306.4574279340602,1
27.237871531593964,7.176451852967362,166.62256870497464,35.87321436705632,26.815428738987986,37.8072837311791,0.8386892695650364,77.30037714903997,478.9542833529286,0.11655866943409494,40.7379478867434,1404.1803719734203,1
2.712206390170042,10.340279443804386,160.80928368056124,47.78214033946942,16.68553260689604,31.477734005974185,1.0123328578224446,77.71951497134408,680.0775344110745,0.18308690031812547,32.4790635877675,234.15016356936937,1
19.039395113973715,24.692416895210275,144.89227176291465,46.19285730169551,15.226936316130633,17.7220072633684,0.6656470152902423,76.64616294895522,570.5193583366628,0.14196554349702928,40.981960647906774,337.7611044290846,0
43.56192127512966,13.122122786874066,166.7533173375595,54.03427409342197,40.802186824653575,24.59359845754463,0.7032130067229796,70.8351703437818,637.9444828378826,0.0712362614914048,50.03334137884177,1033.9531622374257,2
0.0,7.778357141865145,152.7972116151887,55.73551349544934,13.863181154518362,44.23918565655104,0.964467720792192,83.326775967689,721.8054842686723,0.13398901962872525,41.011209985969465,1183.6188084225992,2
26.177242465871288,7.014382638294889,138.54057068921253,10.449509236901317,2.185078729382866,30.00007037836985,0.48639435609211873,71.40102597210448,551.0133925697037,0.23732202343214362,15.818390692615061,787.8756659125565,0
17.019991436860153,9.903951900274324,135.83929434083012,20.676553268850416,9.468972910452113,22.38200024784589,1.037969805000044,83.04350297602458,738.4540245186653,0.25314441698839146,40.058123152834305,1397.649467307355,1
38.850273317433206,15.807426266604672,158.2046968884324,13.301701060081363,25.965162405709872,48.8915399420627,0.46686045833881673,88.87762088278554,808.7969062689543,0.11814567941276985,35.74757927851859,1322.2443729313977,2
22.573746526421925,4.656034954683088,148.34964528368798,42.58316492467508,0.3524938474795807,21.175810109564885,0.7659313021134099,68.2245913266306,713.015813619596,0.10433491347085125,34.694762520805064,276.7556367871666,0
34.44349422809173,14.366423383256768,122.48989693172727,26.683018594410168,5.227863562623177,25.818148188788363,0.4682567679031853,90.0,844.1455558632363,0.12709940215664156,44.09537079682403,299.4251166835252,1
36.22006461086002,7.660268504135255,166.94322986139005,29.129836017872844,21.95784125371666,10.637868109407409,0.5876246343744445,67.87387094824416,265.4117232641768,0.24009502106168773,35.3928238468539,220.2544342204691,1
50.198484237030215,8.538809473461416,140.3944994275116,32.40083081687054,9.555414217382694,3.2528113440511035,1.1054867088930895,67.94611821348214,582.7930094579773,0.19210468512338225,49.27262040709463,1325.5893730687262,2
27.767638619570928,37.743703651078775,180.0,39.59084825708902,11.007787917211544,17.12197708051646,1.0497807322436385,80.39990831493813,878.4661817807212,0.22320425662958443,50.02424738230194,880.68239083779,1
34.136488065848724,13.383841660559224,121.94020029690577,17.176147423922526,21.660355381175663,20.384080843685187,1.073290905951183,79.41562404394742,527.1293854058958,0.1999340878449094,42.155205463179065,1417.9494207520206,2
13.664389729598206,5.578842801533998,146.38582807219979,19.893638448390956,5.548609419114352,23.292635844098587,0.5012225776215508,75.71815225510014,499.98818807102657,0.08403179078874772,25.078884949104435,1120.9274736800835,0
43.094549196231185,11.20937155923513,136.00044631121546,35.01555447837328,0.0,5.802289532257527,0.5887676451956341,83.18251087977187,674.7463620189343,0.10255760851890401,38.8358070615439,1124.8002811687056,1
21.63440267121499,16.345649720657207,130.49154959245323,49.38495123385361,0.0,26.606743221179475,0.894771965142849,77.52630042503296,696.5361938446829,0.11519134277568491,41.832877151372344,275.20984534110664,1
23.8317041950348,13.48523764875052,140.26418566483247,34.695231160986985,17.236023990686597,11.696144759563232,0.9773698478394566,90.0,593.0606140855156,0.12390126545324948,48.09708527871108,253.32943987983313,1
29.755274256658684,0.9486964371451876,180.0,25.50008352341561,14.332188844477152,26.087343593944148,0.6441069892783025,74.46774582126946,1068.7147668977314,0.11608465035252,48.1211832074888,1403.3396489774207,0
12.808272201261655,8.27763126423682,152.86740340159008,9.221495835948364,5.766901380486031,29.349264828436507,0.6926372958403372,66.45506378413772,757.2981507605783,0.12190175650802981,30.772955325711912,775.6417637237469,0
32.51647031821832,11.557609867643226,134.1658392240514,46.43210702072335,1.5708754127357931,16.04490909947371,0.5711035178671002,69.48290703138296,519.4234237769898,0.18202451650134888,44.09766232388934,1491.4980709643767,1
40.64212900217512,10.909815074981,113.4274317932519,26.168820207314237,9.564841873660196,10.361810677324005,1.184813963927939,79.71324381729522,412.09851241344484,0.1567898174293527,35.370952051631846,552.2483073263386,2
33.22227205847021,5.948429454367629,115.57274907304628,21.230757010979346,22.048655576254248,35.43649317383628,0.7155097242082262,79.85951686655429,781.1153084004936,0.21098890390852093,36.62108504398317,969.9828935001779,2
12.522126794034023,13.644594959687726,139.2707371176253,14.416097282494626,4.477638415536696,28.72912094299196,0.8268843067948082,77.06476031917771,514.684251504887,0.16259191575784673,40.74311940168633,901.9313807451211,0
28.638097762373746,17.958079008887037,137.3262403172268,17.730790266296417,6.03584380242694,21.51976333847407,0.8384018124889779,66.50496427929141,1130.5238604825222,0.11618617719445783,39.36327431837191,195.3091075479154,0
38.1623179327744,1.880885718386769,145.51898587531028,23.465429354553766,1.2853058938825903,34.68427763679853,1.063236499764238,86.08648119944048,785.588560847679,0.15942309757424014,42.86573515574166,826.397662006771,2
9.342123574375016,1.7001643986759634,104.55632399128297,32.133815165670185,8.693283998080458,20.832617239755137,0.6104573557808699,90.0,811.9943942744981,0.07443447684319182,35.613254570407314,1394.1352774415614,0
18.177573848005146,11.139515913381874,148.16636809906933,20.495099542872115,15.042710916449218,13.79492789805349,1.0770173835297538,75.29225321895288,749.7374337077625,0.05,50.63821544070484,735.4179443373021,1
39.64197964489672,14.423546215780533,170.55459550294216,37.22849645057165,31.036522413387814,9.982979356272402,0.5386814425632278,90.0,924.3138871813596,0.18216060816514032,44.8610682929262,761.6808136398998,2
32.971049776170155,5.272152142688253,180.0,32.04262712098277,13.960033615379434,18.92200864646357,1.0764584567110993,83.66255996442015,220.930261112001,0.20091550293970858,43.30519146119802,1081.186558712922,2
34.531687403394294,1.020335830136708,112.11107704165721,61.663907470214326,11.516897052866828,27.71720477981593,0.44263409127695563,90.0,459.34599320363407,0.15360647105299202,41.684713163607036,1192.992392729061,1
50.45444288385643,8.381094090543234,133.9721448152169,14.546682603288058,19.76642945386618,33.897592151078186,0.796997756589017,79.72644090568545,906.8276014030934,0.1304347195061743,36.058253951661065,1259.1450815332005,1
35.15408056356823,11.026020942194126,132.91532278050929,36.93775316374858,18.2659399664722,20.23510216034475,1.1775961887746367,76.3660307577288,1000.1159823675996,0.08290648969826117,48.88462240016427,732.7539536417856,2
37.23676811476497,6.7408151037324355,152.914428550513,37.088059868491484,6.801052670699852,32.13124927935677,0.973396343814044,83.42401232979634,452.94359476437603,0.20834625150523262,42.00569983480836,721.6193953879471,2
59.81820079940159,16.619188933164143,125.60455064247094,22.633311152922218,32.71854066087069,17.85730568497969,0.9126733035010747,70.66415000660727,336.2737667915568,0.17462650656624845,47.94364585590966,762.698762979191,2
27.6481498610046,10.556105574700535,180.0,36.14302876936953,11.780549829354424,12.184019813441457,0.589348668842682,79.07117387859638,733.5043574033951,0.16455867743234814,48.63972508320314,1456.5832797105331,0
21.223289600196555,4.816877389029625,150.87044943371478,44.23513239688059,14.12737788320216,6.936867661996116,0.6583437262829613,88.30716446619905,797.0824837505287,0.14975881080523717,43.52446569800504,1400.8559630752625,0
34.70576038071846,5.238606116625093,147.53707421401577,36.15789779069399,16.96213728557519,14.937600376581337,1.115767080626855,83.19510455718843,729.4764754356174,0.12652146406092207,47.01811539499346,971.8484401142273,2
34.82890132327785,8.51705481802176,180.0,51.61355461783805,15.11285130851658,7.31342572550345,0.9239146880765358,74.69042341928308,688.0741848110998,0.09433585543442868,63.66573929481328,498.06129108921175,2
24.20613068859171,6.389574926604179,149.67904751833305,8.867748582855938,25.728579019871308,40.095116311902004,1.0158548343401241,77.0041559409823,329.62899027853865,0.1626352076674227,27.838107781461247,1360.5822816245304,2
18.643632784896678,1.5847074192702382,158.00606812997378,24.893199046367354,6.690821347830275,24.392964263093454,0.836234638745763,82.57676781301787,624.997972183175,0.12307375438033165,31.200664653646825,339.30147427537634,0
55.408288642990854,9.919098948602295,134.984034534159,52.70067256677133,19.050440239674344,19.043851508356884,0.7580190735170331,82.24446609789874,654.8197938021675,0.12880194788520086,59.78825970434514,249.45077339914127,1
33.59527817426825,5.352005763454893,122.58995869891233,45.94431599916621,13.481116008464811,37.220017623455746,0.9886655587045949,82.50064383128532,590.3519596973606,0.23589228825683947,46.377385067337315,680.3914019939259,2
21.944860804577168,6.11462599390843,137.7927673699154,41.48614053519545,20.844508755985714,6.977326310284951,0.8770576675803132,78.39438105419622,316.2523146212627,0.1475961303292544,41.68159098696657,1059.4249619648663,0
40.07523332507559,3.4240642479000725,180.0,49.79858487823351,10.065130950285496,18.628571641042562,0.7826087997606304,66.75455360562124,816.9473066649573,0.05,58.29437237347753,173.62538665688544,1
28.79940333282532,22.65772450430454,162.66041896573913,12.001305455578759,8.846261794621913,39.996737921018614,0.5089184475608917,68.34847136193925,873.1524963176023,0.1232270778293998,21.678038137837163,538.0452057590435,1
27.218304090503857,12.843717386830843,155.490696742221,44.547327952673854,18.588661386834108,18.559594932753328,1.0298598254103066,79.61166764773512,541.0710878611039,0.09992741259597428,44.9067649077029,1197.806741300185,1
36.185001591059425,26.345206820874477,130.47253219629602,47.77244194903307,15.221939313809823,44.468137784045275,0.9168057885606644,83.31459419509065,662.8056783739411,0.1430390149727247,40.00201825061794,1022.907117148763,2
15.789295049451411,6.714610935529528,168.2250160196769,27.095598005891162,4.617351279072586,27.856048394415385,0.6866223491874723,82.0193622401484,600.6176916987982,0.07877838010305174,34.94086896983681,218.25389324605442,0
33.878899243088895,13.351223781144032,122.84613451372417,66.55084541469472,24.110510577728324,33.05925908632233,1.0794356015081712,68.2478328364893,602.5615467119468,0.17168158136464545,43.653411453959244,382.53614151960215,2
51.042502885049274,10.044140344131726,118.65887100635237,37.35618756874469,18.592584375976138,33.34894823454871,0.8736387497946574,73.4883263101737,798.6331771213543,0.13519667364335824,42.904726674692085,1115.2385921795162,1
35.12795428417042,4.975142928957988,138.82225754236708,8.68677148989751,11.332162285535519,20.016024602480375,0.8779477446009168,63.25721335613741,803.4637903914265,0.1262143719807259,42.4602984955426,263.30263716442187,1
25.86166685838189,6.661262953404682,180.0,39.57526397520505,7.785919994419957,15.117883354044235,1.0144570267738637,61.08571320395173,914.9542475875086,0.1574809320686966,46.23999510822411,113.58616756896754,1
24.42184191528934,12.827265515241313,180.0,26.361679640127214,15.277178071862267,18.845596801195867,0.9671154564671657,75.81479300326433,910.7858040045528,0.1461671576106681,39.659251870013364,1489.7533311754696,1
25.4862602932038,3.4196083771055275,140.97526143498914,48.979943287154214,17.944367016241053,10.130674966863731,0.8846083854087858,88.5815636470228,665.6387813556987,0.14326449825012486,43.87626277770271,959.5073497283709,1
27.20641054147441,16.729699284200372,136.5160196360403,41.575328400695575,0.0,19.34037116770206,0.7785112882201006,75.99804000704813,1268.4208872225586,0.13879066545251373,51.613406414799265,700.5344248642181,0
25.84412813965901,9.456603497674765,117.1927591888044,27.82493513268571,15.381128302705488,19.95593950755039,1.2564061139315963,90.0,1009.9903915657537,0.1489842891698212,38.221686754683645,935.9093042974981,1
40.07942585182023,15.277851599016564,151.56061451040168,53.02942301915475,17.87299232172181,36.89234995319204,0.6585638194099168,73.35896028827138,568.3720126982524,0.16715880358143437,41.27916625430721,1038.2569083169556,2
10.934699864701187,11.056925694890118,153.2402550397624,46.27341567175173,0.0,25.932757107274774,0.9841138045786976,75.31217208146896,725.319757318442,0.1608985148494348,49.01010407382983,793.7020009631774,1
39.48200055453347,1.8965330196308865,165.79112508393825,25.06496014781478,13.765706928707608,43.62617557786872,0.8015509833980881,65.08993108980852,302.83733415059123,0.2063439789273446,34.14885466301738,1021.2952562207118,2
25.82344822343183,8.28237234691382,168.21415026650328,33.17545903326983,18.251482209560212,0.0,0.9200369980418976,71.52756016662912,705.4515265653877,0.1226655213238131,42.59465780585727,1091.99790826446,1
34.14642564264909,16.97289266565819,146.05156164670734,41.20300148916896,17.227904828380915,7.829562999700574,1.09135313004146,63.1006176638059,1034.7389525131723,0.1619062947033185,51.948456155575,351.23943809995933,2
17.6031329877905,9.35559375612949,161.1205574951917,30.628840846728536,19.222035193027427,16.446546723346337,0.7514527460668657,59.54662715715899,1256.2608940736516,0.2723051038148288,35.212351733017414,693.1929390307371,0
44.6149417353438,8.44192701339939,135.9872226430693,30.98720715383294,9.051900671835766,34.92494464014205,0.9524039952694061,63.27068716111761,675.7442935270801,0.14795231864962988,43.58641175791328,526.4530585759735,2
43.701984561890605,9.34894736180494,160.74085066721372,35.44070033917381,2.6408420879208983,18.904227997166526,0.8784226017121499,75.85275089966048,766.9764770066012,0.14989101536393168,47.385812329221636,1216.2883695226478,1
40.55549578325081,1.4506392693765122,139.85535843630882,22.210416991551327,0.0,5.321731643487485,0.6789136712587701,67.63293719764386,821.0624057798758,0.08683069091442867,37.17486084089683,1177.8690420863607,1
13.337697466271067,18.15042146564587,159.18917031933876,8.206815937076385,21.83000916511252,17.54875563851037,1.0967817797182258,70.00127182637858,1095.9407143046813,0.11433947584299489,42.59163202476085,1234.8479697281928,1
39.12033178172658,0.7240990214453196,157.57002650570732,37.86961834798445,18.327589444149087,8.02401742245086,0.9764613150482558,79.09870569724661,503.40513240049097,0.14468169441655301,39.27581287199008,712.4709887015761,2
34.4534059639928,20.682464964202442,151.37607251390128,11.13320060845777,22.516400377456215,6.063742318501946,0.7243990150674329,59.51201627478528,1231.1026097438717,0.17667268175727094,37.349055462186456,905.4621024732058,1
12.342016281541756,6.34651061525631,165.8907943631871,23.08353556226335,5.473727770402701,39.988278176539,1.0627906309923776,75.81036058752437,636.5856226464496,0.18245816013333552,28.53646748411576,1087.852735725175,2
29.73272877852103,11.60677952839139,118.59201857278629,13.741011692617136,19.234527803628275,16.483911333193483,0.6370876769839328,83.48075435979047,465.96921221589287,0.16631369868795362,31.385802238752067,550.9568607998378,0
34.009879379365884,1.3118985590277394,128.7016756355812,15.218666626864362,0.0,21.731528628025135,0.8136344621652708,84.34559491079568,636.9477592155038,0.19020490069422563,47.438988374581044,1468.7605219810741,1
36.11682801205466,14.317420807653026,144.59880652893932,40.1162620894315,4.174557971611698,19.070436528319135,0.7255707563976546,80.16567049753338,538.0789988607253,0.10003285217572168,46.06620701570699,630.0733263679192,1
31.949875036437412,12.695975183825631,121.13473224653355,32.33230201927912,13.13379494857053,17.48504375391552,0.9852886375843979,74.47817729807417,783.8511383250255,0.17444583177088546,48.12326109213926,851.8213914346042,2
33.20354558532118,12.166742722744921,141.8627097089059,31.899194534382517,17.968868668437786,11.593389677123664,0.7144696617827108,68.76261103522953,369.521172473214,0.15066765163520435,35.98534285112957,1257.51038784242,1
46.20972531478405,1.2434440893326029,142.507394098449,19.209178596511887,27.11111203107322,16.89365395828353,0.9868662857314296,74.17641246759544,728.3280076121815,0.15624477649415616,48.302142892530775,1145.9221060365833,2
43.48637300901748,4.428077603950918,176.19367573333386,27.129810933937264,9.839423411414355,23.37235478524147,0.9507812313695876,90.0,832.7937878706219,0.13188405989883115,59.54391467840191,802.2078666936536,2
0.0,11.098217766716608,152.85067404582924,39.51746191052225,4.208252503898421,34.18635312063954,0.7374451875691019,77.73066202546923,996.5667985019122,0.1023484830220191,26.747944190875465,671.6573561994624,0
26.5081758967855,17.824065974143114,170.58859152127755,34.37495281632199,3.7456600995171385,29.474356365540743,1.2225378701203866,73.93118129675737,836.1212175239248,0.0892423515933691,44.484227382411575,991.9056609809546,1
28.188838697016536,3.875300773746862,156.03349437619437,44.872088732503826,5.8093864947813625,7.809331025449167,0.6560483770608376,80.63692767797264,984.2548957996682,0.1660335900202809,45.322276409916775,709.9977425219992,1
10.726915700003318,3.9712148250834014,139.28665457535868,46.58110414551098,31.989241168276074,29.88532418236605,0.5100169010675126,75.49724248857304,578.8664654583544,0.17489258367345434,31.963342355017772,928.8117497152022,1
31.036013640555435,10.58785024588941,152.67433615493024,31.97336170090147,18.811862230210124,24.75438011527369,1.0083418100671115,77.25792950678967,778.8380512488288,0.1435214861948166,49.36268576502396,1219.972000908357,2
43.73633549651557,35.59897867109052,164.58852667864346,12.773008568954094,22.012786653262133,13.752789993865044,0.3471302530267589,72.53282845268602,254.1546011077803,0.1492593237822036,29.763363927153463,270.4946751762768,1
18.047753544503507,5.049199569127504,173.86802652885163,25.920261211205407,9.84912971538095,21.820970961865687,1.1481997017927406,70.85062245925295,677.2024082294861,0.11398946359691728,44.4374192557242,1076.2886350647234,1
33.70041032558859,6.285839740128422,147.35379874131132,33.8277286295277,11.985161858411287,25.72287183649899,0.8423858528358006,84.96000260196561,777.3502564819187,0.17515308758691306,39.60058857224759,175.3669357283046,1
19.925941749739184,5.567904214089622,117.04978712294113,25.68215537595063,18.29338055362671,20.470529478228755,0.5060632835428476,55.496503096072935,795.4465085202193,0.1530312793665724,32.69057423330779,1127.6144175844029,0
22.608967739523557,7.673863634102903,115.64395485156197,22.34450946399496,7.447811197971546,24.802433341567212,0.6113378094549782,79.78601736748257,385.18456571353533,0.1317193083728691,29.208945154299116,392.81619624151006,0
46.25132997587039,18.769088215118966,143.47174779766226,35.837027410681834,9.378229021079914,11.370489830761993,0.46050049138669696,70.23247013498732,621.9668178198659,0.19330416985571885,36.321755464869554,790.724855696303,1
24.031863978769927,7.987417908206405,103.24196997704054,64.16363723279937,5.927661153625438,39.92832044246513,0.9042342495947793,55.94787536169264,649.8478998285032,0.18225097220670416,49.510105899478944,473.7891699179678,2
35.084337379116874,37.80541527804418,180.0,29.141743255563497,7.972565702185965,0.7071527102177484,0.5280788823817032,65.25390577547586,614.1849807351307,0.07320655263488249,39.64780433573396,550.6722863182962,1
9.416600723329143,9.109966321039186,161.93866462799468,34.9663297700987,12.440807512529906,25.778512233281415,0.9304595867531086,74.6395391070213,845.0011693279101,0.15245752389060171,38.10207465504765,980.2138280528297,1
50.48549317534368,19.976953914369478,137.2866598100551,19.255569473228135,4.604608864524361,23.667634630103226,0.7529386866802136,76.01479229170391,656.6345130803279,0.10208818265589659,47.63757192968954,703.6438333638766,1
36.62917690937149,6.662809860067762,127.80704811982409,49.920812660498164,14.573810812164478,26.429433934517142,0.7154198891533392,82.40004455513446,719.8653921197149,0.15697608025161064,45.756811500424085,782.5977475758144,1
27.99250173084712,2.7893963310390735,170.5623819195222,45.49691652021708,14.561235709960052,12.916296483517378,0.9320561127095505,83.08018234544946,602.0760801462354,0.05,45.97584701431958,1498.5172951415614,1
36.33101160999884,7.977451395353542,127.72725688697989,44.66880967359101,10.38676221429435,31.69197028333056,0.9571724925181802,59.53285036772779,912.964888368017,0.15985720373108245,43.23418329522728,270.25885441661677,2
14.491986281574086,12.294053943073788,129.63546472797896,51.31754973565694,4.55286129992921,18.920193183216877,1.0720766318500001,78.7750358635139,927.8468372629602,0.18559919104205708,49.492685770153436,637.9782018951453,1
43.00783815927923,4.46215857309136,134.68108119946618,29.871903743662312,12.944667440566754,8.137850609300655,0.6805687660292639,82.28543973422772,638.3316511122098,0.14446042868318706,42.03879237936188,842.2935794971863,1
26.436167469539267,17.92610766227139,152.2817482914865,31.37098616185254,7.455858933433878,9.051896117240437,0.8134419182145952,77.18922620932064,1270.1178466404492,0.0917640747240921,52.00953747097604,1239.188798957972,0
27.75523533446722,5.790789253758001,162.41594878294796,55.518542382639794,12.41934750395431,21.24705068837588,0.6802280308430896,80.02441485206724,546.7044404533921,0.24781851604274807,46.04875779975342,495.34935821979207,0
24.59178823537967,3.4253408702068904,173.85344466831327,42.5927372353347,21.883147206630916,4.034784765385089,0.8558572446202948,55.674791935269354,901.4393827760516,0.2077980266323409,44.476340674430304,651.385717244717,0
23.61283456979857,33.29535964693942,170.89942597893403,8.369338143870067,0.7235389460637052,38.005059834424216,0.648776269240571,65.09785010584196,509.79986508252614,0.12344693071980839,33.77922378386699,1249.7664828859115,1
37.641376727912494,4.262483931466303,150.01547418469482,40.45785170764412,31.561377032040376,30.489212805426362,0.726698719289886,88.66047002382118,854.6048496525782,0.13694880922653144,47.615011636284066,842.5194368319541,2
32.81497535114645,5.652726827022488,170.41043947512668,28.019623270764843,11.347287673910333,38.26844320850998,0.7278198878503662,72.20291677858562,839.0007986932859,0.05094845838267173,45.01152181990258,1298.4920221599557,2
37.16922955543344,13.727007295740188,136.5800077204728,45.77806189587989,15.706553465153286,37.214234891089006,0.8845394076859864,90.0,497.6523765296377,0.17367003318446722,50.7938698852309,190.08711607216827,2
29.903258415658716,6.483233385829413,113.58267971076067,39.898285633042086,5.2252491878234855,16.480935351984073,0.8206500927916072,62.21577588418332,673.8794070988874,0.08153806523436043,48.07608179760645,501.9115364415578,0
35.64519792184899,3.53993700373213,136.57737856578984,14.113486831726412,22.279903945874832,11.306705373498234,0.9313863532691184,90.0,1073.5478892729066,0.1833182718006015,62.961326706236946,880.8545642790516,2
25.39266381682458,5.204846024907529,133.87478971447425,38.22596204594573,10.86936177494397,0.0,0.7964607519278979,68.89294387015356,537.1396859503764,0.20129709618378502,32.02073390891914,270.7806162286979,0
54.52705025550503,27.48616767721295,137.36025856401648,37.52753272701929,8.452935211807436,15.937658751070346,0.6924544133019171,83.62435982948358,780.3731974235942,0.14648681465279048,52.387804745459654,774.5019852576502,1
12.752765419264517,12.601089207401015,130.8125054151622,39.36154983757744,6.820364808519836,37.656528558359526,0.862082237396644,72.04617584508193,767.0967772569953,0.0967773116568088,36.173411337048975,124.69033818627928,1
43.87031055919283,14.366930371569778,140.77780844840575,41.906346222959705,9.583571767897245,11.721493425027955,0.6182195324540156,76.15678147905278,691.5434090863046,0.21245083671958878,45.45602585240982,806.5267156389704,1
45.046981957930676,10.219365413116341,162.40034428187155,52.95159151786078,15.765125906576175,17.900790051362442,0.9452147194714577,80.95543307418251,353.77392249182884,0.15010847283667797,47.66123893543116,1388.4418601281516,2
20.626253134378466,11.496112678222882,180.0,39.966667875371584,13.55529621567518,14.45429750917117,0.7571976586477348,68.8664673856013,865.7250068626616,0.15466126899622237,38.54957068323624,1427.6453492942874,1
54.522009716115704,6.099282578167782,115.49307051481954,35.27478152569358,11.641262402007547,23.749951536077155,0.8649942701338976,83.01106394874793,702.3232563736839,0.10342330982235566,46.26716397814971,546.7573537200569,1
40.9503931123985,9.313380199836185,124.24530746198512,48.7756106502587,5.5972072384516185,32.860846842143104,0.8684052810879576,72.34126253278482,920.7691345405425,0.1596526969175924,50.02134693901869,104.83891004462195,1
40.68252907505203,1.117878141814533,134.17107482543665,61.91288868307721,5.0774387346752174,4.607893824854834,1.1723400065648186,76.78049933713687,746.3516210405634,0.13985437137397977,59.04718330831209,1377.008318890654,2
30.308244057284643,16.24677257305277,165.31483754873184,45.98084905001707,7.852131456782424,6.522240183694073,0.9039484143438115,48.548286049912186,712.8938463193853,0.08357560978614258,39.81929849175141,894.0658714370875,2
27.610512259594557,6.054635885928885,145.901051140539,37.474473521697085,16.142481409446425,34.86620039274355,0.8361081696753498,71.62664725576391,774.508206527474,0.21699961424762865,38.77300509760104,912.8703900841715,0
27.696502902564312,3.0275383373440445,135.51781553792753,40.190366597227026,17.96033888193363,27.330668744518096,0.6676784196306998,87.63541988351643,502.4938371112996,0.2379562552658312,35.221281879252636,1241.095255058959,0
34.29583655951469,9.708700568571345,164.33466015410843,38.0725251127791,19.17339777208217,17.406194386515413,0.996524734084711,81.94677187118701,1011.6212454537357,0.20091011639350664,49.727817998520536,650.692580776556,2
45.41304902537286,7.254398727549188,169.1278053268394,35.222220983279925,11.986797958150726,37.0708276192641,0.7605547855092452,83.86545614343724,624.917131443099,0.19344165930117785,42.693923633032114,688.1636396840421,2
31.994456396475616,15.85739606832895,149.6248008115274,60.98204997807657,15.45205746826042,6.3497111361009555,0.48439436789618096,75.5331767786142,627.4876931454834,0.2382552080295264,43.84942117567715,1292.0817538511888,1
19.974120145489806,8.11162334728026,133.67561546758913,26.01135950820281,10.483943656053796,29.312134911910327,0.7770805911025072,90.0,958.4592634503877,0.09762511254888057,49.313730752270935,788.1542549366942,0
39.06869768623478,5.111153492257099,155.40559134470786,48.85886993891239,0.0,19.317618911360007,0.862127754761007,77.88438716568768,749.468439101346,0.09702482938178353,44.128147283235684,1130.1315319097018,1
40.13265821034271,8.260663495163245,145.33463583094866,33.489716687593116,10.056658894145418,26.06543836012893,0.6399287465164092,68.39899917791624,652.7099936407922,0.12928029246723635,37.710913881517435,1367.0488194974932,1
37.20125481292565,21.50158104883804,145.1797351242908,17.234969958335313,8.622060371780233,0.0,0.7940003328758584,83.55140875107611,782.7640187106606,0.16489271836796388,53.18326725445308,651.028693209832,1
38.200487971774805,16.214783399042368,139.75199562796328,32.740187076961924,2.6485931601385353,17.39296640105651,0.8042737759371974,84.2259835948841,825.1968157253232,0.13536880806986457,42.679331310421276,1344.5056943622908,1
27.01979056826411,12.578250983925095,168.49966494644178,28.438689994953023,6.893452418224761,27.367967160363715,0.8077002632593198,81.29591224767452,676.3320746512555,0.09900038452026284,46.54809091080978,558.3583234398727,0
19.781119161563623,16.69170154990138,154.99760452653587,41.93092782101191,13.215822728618797,19.366697816051712,1.0916212113374,70.9706611253666,884.466017002952,0.15028281691054174,42.42026308879434,1401.4077883514005,1
20.449872262951423,13.260003643052386,170.7140176377926,36.095602671902846,1.8007789288343172,32.552977728008514,0.5314572705393634,77.81472172069904,445.8891260678439,0.1452810126644461,32.43439387932417,527.5183053661639,0
12.009904266963563,3.9963595178190086,176.7265229095625,22.735677636224374,5.602930757257716,32.218050071407866,1.2674365410208241,88.93324860999729,752.361957810984,0.1920661947934102,34.46100192133744,427.9150869478116,1
32.60643472700545,14.446752657601689,159.17961537733282,52.652094961876585,25.931118139974465,10.41436374779408,0.8127762295579342,79.77549994496238,860.0539368312718,0.1522270103918021,53.777476610452105,1109.1499776680967,1
29.08206338450747,18.036677860330744,139.87045770229696,48.08160805370869,0.0,28.239926513336805,0.9476464714695416,60.22237463307809,824.3590209901633,0.05477194275332671,52.21391700653133,1390.7979606428944,1
25.160135250173205,18.7179856933239,170.8065246443957,54.032666385156816,10.351360563536057,10.073373427717597,0.8481239786383281,68.71236287530486,251.79010846516246,0.16927340444237038,38.42611996304759,1175.4069783524567,0
0.0,3.2718673975920276,159.3132940455671,37.8435759688174,1.5032157081232356,20.540154411547565,0.440274814211658,68.24734659740774,674.6814888925641,0.22908927001810644,29.432272832631337,1136.1706374787327,0
16.279507833364143,5.666210039549506,180.0,34.57120318063171,5.235268819565014,26.56128249307621,0.5875529159031073,67.45676588119251,457.19261749492364,0.15144636470580458,28.57928274053222,1462.2355439122973,0
42.329247165434836,4.994737837697036,156.20205776989374,43.442725791423456,10.220364933436972,11.647170687394182,0.7046593064796863,53.88715697754947,957.1543408673977,0.1993479312240261,40.92046368824579,880.4202655034566,1
22.689113999305558,6.612040182661637,163.95376078028167,28.070299748949175,3.1118148963410803,27.869261855643824,1.0386183599857322,90.0,621.8652196006758,0.12474381708017829,42.82058097439416,1342.6669394579435,1
33.966508454225256,11.675245476808126,155.80847782592065,36.560714656638034,17.16537553829785,14.94644253848097,0.5154493501350628,66.23712386990462,934.9407705079599,0.17828745301901885,38.36245740884444,151.93239835600286,1
14.702460270272182,9.530498412036419,148.01802816263765,32.891865208143614,24.160355577951716,14.19302472587652,0.6317377660509618,66.96051690456987,456.591231649478,0.1127705390373415,22.26964823978843,285.0194157376086,0
45.82576030595154,9.532553369805276,144.82416900824867,17.46758819372095,19.575103224924582,27.066509835397156,0.8562671848612163,55.58291544939518,778.1285568130413,0.13767504881566398,41.79194778848885,480.08836521423524,1
28.415695739398558,2.5025771288167653,155.88487689317134,36.52946605806887,21.221518059487813,11.640270563165814,0.9240284185122459,83.66428984693648,701.5881204109393,0.13806861922524433,51.474561037767664,1424.5749104172603,1
33.19044436131889,5.494185559328786,160.4235150362771,29.708397299080374,0.0,11.13164530636905,0.9173985929029301,74.09135147110705,1252.8138520111293,0.17383450481622384,57.71814931351283,375.70142213619584,2
55.583577710698535,19.641252615688927,173.0877579928885,32.08937403178035,9.812360803627795,30.41156040030082,0.6035188749807825,71.49086394917101,935.5855375256306,0.10879215941538778,52.3506243143398,636.3158902517235,1
46.68084110648344,17.984697906193635,156.1770111660753,39.36541934779945,16.20678960618089,21.08557151924934,0.46844190075790476,72.01998647552783,922.7768539941595,0.07675576077219964,47.47170262113944,149.73971754918196,1
26.627778165842365,8.008597434796926,140.7422164914954,50.270397607839506,19.840718227030827,5.458805046967052,0.9385931215068671,80.87804392266956,1105.5615483944953,0.17350560903141313,53.66618538825901,209.46417427624442,0
23.474577966426047,14.473757288426352,143.46292006802034,24.81475891342426,27.780176933488427,28.556413783882107,1.1352872671387404,70.19978489324912,756.7535182531627,0.17162627037714112,35.996203910039355,915.7074879707711,1
26.41900487328515,10.942752821000195,123.54126114193639,30.961301418447718,21.62135632466051,15.93398767756555,0.7440336446173491,55.110989373157565,680.0987477903242,0.15562432651507913,38.76186081519772,236.83299680564846,0
35.60888073324189,15.569890430052983,180.0,25.81900764368227,20.06839761306496,5.9698666043853486,0.5681689734135127,62.084640590199726,657.2952240528477,0.1966444179072568,37.41498027375574,1358.8849226478114,1
28.842534523240417,14.90888468041817,139.17652772958303,25.037832946412102,35.702360224854246,0.0,0.7254263290577344,61.56528523264319,765.563331534231,0.1398680765320826,39.132926777322965,1340.1209439130719,0
25.652314404961814,8.500162275998518,169.34880920275813,27.865172676202732,12.866781734465663,29.034142970324087,0.9066937661446407,77.75317841410588,145.97547636184493,0.16406747189278953,28.733403289924503,971.1006014350196,1
46.13899375779947,12.632361910966665,155.53101714885068,32.642596606217666,9.39847405582588,11.40081933888429,0.7687085055091406,84.30019040533148,700.4652415416764,0.1325040628094321,46.58002637532483,654.8018560791077,1
28.743691190443794,11.458601057168893,156.07463661678813,42.03045988253005,13.59622113294404,7.561552287014987,1.1295826011332588,89.65805629870151,745.3583074269884,0.13706941823534058,53.876006673276294,1342.9506279940854,1
55.29548002341051,8.669527432147534,147.65104249455325,38.84534917741806,3.7645251988187916,26.394028303859915,1.0234935582689433,58.6510558273208,668.8299045224278,0.16701082105443957,38.27558927898688,782.9442919315728,2
30.998168201273902,7.329960881167277,134.24402222746653,22.317716011001007,12.608704071910262,28.05791596308854,0.8605543745649353,81.20270092252586,393.818495076116,0.2633304764457088,25.428969191547566,366.86050324581123,1
49.638502336472,25.070890697447005,130.6292919901605,50.529923887005836,0.0,12.128970014053706,0.39004896208154033,68.84928807795578,670.0326828106439,0.18711488026228726,44.49349222761673,583.9221522289572,1
33.930513649816895,8.677577097230612,180.0,46.332947677724455,7.2343286708897505,29.12640659605978,0.6677020016549535,90.0,393.2601581477155,0.17743046248373784,37.659527000484005,608.4005370952154,1
40.59256630574393,13.867892530342543,152.27922157674493,24.185772192683558,10.961995061409677,40.54892921113128,0.6994350882039535,88.83554130651237,1054.7515478993441,0.188671970353407,48.30259317328725,911.7326447640418,2
22.02927843330503,23.83269318700887,172.50535492375303,49.68933070303473,20.546717617677388,33.46663270971097,0.6557444840374413,90.0,648.5299601063838,0.05,48.20082108593466,661.6889076364719,0
20.608648551538472,12.617757275851773,177.698138752905,38.923260951155314,21.99981489947725,31.910570951969557,0.8619806798102835,83.0243982024664,287.45918936275103,0.16595889193771793,30.615509655114234,1245.5913400859597,0
35.05676550516486,12.227469010478186,141.78306139801572,33.122536364897044,3.3274464172402656,23.1412912213253,0.8665172578277506,78.81888196475194,658.6978096859996,0.19552368459245884,36.06939150541243,977.115588814992,1
40.874085667118464,8.715114605968653,158.47011531855688,39.296960533751744,30.684300905672327,15.562817944710776,0.45170352900585187,70.9741702929608,879.0796772974531,0.15422133059858745,39.370343702204295,452.9742325000962,2
30.44282152200509,11.604108259892216,150.90021550982695,34.69075045249374,13.33536130595552,19.44113947103244,0.9970115736534532,69.00679189174828,735.2156148029586,0.14784119850227773,42.058833619363654,662.9132602634098,2
15.849673314079332,6.863985593135834,126.85572393966223,41.54094385377688,14.160404694276927,24.407416036627623,0.823547215391793,66.99894913042353,517.228785033044,0.10300305545403479,34.42593369496011,1112.545796248555,0
15.037157970817402,40.93156451456694,146.29040048191487,37.24778627757401,0.0,7.424880413450998,0.8986811109718944,81.17575658062002,564.3503630316146,0.128329480374212,44.8700277809728,439.1447480458571,1
14.301499575951347,2.56068072017975,161.75013180478456,30.950887372733565,6.419483488919487,12.306180923935402,0.9838617936710753,90.0,642.6305510519269,0.1083252273233789,46.764417682025524,228.28737582763154,1
10.556156757666809,7.684232243607731,140.01941489978284,10.690078890063397,21.448414303792305,5.722498570174155,0.6512666617451635,71.43192159276946,612.0673143995011,0.19997534226570607,29.414535498444444,1095.6033141793157,0
31.20433895391796,12.762136503156922,143.50313609256278,41.32619048758311,13.52800616441789,22.35186622291413,1.0969592516494802,67.77651190017039,448.0867717094287,0.22508338942733208,45.32111301022609,669.3206515664297,2
42.375483138788276,12.235112702807562,146.5326628922871,30.516136659359198,12.970332536275865,20.83053922395537,0.7888054174408219,60.16496594857518,686.4804504699396,0.24675330352347438,43.76842012142267,273.99013833817565,1
29.852426343827105,6.854767239245284,180.0,44.335359315742956,14.04454953517933,13.472913345313867,1.1527603898447256,77.44691668393517,433.25315309347377,0.10750028107136467,41.80178952179537,771.2572117299324,1
5.135437669283625,1.7198343499251434,113.3190212579112,40.780100747308644,0.0,28.20499205379741,0.6233348642381414,87.2926748101652,889.808969176472,0.11657937697820397,40.082948696533336,884.4394582244739,0
27.901634936319965,2.9877981167547,160.03286598054518,30.828029466127887,11.130523019386604,9.553996340716914,1.1364142535247959,87.79327322719821,914.2211697799221,0.11251524179709974,42.3671919976084,136.06027865128638,2
28.20921103704132,10.019543152233148,144.93321845495672,47.27585829292802,24.674973197678597,13.101652598227602,0.6211235146391372,88.78438740256895,499.362512653328,0.09907219341908709,47.11774326617665,1207.5681645814998,0
53.05598625247983,1.2058809022342547,137.18690182995132,37.45809994203885,21.78036859858944,27.80526484912506,1.3807318830532298,79.15406612995099,556.6712173823128,0.09987909039641941,42.891757714330105,788.1154339066354,2
13.97148295788488,13.389307001991666,144.4424858568747,36.963714168537045,10.873205020959613,29.288157801261377,0.6105965720554982,75.90188637329905,615.3999729732499,0.12422525618595386,25.420875955213994,135.76920517800707,0
25.702546371408847,19.00125886614118,163.34752487666844,33.34267175884229,26.073018069253997,12.042737972911567,1.0524490785001863,87.82252262014752,693.6964411371881,0.19372387631035076,46.11413175637139,1306.5007579861726,1
48.764379485990204,15.048524976552102,164.4904718804112,55.202668546877575,0.6681134390844523,22.320426047432406,0.7402732707876495,63.899387378474,751.3695486864221,0.11410823757519914,52.57834562002578,919.3594255846131,1
34.94976175481203,17.103177289176344,153.72034244869505,26.440799250852102,3.2547210162936597,12.211927592209685,0.9773049244066406,70.59155073464645,792.6105431682774,0.20265401098817987,43.34830026124153,1448.553394805909,2
36.19644380868067,1.2627833849533316,171.85482632913255,31.127905550491338,28.772601394415762,18.02660466422696,0.8110844852323531,90.0,787.9443722935096,0.2183733925313699,50.71919290626337,493.7055361496152,1
31.26042880726266,7.068614522837173,175.3766599020115,20.151978259040042,17.20175806477671,21.438373941515636,0.5799293174202029,64.25394476908512,1010.7731105674677,0.16425482454469392,40.855786893239504,677.6529369048304,1
33.62937892522991,3.725013028694077,166.3275188390123,43.720772927894075,9.400013921079172,25.603661988159345,0.3,74.65541867202225,712.0728131303046,0.2114565425959346,33.30180432614754,1028.1130190566819,1
38.5537048330639,2.0446353960514756,139.07615097705562,28.01421192370792,11.502132905682775,23.175590134931095,1.3716683251624364,81.31330605707724,439.5036971191942,0.08193698523354054,32.49052121528867,1379.5741437804083,2
21.095650492179573,5.960944826595387,159.88883098425754,29.35957301928414,4.740319981855343,22.731623405402427,0.8360653296353028,75.8269855532482,378.1637130320535,0.12209067143753483,34.174331198257114,1207.6319098802383,0
39.6586443679902,23.45029775142161,159.98401318277138,28.79676041411383,14.489333416267007,9.215016628929947,0.3,86.4941750661972,1027.1573749964127,0.1594708274112919,35.20153324855107,1000.2268901049687,1
14.89696681425907,27.70798697300751,133.68737132706897,35.752662992748654,13.776496016803238,23.882766393074977,0.8865738934222794,90.0,801.9311736900032,0.16116170102404442,42.01496050627226,1213.7243248174404,1
33.61204770114692,4.170118845509241,118.61122211891484,19.99088498409025,12.178962388764212,25.510653511962992,0.9717090644365618,79.7966432027917,741.2904662928595,0.22146162624281496,39.301267805745276,232.77900903443353,2
31.9661505961496,9.13930120429438,109.54448757250888,8.081056806772867,1.5621940631001365,26.889345300871327,0.6626822276269203,88.90062725757427,789.8022892352419,0.10005773250973757,38.02981698994815,1113.8509346594337,1
23.220776029886814,11.488547757241381,151.39710980224302,40.49244844871326,14.382804999620198,12.804798205291128,0.6641620016612068,65.7132453553618,732.05378497641,0.12315222132067033,31.322975621714747,910.0793762990064,0
29.750461971417884,7.108557082929804,155.96079429733837,9.637307525555478,7.234397108201713,29.155856165836077,0.8156347936512036,73.42460765280708,786.6377806235226,0.1457508464634643,37.343378674003915,483.95366476102134,0
23.15205832067892,19.909537426981203,126.36436844695172,45.24965340772855,3.1262046555973075,6.827651382231748,1.0845707307676784,90.0,625.4823162885756,0.12406904024447991,55.13650630124182,433.96883645323936,1
18.21128540452081,6.034834742706705,170.92064665102725,53.702332994421766,23.40068242383625,15.69181845955951,0.8419912263610658,90.0,911.0393179274907,0.09786868567324816,56.691272782613545,503.57805835714515,1
26.110237842249912,5.245528752099973,153.04436298592825,33.0293143527796,31.52749222051733,17.244809177058357,1.1419095669553467,62.23060782677432,595.0269510821254,0.12617247774793505,31.433037028680303,272.02183138086093,2
17.856125010911725,4.367513793386186,176.98905229830706,50.59391536064588,29.483581159376726,7.375909374967009,1.068868217956653,74.87237591491203,519.3425763351164,0.13772367686060047,40.619543508699024,482.55685751032127,1
33.55077210502573,7.069614663412506,157.41071739967182,34.70892296548137,17.85110487386056,17.09288988495196,0.7696673496620278,76.36074626523393,361.8310720253207,0.22237722326395654,42.637524142156686,199.75409959678024,1
17.349059564324,0.3887605352986168,128.67332856241697,54.19089390893444,9.609734288287287,22.21480914344801,0.4744847729775024,79.16525704750737,652.4550582027823,0.09898840456302374,38.72021447359961,1041.8344930518342,0
37.831747252901565,7.334594689557204,159.165624265803,29.52538577464147,11.366799756558411,1.7422781816666415,0.7701324154648022,87.7404266170917,953.5005122805328,0.19075922761790992,49.38067949618571,817.2130256931584,0
17.00373025278298,9.556852366367456,163.40221389744204,6.62141828682654,15.650420371160472,16.053116162291545,0.9358261280869045,90.0,608.5299715023107,0.21360676690735395,36.746466549077866,278.7534118409656,2
23.77075592860893,10.002492880188427,139.0475282822599,34.04105907072198,8.217770227849297,2.515990677366762,0.8331765648034832,75.37416175595074,424.2904250032436,0.12437026754502313,40.37915122959429,1076.073577481839,0
23.129362509633033,3.5231116937229907,121.1581400538025,55.495558320928865,23.869290541101563,40.41538784316944,0.9595734629720848,86.21985796630402,756.9656177939817,0.1629946550855883,38.50178404456069,349.21632733816875,2
44.57661401762323,9.863711027222884,152.00592128613212,41.41961967128502,0.0,22.124912169339837,1.0099523947529385,81.48196083106185,569.7864407452082,0.1787968158406342,53.4561984220144,792.8400280928852,2
33.63318940178251,9.714764587172462,129.9831072936763,28.816121257545873,9.338470014113101,21.258292838310076,0.9367888817514947,74.78869221988735,1009.6534192454267,0.17055023130861877,54.45558153249883,1388.1481634143054,2
27.670928172011664,9.872554585070775,172.41775326122263,38.94681403141678,19.20964342860588,22.320734116591407,0.7594277181084883,58.01841825635283,914.9195530826503,0.15410716106459724,37.814407775922646,1165.2867293250388,0
35.48591385176696,15.247527948848054,141.85646639146816,46.65349806143063,4.393563174481613,26.045206306008325,0.9343743644982426,85.18473620039049,445.82104102509356,0.11605870420561556,39.49798741535725,917.7938687122653,2
6.820884179373429,3.389240130529774,180.0,33.97260273302635,9.838659979399502,29.781548498345284,1.3118065309363667,81.05193712218681,665.2210529562213,0.18312282958170292,39.520031992159645,918.8869693035273,1
29.525530513950017,7.174986055665519,107.51682664962328,66.51668102410855,17.34279074618882,4.3644607118533685,0.49222649665237733,78.89589230113344,548.9457312866277,0.13127710548295854,43.7997726399225,189.86954420795294,0
51.97265595585239,1.5955470762642634,152.69591208290296,28.790984521766156,25.664421963340164,33.10177597426757,0.9272032427161212,65.18734094985388,467.89908278377635,0.15143254668793224,45.35559982196696,697.8145537325664,2
31.455811570429397,14.295610018040968,178.58785280202642,47.030128664536974,0.35455546050379994,32.45825294017254,1.223040722712261,90.0,688.8131016380383,0.15879091535753542,39.17267435715165,529.9704660820103,2
30.74704486086269,3.893778544848824,132.19391368225405,44.1432468377816,0.0,19.33653389142458,0.5615902008614231,76.52471882448862,863.6465527624689,0.19279946127205763,35.15346209075827,764.4900397772329,1
36.029412176064156,16.864819793372604,146.8159812874593,26.602070903623307,3.4857283094414324,18.812713093168004,1.0402420202061013,63.58624424517122,683.6585424328085,0.246397060289894,44.803423433832414,1431.9938293936411,2
39.851657676457805,17.265970797471258,141.9392857127191,29.906716791827925,0.0,0.0,1.069637793804658,61.97679620195599,596.7697496705806,0.11311074397653789,50.4139101726744,1201.1235795721238,2
8.027866378211545,7.729905129002617,136.32464715695434,47.21718376975238,0.0,7.560088377984114,0.49509384592004996,81.77472400463901,258.7526967617818,0.1526287360461869,23.569137955686266,953.967436109645,0
11.494408700298706,7.421704818132774,154.89245282228563,36.73745465125089,3.246049220747695,25.188492762631572,0.976719577172002,82.07249739740278,566.8369360548309,0.0757791508673529,39.56242804577225,1086.5655565337042,1
32.31320420194761,2.3411222592720895,124.09156798001793,39.05686072072727,23.101441934213923,32.00617466309892,0.7603105017445514,70.3698984335335,810.3609522894931,0.22407209619452764,33.13285941622359,1122.8394786397598,1
22.136357819127394,8.921211427579824,147.78062437339548,15.368391755547712,9.191308637381184,27.288369221167972,0.8067019247678323,79.62625161330294,431.61181367228625,0.15219247229340147,28.97646900068298,738.9223676203657,0
44.43227788441906,15.157221232140403,160.31988475369147,42.87198386194522,12.28237595540946,19.242849342217106,0.7485099604516661,81.67606342537677,956.5124235845012,0.13501612351118436,50.654370515143356,1312.9002056986255,1
26.533081711262536,10.777437345062923,145.69812577226713,38.44756212899081,3.4008216892123926,39.25872700568445,1.1087916001156188,76.3992522099692,583.2730276306517,0.15261130298723533,41.652588276859476,964.2283260129847,2
8.720161907155703,21.512123639011946,129.9959160002845,34.23307972830616,17.70183367558124,30.051755563671385,0.7953333755121259,67.98658879055628,738.7439639959193,0.15513817559974233,22.539313014072427,1133.247408437774,0
16.051846914716034,6.533739336521399,170.60370797203004,39.33070235670891,28.88187625049495,16.061735812550946,0.7180710223768609,84.61355949167294,620.1721689043853,0.11340802686706403,45.80147533678753,115.46822367776917,0
0.0,6.5269083952246,164.605139232337,30.089387514509006,4.0113310436452085,41.82110651953414,0.7217973870647139,83.37631310491192,464.73665191566226,0.20939851102275275,25.411947686883977,853.0844714739234,1
27.424619089887962,4.133211520132834,129.17625657392517,27.89716995339831,27.522735339672607,9.038327652933996,0.7449822097044003,80.67680040049359,788.0592109496624,0.1822369864452613,49.84816872133811,609.8583288345724,0
27.927774600091784,31.07914460051308,124.11784869954917,32.097373620330686,15.279819448510608,5.281597794625437,0.5825021856152819,66.66268123222025,580.397459349638,0.18920851723986604,38.47130266394789,177.56463051502755,0
25.330910192399124,2.319083376371942,130.96151168012352,29.429561860180428,12.1517714935984,15.78894612876077,0.7161305073347151,61.68967506495701,533.3937671923574,0.11599951873492564,37.215257972407386,1004.5867523682042,0
41.86766942932712,14.418308831732713,160.9054633097443,61.1663547325184,15.60111449092717,12.41359821979415,0.8458873174347522,75.76523910405773,224.77014546317957,0.11329431354927788,56.052473845461904,1400.264363980094,1
43.18371820168363,15.371340448039305,155.5114579792509,45.94244874612308,15.51473849070314,16.35068385513101,0.9089639123961524,84.29571126614456,960.5373546606385,0.14432246421979145,52.89304475765665,1125.8580222287533,2
28.125727343082776,14.927082049319935,165.80165424891428,23.378372912339586,28.713939771569198,27.980906964011155,1.0848885927254175,85.40372880961898,701.2297496617957,0.1899978944897039,43.83076684936121,211.8477020491052,2
6.518369657754583,4.442932007667999,143.47699563898772,59.43555202713011,16.681986586395524,19.660204283953217,0.8730153578991865,80.84381834099943,921.3138775110152,0.17508479012364137,41.44749315223021,179.366991458804,0
36.79009738541484,7.72654539512938,131.50531524999786,29.805720662764248,16.86996454026874,19.917032323802147,0.7156166594886888,70.49545821886545,824.0384813991977,0.11111576795338673,41.350835067052046,583.0450094477951,2
36.10896251359433,13.020323182000189,168.37692976828998,35.353464409571416,8.2065016203371,20.588148162089045,0.5975712013607092,66.9579260000582,921.2864836350516,0.18338805333506994,44.176828439055164,433.9669037993221,1
33.4033072717264,5.326042122016988,138.93102973097672,45.76900633917584,19.551694228179635,0.0,0.8847871137774523,74.83133170003283,587.1710369394382,0.10139395380866813,54.195638196676306,138.60095877281185,2
40.79627724238927,6.912972831451066,153.73096111707957,11.360137473228619,3.3883772373931276,4.847394920819328,0.7941784282332756,74.92616008708308,425.50887761978953,0.11691904575839632,37.21433231995813,156.10084604244986,1
17.18689093892856,5.403705449028575,119.00150321769252,32.15568983670837,12.981035906216347,16.14688734570578,0.8014502063168816,86.0729529319868,852.5385750827741,0.157886167881685,37.6023993818109,583.2050699597103,0
52.096309248036526,9.377671582046169,138.60379151354402,28.11999378839399,37.94955200202745,11.570711986522625,0.8777564937725815,70.20285603678875,726.0397487331435,0.09142633908623765,49.55640922478733,286.95431973698624,2
19.44629471543945,8.928239726856283,170.18792641883027,37.46096095452962,0.0,17.68212512853882,0.9342655978738406,71.03350723375674,606.726723415914,0.10182357360915836,36.3065537088115,372.5328967657203,1
38.2414521992094,24.072147785904185,135.67450866660286,39.44059619918531,14.098322967019064,34.041283796080904,0.8793417493100234,90.0,848.5426815483978,0.22760607736162475,47.56272098514759,1317.326165098297,1
11.439175361453131,13.219810251339918,166.29007642903,34.07288761601178,14.444606287910073,19.255505026068025,0.7824860172861656,90.0,761.626119011558,0.21831329876778488,44.50641558829599,1491.1490778055872,0
19.76708844002944,2.886511102144354,103.37960607623613,33.516232421852145,9.947198617615175,6.778317822770143,0.643696003110445,66.1721955883591,827.7876948269302,0.2644857940641646,39.87851042156408,1226.4109240523728,0
46.680055113978696,3.1122041399477873,138.8121668071363,47.78157647162534,10.15932665039312,12.069002127353265,0.6851873508472721,89.68751898947028,495.5211138391437,0.17252864520636993,52.91143486878112,425.8735867884099,1
27.13010194699065,14.594798684418285,146.57290708243735,38.61783116400846,12.822687958453349,37.105759089922536,1.0066171615275945,63.78118253431088,895.5232923992442,0.1822382178129486,41.57471403315346,346.1786106580634,2
39.23914865646078,8.857082984876087,180.0,35.497100120623315,9.731970520819218,35.32493971459015,0.7268110275527214,70.65941284190407,699.0738648003602,0.1422521182368973,44.581850417926674,909.8659345560499,2
32.606509275911705,29.8887389786125,126.61874239971097,36.77444709752167,13.997817559389038,25.95877435648882,0.5238705856637584,71.79756502180153,916.9740343041728,0.13247787508225384,38.61552955713966,1197.4771785178964,1
28.8454602839981,29.833354747757397,163.4198659089418,57.03066797036262,7.6115036476479085,4.375169293046699,1.0751064299326911,74.22408377252023,893.6506640931519,0.19359577572224432,52.340370123259284,1020.4202005152188,1
45.00235357425959,4.112387254335184,171.13863562497588,37.072087723809275,30.20153536872371,23.068049351041495,0.6126767317092197,81.19756337197627,837.2595985109781,0.2180988569904122,40.14486888782083,1225.252478939553,2
27.396752928829095,10.896209226877998,135.5702070551145,28.826617940411538,9.731876310323836,23.83697099150702,0.8277543628375449,76.06473318285924,677.7747577715612,0.18933267482192714,29.671825590405366,781.7959978968117,0
10.411880816801826,3.1488221981919535,142.5295210245462,12.092010936667293,17.126502668622447,20.2554020839024,0.9280558787460793,81.14727354385369,841.9138446242777,0.10800930887167909,30.807830083506417,1482.8752117740985,1
21.164358988531244,14.425654929456977,152.83257547623808,17.792751511580555,5.978675101411049,14.299889443906405,0.8207080426183111,70.98159137439751,922.157110725769,0.1695812011068898,41.05765473921973,1201.6153285103974,0
36.06310901571864,26.355861876002464,120.37030065614941,29.395689259042868,20.398287273610322,16.373689561302555,0.3,78.74222623940248,821.3465730766943,0.11149247062138892,30.75318180402157,171.3179523719956,1
34.35060016998759,9.827112426474182,140.89793576277287,33.699477872550226,18.601210086162013,13.602850928129278,0.9059073592534798,75.78966838478233,740.5194691514131,0.1337750072246212,38.94845087895773,609.6767883688537,2
12.762359247410181,6.352356276346855,175.5222408189283,28.332542484677134,15.773342128789531,8.549260416409759,1.1118219150275905,61.116699255642345,842.3697688625667,0.23181133236664053,36.323971372275594,883.4692827983475,1
22.03223228650979,11.70523924169335,160.45309621728842,39.21372772454971,2.7539817940333204,33.65987835468244,0.9930370901599684,79.83010208691067,594.8591009159063,0.09002095448179366,43.63929496808043,413.87677753778394,1
23.601065158775288,16.5072970737832,146.86497421033513,28.1779034659003,5.228372634928312,28.823137950296953,0.352721323960997,75.96055368486286,1002.7979099672104,0.2584348297717821,34.627693257597244,664.6912807500297,0
25.979834464743526,16.582765066519535,152.26144723672968,24.02612875837484,27.175556871715628,17.1507055741669,1.2879937510605943,67.86090418803659,363.6345231195648,0.1774767175314391,30.77885689504913,981.4549803284078,1
14.864950525382934,6.4087687635465675,161.61810731059543,42.35172602428895,5.128736630603884,23.521783083677693,0.528312658574452,70.75157871570578,706.8805441622894,0.1266943617053159,31.59552911872648,873.0351506712534,0
23.087917810685735,5.2163277779478765,165.44820295820227,51.43273396253616,17.76811953191254,23.897008903905352,0.5827477188782,70.99679255225763,618.8084162817371,0.15341080607220195,33.10169230348119,1306.0298097917,0
21.985284662145197,10.47933074693887,138.87171705241795,21.713988827041426,3.497958028368279,43.42883558076062,0.992013070578204,72.5508152557517,571.8216613345628,0.11575177907590356,38.31665078703156,467.5158186785687,2
38.48686585738111,6.7525724012891795,180.0,37.92459036449374,21.07544912041592,28.725686809157047,0.9196251191963096,90.0,761.0392000329915,0.1226542991770713,49.85106767345564,1389.6005673761433,2
38.90033442089268,19.914364524238852,176.32696402409323,12.139944102154182,5.822423782523536,28.347696187281045,0.8376737231527579,90.0,474.90487884310335,0.15366478967632408,39.85297414002893,551.0020872468399,1
28.396084961023025,6.68899274147992,163.54515260706427,17.305542431274088,3.33130901214,20.379810130693347,0.6947306267167825,47.73961316655223,1130.386439703462,0.13355395171597229,40.53840484398619,1388.5540526468924,0
25.687562245421955,9.310842537751304,133.14080268308217,27.934810064273925,5.5889177097278875,15.655760415898243,1.1127884802105596,79.88174396823872,429.57891233578084,0.10335161838672363,43.485228083808536,447.6020340172622,1
31.539167432430247,11.498935832956679,129.59552186458814,48.61892518852632,7.015776630050791,33.82710252661615,0.8113483129600392,84.5495136850919,509.7463953495808,0.13892947559898772,41.76311387467831,810.5602801542943,1
21.017673817988676,2.404770164879145,143.46792406806813,25.655527643534306,15.642060194317978,26.522721175661843,0.47552025788259833,72.83923221987534,490.86327247402653,0.08426926110154469,24.647635310476247,1405.1360359065784,0
17.38484709615815,5.587449614863344,151.2153019528882,25.206794302813407,12.62445335524005,11.704580459456007,1.091105988995262,84.28090084781806,739.699623285267,0.08640926692174454,41.686964306747626,488.49808161460993,1
19.657566701817114,29.03473008890138,114.63016268881896,35.4330473827334,2.143595280784522,24.53866554339838,0.8682426984527783,90.0,902.9088212129657,0.0858973104049927,36.554776915548295,1288.253241209501,0
23.017055196313976,16.035942332009483,159.89386267090512,35.445003333798205,11.748476875810617,28.37386088420812,1.0653014756033532,61.281580098159154,805.2013810882361,0.23356623004597357,45.29045276233495,801.7232631608961,1
17.201788202285016,6.618447131659726,175.74924527696945,25.578422326943965,1.7084873343801341,0.0,0.9459606971602813,76.33761886224993,994.4688584347973,0.1702812001880959,44.35473840606064,687.7133698924137,1
31.78265514969162,14.466502635450695,161.52948279661754,58.83465880715886,17.792016285008813,10.776132074153328,1.3461570041652513,90.0,534.5463909149523,0.17979285262091882,51.12723527484455,1029.164616739885,2
38.02687241162079,19.69579782349078,136.4789439439153,31.815639522615523,19.442126089851662,23.627648260399063,0.7518065402057099,62.622346990017704,831.7442925053907,0.15056304837394405,41.08909798596365,377.9715543406953,1
12.54191869121934,7.451246282796877,134.11193205199018,36.36301978901696,11.784473953055743,0.7553869617124391,0.8235405130906681,73.84767658878454,639.2926728382362,0.17531410669931702,47.019195416228115,1022.3619995674336,0
30.276415823376368,15.518081219372446,155.99704688348157,30.178645547474694,14.444880626934854,2.338688341147062,0.9783627416711541,70.51602723905906,745.6148242013145,0.20879229706406563,50.21467517985965,347.2769056188079,2
27.580706252070307,14.044722088837558,146.9339256932364,40.27965874581415,27.76911699597969,17.295382596057387,0.7531656971225242,85.5189274007967,921.7362185825446,0.17039097084741534,52.221309322447354,1095.21303298621,0
33.75659554090483,3.1975280960084564,158.86082348511815,49.8194907164494,10.581573068470929,24.915442590949425,0.996580295942664,86.91245947196292,361.54593634692816,0.23201650132629278,44.49623001524167,954.9096027473031,2
29.857673550860532,7.483076490970211,162.0344274521127,54.96396436345487,3.501678449541993,25.377837069011182,0.3,76.6232735814355,1098.201712700466,0.14814072975452663,33.85869864607395,295.8035339978656,0
14.01040792075206,24.491380011642235,171.83781057789324,25.852811896833437,17.212757123440113,35.82399552691461,0.8039876837183512,75.32209296910182,670.9512003763467,0.17994562793209828,33.79285135474366,240.95769384579094,1
16.11371771257118,28.497187021317686,127.35753142140956,48.209542115614546,1.8061161081118975,20.82263887889499,0.7973416568933793,57.80852154478692,378.67449855948433,0.18520065664242447,22.049473020945257,950.2945319449033,0
30.3236593314347,16.125800034192586,154.43237895698624,41.59616983461221,10.104879330543517,16.27347146539478,0.7893726530326096,89.23002521144603,561.4304970171125,0.10339774257371008,43.05643802662342,270.0801640751965,1
41.316590117200604,5.433418017537499,142.73049992077352,46.69443931352093,6.609089585248346,6.926404138447516,0.6270760713281418,71.46833684643106,720.4610464132116,0.15213704825547736,39.370059586805425,975.1314656280399,1
5.643938918526967,0.8540496740567856,148.02729912129277,33.89744872768643,5.683621501120167,16.153723835729643,1.0193470244801857,73.5767494154365,561.384790510471,0.05792893471321178,33.103768737078326,1498.6303481984096,1
33.80299237781738,4.839875979781144,167.28817705337488,32.755510720613835,9.749211639199403,27.075293079967274,0.709022138770174,84.71599802619562,290.4214098984959,0.14350626853436446,39.16135925004588,272.1662451007531,1
43.085842058164076,2.8015383313200806,169.46251746102487,46.22857574856792,20.099021935926743,27.527222034871183,0.8640603680158369,76.97599675482287,719.3598123605443,0.13604412154897189,51.37711377463041,763.3352363275759,1
28.316715361731656,25.686490557626858,177.9688730076731,46.45631007267544,21.951019094917676,22.646190067284927,0.8118239992628419,85.03841950411493,555.6500872937033,0.13305257704519122,43.228696040459226,1394.164799906893,0
36.05222745629085,1.5527653576773823,158.51180500736535,53.78864676634264,20.335852767816036,25.471149352947165,0.9300801257278354,81.03410135965476,830.2279904370371,0.1296243048130301,54.1468008500522,1411.9431069971104,2
22.266240110124176,3.2809997684974124,147.7996641848841,37.38257066540587,15.027186802155729,32.76383559074591,1.1348113757588552,77.03787060835738,486.3225278933296,0.17559871266719407,34.419759033749706,141.87549688528648,1
28.686971807954354,10.323556440037168,144.94243061099232,33.71702446838292,9.680550947511097,20.752718431199586,0.8629228481469408,78.10442728470233,1152.3059103043076,0.10570845156650598,62.08674607886057,1231.2108588813467,0
12.169951298610332,8.81062346967216,115.30489995210662,5.481757040069553,0.0,33.67318837750235,1.0051073458039284,63.772272534235896,802.7258157464667,0.2429995143094908,33.67292602919254,433.9641410990407,1
4.212223607392389,23.69961141634001,176.79470089797206,15.664873544055986,15.30894893949547,12.73353160700654,0.8518714378047092,73.51019870500643,739.3588886855471,0.17837405819223529,30.870424725223383,1145.195752832532,0
40.37042381347803,13.44790577631003,143.5620317242866,30.268980737799282,0.0,19.267089554595092,0.7086781973361722,85.84047049930345,824.6246833059537,0.1098517213570931,51.12438079825334,597.0044000776968,1
19.16505579503114,7.9096060756734365,160.1179412000582,21.787292825045416,0.0,15.191667701395797,0.7888573419568129,66.0135994760801,335.6975328372289,0.18236080577745756,35.92375183748543,414.8445585464024,0
24.989193704962265,20.15902340969234,163.57993051484866,44.769566785198954,10.544991097917476,27.92705131739008,0.7576206760869812,67.84723921301878,600.6083787022596,0.19974264846965537,33.22964876839616,759.0104299609379,0
14.749135214027875,6.469487955920164,125.0936898189972,19.279748461052556,14.381195201674476,9.855155534085513,0.9449956690222976,66.2037571262093,1056.6041541431166,0.1684558746197173,35.51465642967046,346.28615820244625,2
14.490333266077366,24.97686375497771,131.5330721508073,28.984348059796545,7.940235865536655,16.78234524496509,0.8434634492992205,76.53380596906052,635.9734618709405,0.09970968298280564,31.496191445747534,693.8736199359552,0
28.08778529895922,4.294825008038856,180.0,29.455682082338136,25.819780337345712,1.403235091773464,0.6452617918363596,89.02528852771064,687.4348365349396,0.2618643500931033,40.28816550870869,652.7466982394635,0
21.974650864507886,8.570797090300074,155.80871031367087,49.456917000793354,16.15891491766656,25.943760855698613,0.7711683018950953,80.47159994378065,606.7001035642292,0.18197372077588603,40.734874678328524,1448.006941527759,0
34.15768097794168,1.03390383939968,138.38828671402968,27.701135011764272,9.755328838842681,32.46790275725483,0.48429832620326096,53.23037420140284,992.9016125258698,0.08762102179275116,23.63782073755211,858.9728633461679,1
34.977922608775515,16.69758797503841,147.47305977744912,40.42894541657586,24.47678950663616,29.107079513000965,0.779387298496908,81.48625000140886,651.0731400201594,0.16045575445613608,41.37072330065548,1075.898196320403,1
33.52934610957068,9.901970201537377,171.72473809665678,37.3484735302726,26.086020128076818,28.126276134697775,0.8202872909389347,70.57909945413331,449.63293975248814,0.13898412492530868,36.877690686691274,344.91468536695237,0
32.62460870021288,25.02088595571541,168.6862895946861,45.83946182536735,16.613028241272023,28.394003959799484,1.2178586040849064,80.09382352476045,1215.7630245102969,0.15032136243892436,53.34378500075822,1496.2230110002079,2
47.35545025425075,7.274009342591415,120.67836475520714,45.202580625397765,5.0226810621825315,26.99693828436505,1.1166594533857845,73.50499824664986,424.99531200004765,0.09031417565606371,48.2083915709483,796.7529333493693,2
18.256468540506255,2.369091373775476,180.0,34.59871864556547,7.04756612080441,26.143956225060794,0.5925035885177955,66.39543443761265,680.5239541075011,0.1527163249859876,32.86888437821348,205.3231552103827,0
29.395716471767905,12.26351657135988,169.3229606199736,14.644465848713835,0.0,26.789134576286262,0.8643892722529914,74.28528408357708,531.6411393470162,0.10843736191167197,44.739003674670194,953.0001599644447,0
42.459588025715476,5.724206597798878,146.95049501316828,32.219109360252446,11.61824808179538,13.443178700924411,0.8682482691068578,70.5852989962512,559.6797838799841,0.13252302763987617,49.95542755042253,545.4048257698736,1
43.9099379027184,15.09702716130004,126.16555113826558,34.76053226561417,2.549627026999209,17.998065564801536,0.7693037823917461,78.07714948222062,488.03351067667074,0.16937219936491105,44.4440702285985,511.5053947379653,1
14.360599857209698,4.374621515092272,171.0801728012185,38.43211079783334,9.038327077231337,20.70243260708513,0.7833285245261323,66.13994953021174,592.0015678161853,0.1261683681666896,29.31285367784099,543.8259934807502,0
26.56409014178543,22.131379824967674,159.52855000589238,26.149338257350276,14.34540272749645,16.64294861300486,0.7421310564757168,63.75230145528654,896.8066504268338,0.13547891098346265,35.42586727864076,730.5833786244627,0
44.93933205453986,9.305942012209268,120.8440324384447,48.69081342090335,0.0,4.336903639651602,1.2319958671143272,82.32081847476809,319.60275555322926,0.19101158278183594,39.9925772117714,501.97558755523335,2
35.58887015718972,7.933217881995606,145.35843849283245,35.16343301977991,0.626328583308867,7.649910131060624,0.7284394642445322,86.0883950136643,952.1615165108884,0.10557014336016471,51.347360327111154,1190.1487004362275,1
32.1478933462775,21.159612542553926,180.0,23.954031826254493,7.438367506482068,22.29976115023474,0.8950061715918389,80.80057792916485,917.6796133405953,0.11757895451100273,48.492949387522636,350.5429250823501,2
27.605468372218777,16.866264043433045,150.33003514828843,29.501265935099838,11.527253681491448,29.057759087219182,0.3,68.51227165327084,801.8118486016309,0.08727052582629378,32.475228661404785,298.7149875676138,0
25.778189817214802,4.912706250953113,135.16058811328685,58.142511847601966,7.554982802357029,20.093419091597067,1.0011850443479682,67.59930064983524,725.2340955140563,0.10885682876186681,49.35636455169009,246.26101629062333,1
33.17040969399356,16.536003444666825,129.8300674938672,42.97253471535798,9.565338617522606,47.64821861854195,1.0805360575955358,68.17510766822257,755.3278383647071,0.15645621147400787,46.779757658055274,674.5049591755268,2
27.223884625170683,14.275377415594603,180.0,47.581478666772846,5.644315234869983,10.802375698447298,0.5885533935978631,83.9039492975043,984.6824860553612,0.18197319342529633,52.35341217624061,258.02550610643453,1
29.531635168511116,8.279437139944639,166.95518979155375,22.50095636343903,0.0,24.449421420656982,0.7073849149805477,66.74951141858486,350.8430531041308,0.10969164234886061,24.707304385448055,135.08192320867101,0
30.86458576726541,15.637263748050964,178.14878227834456,26.73404369379439,7.187243003474713,32.912026106494416,0.9193307744278035,83.84040509629429,845.4579379670427,0.18049061402890618,42.89134904517715,512.167550791419,2
22.54121318657151,22.066017632580728,154.96370568184315,26.82293232942506,10.081483275627257,30.656771211655787,0.8242813527707383,81.36903157457468,550.7656093447692,0.15526076460926888,36.642460759221755,1472.0417213636238,0
35.85342311269582,8.4664177841491,175.08038470665574,37.21272485106346,9.206489067543764,26.550668617746183,0.9226013099142291,87.37726981533751,865.1495044312085,0.08086986624592618,47.59766657085393,115.2839522071875,2
62.05669113256962,8.488328643605653,133.03359220904179,32.91197802697329,13.006163269168079,30.7025397384211,0.7568069657935508,85.63153078988084,577.2799309920407,0.1587280183767849,47.590147264471284,189.41604249887143,1
10.453146967413172,8.14103127469554,153.25181961830117,29.126067064915752,15.770051134276775,20.553943476577,1.2299183851513347,80.4265558228125,841.3739923290523,0.20971786136812487,39.7162986101599,916.3893463142275,1
33.56413776608978,4.74515258869144,155.74107029945472,30.63116488995855,18.13553604207003,36.6288174482055,0.6726571709294178,60.313188166332154,390.30293298780026,0.05539324266012044,28.05752309480652,797.0304876254224,2
21.637909025192037,8.399910390180331,177.64893863750441,25.471577759899162,6.298042480397484,32.83159106354262,1.4121464368706074,81.10128375856907,361.4853157081493,0.2502602741625703,27.99518193492669,246.03640007170478,1
36.35142835271175,7.705306601354915,156.37686080280912,32.84192855718308,0.0,11.477723992894534,1.0932232618168098,76.15473392032358,677.3874319192846,0.11947408770927719,42.41876636291204,1352.614793188342,2
30.51213220660647,7.3631714707547165,137.4897651652757,48.35858700600497,23.444367291557462,23.215679376343868,1.003065363224551,71.26746261226404,987.106005251575,0.06754471910365765,54.129880197811744,1044.2042638514204,2
38.3804025144671,7.277361392877656,151.28147677840747,16.84232778140295,15.469013240499795,4.527033704731476,0.5910949204413939,88.62224247734508,807.2568842340506,0.1569211783988263,46.22794091265958,792.5585284114701,1
42.93057234159657,3.272791794884507,116.47173595079519,39.15775320362276,3.4080388394345533,35.217889732357094,1.020130124412894,73.48664330490273,805.8228925443168,0.1915543517387942,45.10857280994254,861.2247104614357,2
32.116632295449996,18.025460559725644,103.58062533459466,51.56111233855548,14.499345508431793,22.242314410317345,0.9528664547497352,69.70551083050259,872.0387627018044,0.13597832855095804,43.361304205736865,1214.6413855439857,2
42.45257517255596,5.5801065190124985,166.62682740216573,32.801754817213194,21.611952599413115,33.487728440670125,0.35368571141195615,86.24056167926966,620.6047168785083,0.16557996342985243,41.16040537119284,237.31222634668907,0
4.212723168324548,22.891774312664836,142.50512227387313,28.653487650249247,27.562588727154523,18.906424952321704,0.5109879324113307,70.94907309722196,822.149772127189,0.25598683943122813,37.20739947151654,1406.4337138369463,0
47.49497527707625,3.950541989795938,144.77165402039464,46.09077783140707,14.255492485419579,1.4373250123468893,0.8986781438114093,69.20506779377307,584.0654053134165,0.16028269496590247,52.3143678210378,257.688406626886,2
34.12568367081574,26.37954298343214,166.6189335873323,23.18933747757388,21.537035736148745,46.37367541069991,0.7906740612335218,63.72845897766179,637.1970158092166,0.2991243792353928,30.9107887525318,741.9671896630839,2
41.856276913197,6.722432185433908,177.940207700892,34.727701640735226,1.1135813491674824,21.3108854718724,0.7063747938988172,66.79823978587658,662.0300987012401,0.21323152894802289,45.754356117232135,446.6149778259672,1
16.58136680674326,16.67311436778482,160.68975909655165,22.521870795371274,11.676875235629911,9.997913765982002,1.0573688227802016,67.65610659417335,590.8944580865252,0.15257676595403946,39.711689925285505,1031.2973855954622,2
20.861531302341305,9.831584422756517,180.0,12.558788359708643,8.984886156693124,31.457622883908886,0.6255685565477486,81.21047522315453,686.78989098707,0.16457686270430605,30.014970495824592,1275.761990583111,0
31.605321235592516,2.8634219022889313,160.05378268114555,33.17618882246246,15.083128665337886,40.35857281244296,0.719846992536467,64.80927694648024,649.0883801537882,0.13402826503169793,38.656895348235516,963.340213777473,2
29.81258321728791,3.0112379996696426,156.0442692715999,19.8392592407962,26.500745418925995,17.975618255429865,0.6776534466362697,56.42161124098173,558.4670036982543,0.16247889779373287,26.20453729982174,413.568982660681,0
33.11375446810989,5.201395745208774,154.80777645009198,34.859953840049975,14.249004548513325,19.00757589273028,0.9322372367335401,78.03229800561488,671.8796580665253,0.1780778914763412,42.838276599474895,1191.1304372904797,2
41.92966677022963,6.422727098299129,124.29008875732768,48.38035549256848,3.560783346598109,22.38046234711579,0.441719196039378,68.66048707835708,731.0532175790651,0.12979250275870297,40.52353568934909,1419.7264586240644,1
10.58257653166866,8.670566052423252,169.11997211280246,57.25106488015548,0.6290527810450683,8.890293684478998,0.710512192592911,74.8373308212377,480.02714209133313,0.08100143383595117,38.19865242703273,325.38297082491226,0
40.7120097888904,11.419009695772983,101.09067959969428,36.122351407318504,26.81202056478545,13.093325504186305,0.440991651454209,87.82415975766231,783.4912820826294,0.2160639340618948,46.32745747798763,454.91495034141565,2
30.091101009537198,7.832457641206013,138.27494285448444,47.23058998370719,16.624140711467092,37.819258643650215,0.7511673954467831,75.71544746158665,601.2639762012647,0.19867411468355284,45.1354681944981,841.4371355074088,2
27.758399527629976,10.98378037369493,150.45860701135226,39.7875518012796,16.03273212277551,18.677935621004853,0.9790707821466543,90.0,739.64075490483,0.07914555410056597,42.98483955891556,1135.6814301448092,1
13.817732421766205,12.300953645984967,134.20475353173273,30.40263663349929,8.906417502976465,11.624430219747898,0.9829972289543644,74.31853128967992,566.9405519996674,0.15854955384625252,40.18197427576049,277.7808965855252,1
35.53353535214551,7.5662793289850585,140.96488153854358,11.902683752829265,14.41075606201059,15.479581036367254,0.6599283667911565,85.0695648135651,910.0990806670693,0.20135363324628977,52.08063750469504,170.91115994739894,1
3.444813638658591,14.11386251614525,180.0,54.51790792498543,3.117360844858709,30.728236873301345,0.9373308296415044,69.52572767912854,891.2231421038109,0.19618642994422517,37.916568020411255,893.7422977000689,1
37.13233412362584,16.34393330631164,172.08047771563358,22.410773728626527,15.484785201332867,0.24103114875061138,0.7792640471061134,76.0769065038557,490.12224554324905,0.11530149076868557,38.264992149864675,1216.1170512155975,1
13.58683580979709,12.52474011023692,136.28344638386523,51.59325093701323,1.4261687708337512,22.546498973538494,1.1194386940772498,65.67031997379544,804.9998339802911,0.19910583751655686,29.91477477207516,516.6806091318906,1
30.588037038792216,13.031486510310799,140.60866978055248,41.44169155114701,8.766403994750167,44.62218745042462,0.7914081704757312,66.85800892748605,989.2543115091635,0.150754863094305,41.78701520745654,916.1785171670839,2
28.689142789392875,10.288126642717973,124.45992102896312,23.287846577031694,6.213961662065349,40.310626272890296,0.3,72.75333570377511,510.36425757172134,0.1694338574450053,25.070962719226678,1224.8322868598311,1
42.86491962023272,19.092814543368647,164.09987572012275,38.74398034182744,0.0,25.73202780818673,1.016829821916414,61.71465945436379,526.2091281283815,0.1040254057585658,46.43224589869151,140.35100630441747,2
28.034793140847206,8.821819499591882,145.0051509917905,60.59493273542395,8.879082361199337,33.164426100439805,0.7189981761674004,76.59359971738866,847.0118903588614,0.05,39.734862519523574,570.6296709201262,0
22.364475827397676,5.28029601721006,110.67067058210904,53.42783097036525,3.910202179833643,33.06826284796275,0.7596760105271245,71.97240017805453,438.56430492821386,0.11113357429142687,35.855060362893745,524.4760228689947,0
24.427370344316767,9.019144277433686,152.01567183620116,28.847443326386617,10.106491044982945,18.741479965109015,0.8939031638929102,77.34579931116947,544.4974115015768,0.17682885506799007,41.09133615606575,1112.2808641559632,1
44.001710456301296,2.9113748510567534,158.7795776720365,26.456230901783815,12.015505204336687,29.247938033643067,0.506564259123558,61.86809015474489,497.0669530690933,0.13972838541408386,30.63490725700973,1032.7066165373626,1
35.89926666098983,2.5848312506506135,169.26281946350105,36.20249644779286,27.911387486834258,37.885830187873566,0.8364237864733027,82.01732310651091,849.4968589581621,0.18250954445001058,40.177883255525266,1257.5302211346384,2
25.758070203245225,16.397250325423855,148.5329041084645,33.013835252361964,14.74238097441758,7.3623775687586885,0.9375893388748137,90.0,561.5140482435495,0.20530748240576463,47.760274830221434,868.1019194835043,1
27.39908938039035,23.137849760899933,142.54657674427236,49.39684862771276,15.00701369685184,25.766508774815968,0.9000941216818752,89.86533099255932,643.0793190346512,0.13347396705259615,44.089293896614194,419.04601244251165,1
12.761052003560085,6.889456144496031,180.0,43.87506963706166,16.4605245169732,23.61475448088552,0.6882351247726473,90.0,550.3351522560151,0.12855255439045107,28.228665758632953,706.3452370772184,0
34.27321620936695,16.504192446161106,150.13172312199103,14.693100781658934,19.846276610170133,21.03164484974211,1.0382250319746738,75.4243099458314,929.7027001417732,0.05,49.56641777217412,654.4705663043956,1
10.642027215349877,1.3497373075284327,164.3912366319587,40.50410306508694,16.088515084690663,20.146333056653805,0.6005508911658922,71.476721466634,528.1226082931875,0.0726163165547605,30.818689002154127,1034.8473587366088,0
38.26976112419002,12.552583820777452,139.20920713247483,32.85090846959158,14.535417219817072,22.316699725304286,0.6823852408767664,79.87583539870037,418.4799888701385,0.08300352134387981,41.242703308634155,1435.4923006359738,1
31.414837517403924,8.848566410037089,163.79819303271665,35.445297632336796,18.40122226706829,23.15572197849485,0.7900796841840282,72.61780230837404,410.6415278634985,0.17783195991370804,34.434671153967734,740.7843416998604,1
56.25646979531315,25.65109849178656,120.88742015191804,37.98731617112791,0.0,31.186152928631785,0.8850030390398067,57.59562850891692,838.7319269169666,0.13397347714738359,50.6724364773955,994.3811899878787,2
17.898508909032635,7.939702453189814,140.75864908562733,49.38474806331922,30.801464249509436,24.7651466322718,0.7486004699616818,83.19299513722648,853.1730252994366,0.12328827427340454,48.88529533995006,348.77289000104815,1
28.87071699855304,3.693802183017328,125.83451521147893,46.73351556255225,26.307568602420588,18.22123405323628,1.0902891177803506,72.65598120424355,949.7109114903207,0.11756271433037557,58.38320577375437,904.1526800110754,1
49.78116471015369,2.2445598100807658,137.90053356261066,26.003087111752453,13.95422176673361,11.600785425089708,0.8849629669922534,60.326472242551496,447.80533667754867,0.11105095031003787,45.924678252750724,1119.7783603792504,2
43.10528604320556,9.013923602541418,175.0094008046214,34.296656387723964,0.0,15.275574821729624,0.8366447520139709,69.91717734744401,653.7575711817601,0.19617304822190643,47.171979922578856,1169.243668492566,1
22.3416674326211,10.27320716400891,137.75348221392605,29.61774328571346,22.8931538924365,22.611661028790305,0.8772299550070978,72.8833984749964,1185.4598815278973,0.1546673298536657,39.687949199947035,1463.0756786377865,0
32.46364171210792,7.572803593479142,164.3651225094817,14.817848373120825,5.755111508417601,12.93929262117673,0.9812393048115741,75.11832518237235,639.5366770022026,0.19956635145741553,42.692083119949025,1482.588665433917,2
30.02199292056596,16.7555798676408,180.0,33.68755390878692,16.80456914917442,29.45877088714622,0.8729704764910237,75.23844997277526,587.3182734125523,0.05,33.18199738810928,821.6463486870693,1
33.10151454133573,21.504746755730977,149.4484537279336,57.137053130709155,0.4538495839308041,24.30055140672855,0.4219062967072019,88.69019745094522,695.7980559045865,0.1766366743109658,37.55981931054196,1304.8363243920164,1
22.314515204166874,6.830426070520682,169.8753421011256,14.455479275003036,32.037662090758104,31.435274200570102,1.0596919500863515,62.114595108675985,805.9901547097843,0.12581035554572842,45.28006726931583,1131.9783346474248,2
29.01747557029192,1.6410024345685819,160.6217191627735,34.711258476079195,0.0,13.611807790329738,0.8463285457767415,73.47855827099892,802.6466442005421,0.1359263554426703,39.79945769418177,834.4384554279233,0
12.42142387195615,11.029617518062551,152.32873861167064,34.326342255083894,12.62087463284851,11.68932335351751,0.9706676175887842,66.21036157422931,577.1137555256245,0.21764131012047966,26.465351246881646,142.09581111437944,1
31.4863579705489,19.349438581610862,165.00631178633859,38.452825661171836,0.0,31.36057226267665,0.7306924242727049,87.56168251243355,582.992942129829,0.13050750788046198,45.31462746585962,1467.823399425171,1
34.950227407640156,6.854403730619146,180.0,23.447300511272836,11.628997930233101,21.29953956667554,0.4181223598608801,69.38545893594373,640.7079883663904,0.1745948242020845,27.29146473848386,1451.3171035475013,1
27.498386460917274,13.029901215734956,137.25462174982894,17.898672910400556,8.172433153755518,17.974828710981097,0.31863988362764595,71.56170162485604,553.9826712458346,0.0991027283089981,29.113992757256828,825.3995759389902,0
12.234440203567335,3.4537856056359235,130.8159819964785,18.456828118464486,22.234650545153695,26.986604956523962,0.6122390863412905,85.49695365361379,453.04738473499185,0.1518055078110855,22.119303295263393,582.21119574407,0
40.873850491366085,10.8383936879234,129.64170908689314,50.971205099977745,8.171585115673212,26.614492386457272,0.9338047321086611,88.24774822443871,1061.5903037266953,0.07043766286785347,56.22610228898941,256.4986413278737,2
34.00977541792083,13.197348657160946,169.8885593947311,23.207768307657716,22.24761224561697,7.442362632667079,1.105536010092141,89.72623537880447,618.615077154861,0.1471344488818425,53.616489742634144,177.18609566944042,2
22.013833925289255,11.05823081922577,172.58735246256705,29.005253700161923,2.782914891701962,33.84645123086089,0.8864336695607018,58.56886904341598,629.9513654246688,0.16927042694108885,26.58164938581694,1224.768291350495,1
26.913395084781296,30.114994587006663,139.2592613333213,60.25559118335569,9.462345572597304,15.895930565846262,0.5885099699376839,79.82914102688044,636.1826792434756,0.20531872309425497,41.577609071795514,673.2156239347561,0
13.492636569399775,22.95309805059614,107.27972901121305,26.18893211868253,9.642791118715445,37.00018047741905,0.6474926883983976,77.70116944671695,683.8979999314749,0.10910530707916793,31.661168797726592,887.963187812897,1
18.72048859444305,14.704214332883614,136.50486520153828,39.10879517541111,16.460294300696255,6.664513864363373,1.1193722817032588,74.48773854453286,786.9519539054561,0.12355179705704175,41.20366352934171,522.0675365530625,1
24.084075190071466,18.14471781784245,160.95708355613993,47.76574011950608,15.315369837663509,23.173988824803114,0.531628208480859,75.66568111099022,606.9616392683204,0.1177939211493384,36.615807747484844,959.5938045072002,0
43.512628935081665,10.784165050483427,148.66553722034334,47.18864224375092,18.500026394310254,18.143787990615238,1.2823900339331598,87.85773938958367,927.8707058763008,0.13729948914771742,53.22892980168063,1162.27680598893,2
22.96546270023777,8.559373548420368,153.60695493510735,19.021083715475832,14.401475429607654,0.24765323565816288,1.2327282556814183,85.38589227044616,819.563175847964,0.10180468784949454,46.71609983449749,1350.049579490735,1
37.042350252616345,6.291162873963137,139.53311163448805,26.439770627582014,17.95183343951804,26.582079780516633,1.2896388553713747,83.96913226656002,661.8202778751564,0.05,50.339368424685524,794.5180555708575,2
24.078521768522624,3.386565175335706,170.28178249419528,38.62836771502382,3.9192246417617547,0.7606297325499405,0.9037543272465777,77.06914198482458,566.7530753007139,0.0978643869144783,58.553359707106644,520.2588789609536,1
32.727423169370624,23.656294133568586,156.86383603509273,58.148209488599505,15.499188001931108,17.08333139032974,0.7448645401283311,90.0,916.9853071987766,0.14755189921814657,55.66719408660877,207.52829045469588,1
28.444649476418178,30.881015126482158,161.72926944727604,25.861872096305653,26.47385334701113,31.042754777161875,0.8983961785533379,70.99377156012024,667.5915624517287,0.1425949627300801,38.20429812313932,1295.6185814449125,0
39.60362260102018,9.175341645064496,153.18131366053362,29.076644190667075,0.0,14.699640227049612,1.0198886892314274,58.84038583075578,451.449749929198,0.17760597113838028,43.012152113763904,1294.994811706879,2
24.117075279595863,9.292985889602841,160.48736327221687,40.03489305681205,16.40107159472035,10.962658484844804,0.6768293007261298,72.34755985146403,904.2129046589163,0.1921096998578437,41.36796838458585,594.7375272481657,0
12.702189249973149,13.582730306677258,159.17143376361923,42.43589872818052,18.091018001443057,28.0035647056201,0.5777352876782444,75.57737744855667,554.7343103173573,0.12752240012968796,22.7229631694114,390.1645222464531,0
14.79856065500004,7.967313135377557,131.43850743728436,43.16304805163284,25.150677397245147,17.504819494706005,0.7575339713132541,88.03184097717856,873.7001551666549,0.07071303447446499,44.418479510013206,1042.7463229706816,0
24.149347566629668,3.789276416223699,157.46126190750257,24.843729621982398,18.534422399611884,15.94940305310178,0.6500922889428793,69.89021936483864,197.14646595741658,0.1701609655266129,32.98104197448539,1159.3233421566658,0
16.26034032254142,2.8293487180336085,165.83016343893038,28.615422356787136,12.902843479428377,32.74992477169323,1.0929950253030791,79.91230074029073,626.2674977518467,0.14950954541731806,30.10352819956282,1110.5507637429591,1
34.51233217247506,30.176642755047794,173.10282932389688,37.58601439762362,15.870658759590347,8.327212648454228,0.6843855069795507,60.22755725620928,931.9937201472094,0.13707785695297645,38.00266462479341,199.79554839326215,1
24.876550186561143,1.9043527592658769,158.32214296567426,50.14773575153938,5.384659488947937,15.40392744529578,0.8410411226514153,85.81417902930697,701.0261460192501,0.21102125218891402,44.969143720477255,1477.9203156148615,0
56.12067205029075,11.36055868375546,130.6949896253693,32.13819101457887,8.508287348780287,28.66447011069771,1.0362689145337254,75.68319414455912,819.6270575280231,0.17252739835015815,54.623288029899875,862.3284038396508,2
10.885139453491547,2.1709933757380586,133.77365340851995,34.732377198994165,0.0,7.680526444904823,1.1015653082760846,72.19443928492466,519.6138526565458,0.15614496654363944,49.50757313482143,951.6839641138101,1
32.239964965807815,8.268841639530622,141.2970383749414,22.688858754327086,25.38326562909801,37.75347159736194,0.8658830420080387,90.0,769.5410453625035,0.15819420951878072,39.56181803519953,163.45376167958665,2
17.59251674143764,6.803294438608308,153.78927816273048,57.35872198270691,16.051415870557612,17.831525149332276,0.9045451720549154,85.69907079610105,700.7504533981214,0.19248530762165678,48.587181974894236,116.52475196026575,1
24.572585255790536,2.5383562548537757,147.55527797384815,36.85115536570052,3.7549878570784756,28.74527381412365,0.5962620619492354,64.60158121457144,748.6668130137359,0.11552235338443273,33.238860931975104,276.86678318046404,0
31.555614206745986,13.913546294905249,127.52535868738173,47.933057354680905,14.442212663963259,28.72435178022542,1.0450724623232588,73.90608225343975,1107.855980831337,0.10598903036677965,50.86789984890852,647.3707872573641,1
4.420914876382845,3.5551792172610575,127.40559931369897,35.35876649681121,22.434129389948993,18.477120760375723,1.0979751133053988,90.0,960.9179273511952,0.13829325007918983,44.73912775434535,1422.6839108947286,1
32.6050872846683,2.218270112336394,108.02956450186633,36.02320478292094,20.935130929089457,15.20987888153441,0.4085223240677935,90.0,858.398669026055,0.09110320882859821,39.112398628231134,1119.230238530081,1
50.93198208501585,14.987135044430598,90.0,16.99629330977527,3.6512524815023877,19.57035438045804,1.2078480805178367,84.22963130284197,860.9238281810002,0.14772905189172156,62.76160062089774,1498.9201797795458,2
25.012178717945478,6.826969579047858,147.3643635409015,9.190857563689196,0.0,27.12684247490375,0.6658549172885306,56.52951863046121,518.1688276059753,0.15484756230894833,28.344317104075966,1051.8243374438612,0
32.8578864248606,4.809716607761232,180.0,50.022862542031504,15.55847476406742,10.135751560391423,0.9508187953897601,88.32150271980058,605.7541827217597,0.1465599114923862,50.28801726441299,239.66297814915842,2
41.27413862437939,15.624097985611128,180.0,35.936698571149044,4.018173313455901,7.967414112688964,0.8370635794594953,68.64814837231727,393.48365233826746,0.1319291157961005,48.156342743011635,1072.2948658201585,1
28.19651149970304,3.39339339256091,130.43537175754057,37.47713747583942,17.600947553824508,34.84202721753623,0.8067173138556732,88.23517934180015,446.08292752377236,0.23265052094626879,40.69684814677632,997.8621363404371,0
23.609437926153685,1.6902241047332351,152.99806594781222,20.011354973595072,20.552433495026172,12.651449295671036,0.7745660447790899,67.7733151444508,522.693235068433,0.19703305701713295,34.14254446495606,1340.83259957002,0
4.966899559060725,20.55959271695745,120.70840979899668,24.163229866476517,22.02269800047044,23.54083882028403,0.6016360669548177,79.88829546229701,694.1750834800283,0.14514300811169512,28.50066854994155,861.9417382153088,0
37.050897913344706,27.465595856117883,123.75780938283758,47.74762401361981,27.702664373806783,17.977957911008968,0.935242162342555,68.59717373582343,454.99826053744056,0.15465139699573513,43.33113013270891,443.8028220513394,2
28.75514749298213,8.103242611711954,126.0505480473924,55.88172525009724,23.127212262695732,18.42134388776588,0.7570701728737494,71.36719691450548,692.1659626825964,0.21881722077047944,37.89096089561449,1125.8039260359042,0
18.86047763473022,8.021109510539643,145.49002631116335,27.544711834729377,27.745939459056196,34.303897213876446,0.5319270893086339,81.22196636107955,669.1940983747144,0.12077228257445241,22.22473115345599,1154.765366284551,0
31.39256381305463,16.240097398790287,146.3508077957605,43.05779946035667,24.411543089117977,19.148308122424762,0.5922989685412121,61.81101576662148,473.1542425737804,0.10172009022318446,35.0028865174127,819.8881883561245,1
23.579516075132005,19.197728515148363,155.0540394161372,37.280299192179264,25.195958166199503,16.431738717821226,0.5356618219878955,90.0,1005.1173729060886,0.16134486236527923,42.821031604677344,232.75695036197902,0
24.187312557729218,3.7523750947842127,163.26432779408566,33.553652719067294,11.632186746320047,17.302843637251073,0.704590078933556,64.7277853278796,435.0948596715707,0.17069528492337405,36.652162454773375,679.2857255974885,0
36.66920271719579,7.091792573272777,143.26238153209684,57.22350824213983,0.39606211890860443,14.965415809224943,0.926721847855119,64.1684977394428,923.4649627531104,0.1744252784026632,47.70721390608461,1275.8921566613974,2
15.277793475437711,10.731080266460747,150.72403941325257,29.561580247726976,34.34043229034171,13.29909307374956,0.6635540288682463,81.25133767928624,249.14475562422,0.19138886725590454,24.814311839414003,525.082520439444,1
41.52046814681134,15.60372346619798,128.12374986619582,49.88855164420983,12.566576416944182,15.0055313708412,1.0345971424820568,87.9194113662257,671.5533572853187,0.11337113252288081,59.17107352294716,1124.3145288305147,2
14.62545220569756,14.483897160828631,123.11005951485637,39.577079804504585,23.05837257576811,36.632101128886156,0.79377281452818,71.76297233417752,460.475033391809,0.07957751586643974,30.07251811875347,454.91324737062087,1
22.710284508092098,12.912200378646986,120.0205530790338,34.79732813162217,7.047526520782002,27.114888270604258,0.7563309171948985,64.28530782578898,569.1090564810016,0.12077163209815214,37.643836930050206,560.1920413878286,0
51.152408134732354,19.164346247100468,162.98495602256455,51.46420607639694,20.675301982910753,16.548034511403277,0.8236883946651351,65.77621091312221,1062.030891107315,0.17909206313359147,55.17708739284353,571.8655754351634,1
42.40090237806665,8.54978616295008,143.24184303823515,38.481613981076336,0.0,29.816556346188225,1.1269340849863907,64.69980429001012,630.6064775873294,0.10390516597653443,51.94654696406783,289.74880107682213,2
31.073643917449843,23.799236090568105,112.57759474351194,33.84286964105263,8.306009480991413,4.128061986126298,0.5183054877726923,78.08179630198678,479.09024058628177,0.05330824767568655,40.18180034798912,591.6302617626168,1
19.65416762948662,5.7351356196959244,148.7382209463278,51.55330607578439,11.114300249469405,33.756783517156705,1.1844007337122116,74.3001387991682,797.5271734726512,0.15721347239317152,43.63660840678799,1113.0627182176504,1
24.178004626301174,14.641352717354426,125.02357336427833,49.9911470452627,16.163478914746676,32.95155769826923,1.0312352239634197,79.25832608905317,628.850616793234,0.12164580087869352,48.7974220596478,661.8343692089492,1
30.80602846044266,6.423540618365154,180.0,49.423559853846506,21.64822208940997,42.36334014023641,0.8152355710917722,78.64869427607418,730.1426335049641,0.06364553045783387,41.604074659344974,519.6303183162591,2
30.412755555735583,8.193989788554122,138.42356556826348,0.0,2.1527137053271623,30.11551439078657,1.0802656506494248,83.24312288327002,517.1090887323188,0.15372256670782947,27.763667241139007,1080.9937005065024,2
29.00041977411441,9.194359419409922,163.6301197163824,40.28211950886093,17.939713700281835,24.37234543865172,0.7490559725436512,70.90055980130585,526.9567135874561,0.13068636444118645,39.298301977414674,821.6702995616617,0
29.660842345073974,6.137449336316628,171.77926054769975,37.54540631683964,23.04000278973067,32.91140384868149,0.8828492425719345,67.61795261125576,542.4638396373966,0.23379913607366987,47.716625464743856,710.2112576240744,1
27.641873793243747,19.728286114122962,130.90143094885917,34.58164095097417,33.11320424478832,13.741905686264031,0.7008888083408187,76.56294068367558,859.6866284923486,0.1544421837049454,31.503702400327143,1214.6183395806527,1
14.138233907959858,6.674322296353784,151.52094235109416,42.31735560767214,18.359651854537805,16.0458350829785,1.0326245360547643,74.4500999060012,654.6340495268595,0.17930423074485152,44.86998165941873,634.7228503365875,1
24.318381836230838,8.846769926378098,161.06935802776292,38.126682470054334,7.864446166669002,19.35755181546561,0.664403766848153,77.52952014359558,490.3479512884966,0.14913851049841514,28.269084011545388,862.0869315722736,0
40.060864593855314,13.473729490121487,152.31092344820215,43.13368900792618,0.5541180860256514,33.68881530900393,0.8086990864196171,67.8828705897377,732.3638937205235,0.12012349751137884,42.88944157528183,144.48478126201755,1
14.948322726937707,38.78787855800756,157.22201518619636,31.78445830694009,28.462820680787072,11.441216472177661,0.969410540031543,81.42217289452464,715.8959041337381,0.12561932260617248,44.600893128814064,575.1826248326713,1
27.914889373067936,13.818268798798988,123.40741212881693,52.97816756211791,18.636077420336477,10.37938302430341,1.0506017211274,63.216267211392186,814.7205596082653,0.2040479360854894,52.12195162657558,431.6646684207974,1
20.98270678352072,9.43546042019862,161.08072439429048,44.347330301273914,11.802219315777844,22.36538078207017,0.6393458908108458,70.59615340604734,603.6397533746751,0.18738944750588557,36.08249499073555,1340.049658136184,0
31.224854723379224,1.393999895312632,140.27671611654583,41.510319086178086,0.0,27.175304970758656,0.9856904117264804,86.29041333266348,684.4856978319818,0.07556855267108636,55.91089634647609,129.47372885699437,2
25.725035008265,8.029100577045119,156.9890244656828,40.92446280448237,3.6193444419175247,12.969194240599238,0.6039632821522405,63.686850409771786,784.3357268246723,0.08756969051991773,43.20108545713297,1080.0635475084216,0
46.25133031472136,5.290427719049205,168.39977691102928,48.88737568992276,17.68188259896543,26.704179527719333,0.3469272183660356,85.50243045659309,498.1293950348767,0.09034620537270617,37.14866118862607,1158.6784248957854,1
35.57241469609279,7.018674476182312,163.37617015036548,47.26025344322588,15.184497217133101,33.68399342050404,0.6554259976092268,60.90900626888385,877.244572412173,0.20300498721365026,45.04750616647233,565.5017627432317,1
15.570165176450676,6.317543724335987,156.97439450978948,33.64673535744455,0.0,32.00461693483525,1.0036251947367898,59.14774125700835,703.2887256410469,0.06343130196910293,34.56346494606006,459.9373712816157,1
37.38350812775069,13.379833009663605,162.84256592369033,46.883724569879554,17.693513008516454,23.532927685282417,0.8173122866248735,60.061377399739094,479.7974373808304,0.18932439545891816,36.85484902768765,330.76856857969346,1
21.478829581117306,7.899890157907179,163.7682210777757,37.088626880504535,0.0,19.094022511110225,0.7023004462136374,76.16806167245537,478.3155388323065,0.1699178684802118,29.283452246340392,487.9457583341964,0
23.65303991484713,4.294161670823876,179.91002322767852,58.00312149800394,24.18608161742034,37.35623635647414,0.8322052311680218,82.29595750442928,680.1202868124426,0.15734065433672553,50.54547426682589,1379.5162884342085,1
33.45200922117834,16.706189635680783,149.31898601074457,48.172733732563586,13.877003234144613,20.15403994491451,0.8249279280636861,87.92594103889074,589.9548379191884,0.12635029348941243,46.19477532613618,160.67179619212072,1
24.590778382968516,3.0761900750342326,153.27913986884778,27.49268817725968,7.8292069612563004,29.40354619615205,0.9568176807501517,87.12870757136785,850.9213243918161,0.20943084725277986,34.061827589316295,739.4015022491343,1
39.82141397955251,9.118529258565195,168.64133617952223,62.96852827340319,20.911389051996053,39.58281479185577,0.46542381662635735,83.62698584922259,642.6496174972257,0.15567340649795264,43.684977209652274,470.13355037032215,2
21.48038932335265,8.073074130108003,140.19224780472973,9.77552196812205,15.181493596012062,28.35268079629934,0.797482349496406,66.6821654814218,760.6093127764221,0.07778955945681275,30.172307612246993,1074.2193156815551,0
23.191587921495007,11.598531832679452,123.2946505464403,42.648256888028506,23.924348476545166,10.029087670929872,0.8473409997391352,66.59496466040096,530.2757767170992,0.0894338714187385,38.29834542916529,567.463557742806,0
22.779920170970804,19.29891227295345,159.8646034916554,26.645032046656567,12.724280520506106,7.609772186917125,0.5196185639520635,82.87792321519537,695.4008047789885,0.06776211137035074,35.31663988397462,584.3458218478609,0
23.777973768094572,42.62444792076461,145.87952630768112,57.586163524076234,13.249374297651425,17.023705799368994,0.5166018673283801,89.21308439974402,963.1071891187169,0.21001670997649896,44.657194164721204,181.6124145420722,0
42.09110711102594,9.430888842494717,125.84945176531264,38.033672783543444,9.43274610661882,27.094991234582253,0.7397641478238742,64.68859120089667,670.374341583582,0.2212127528816039,54.19016556966654,1374.6951372816695,1
36.916759229713335,5.219631865306502,160.01083858759674,25.474454418954544,14.36670428490447,24.447858668440134,0.8218753423194275,87.93999339389107,589.4071672143663,0.204313825672295,51.92957339067795,830.2222505547277,1
48.80938349413278,4.8125396533474065,178.62266030058495,31.802063453365,27.28155791810328,42.070820654636734,0.8226501255122165,55.79662531710741,527.2390099962838,0.14284333869754892,39.75732227093121,196.58141666352725,2
54.9440862428918,4.793845980612593,117.40514907421829,26.4328224960129,7.475122469450605,24.35056287761407,0.697603334104486,78.89925093935324,696.2458940235625,0.07868106388532876,46.62928021811142,1152.413267535997,1
18.662112648744262,11.297365250806156,170.4464999043296,31.330676257159055,17.831596343975722,16.72558783249366,0.6885863895472326,73.96192732224117,981.86295362824,0.09729943437363625,45.830005356018006,1192.0470895010235,0
30.774610400600178,1.0562099714587079,99.25864968508637,31.05622860932594,4.076007752928441,8.666578968901097,0.7330612092745606,72.95810255163023,427.2811140821965,0.10055633991279667,38.84026911615038,745.5957963862162,1
17.061796516922236,2.9048524956496253,141.9942673963697,25.986129575587345,0.0,31.80437377897345,0.8856747874967235,75.31271130699693,690.0164627391904,0.14771534930289018,40.697548606264846,1470.7795696537244,1
21.44633479476906,11.304878650190455,180.0,38.240765738991485,13.867128663330984,19.93938770791749,1.09381662149453,66.4626981275857,357.22561888043947,0.21937213658148008,38.37530705970899,416.4001151179981,1
23.069092387187638,17.27445832189892,143.43351902974265,39.69468996088079,15.333648811224807,4.938602317672682,0.3315126849822936,79.46078101555398,617.9155579317154,0.21917589882864102,34.10872075205322,1281.899593318096,0
18.37129638447898,17.34406116206125,151.79876791641985,23.044323304688394,11.009538575017643,20.222606029152697,0.9570604666864015,75.60668480792752,752.5538727925447,0.12558319160437328,45.558812848978825,1285.0037538144186,1
18.42923999811745,9.761405497988356,165.2573240154711,15.100774843472024,0.0,10.04261888872993,0.7955466345374345,84.3531148233664,383.9249839814102,0.05,32.43919263731209,829.7170896789097,0
28.412871836277198,15.788468097225635,115.67052971878695,38.73147742579486,14.738709671774592,15.743624896501846,0.9356589018417438,90.0,611.0380906401128,0.09165047062118199,48.74475179029118,856.151035418863,1
16.61609739774952,19.5253456395695,151.4418960167951,41.3830466134344,14.396822707255012,20.061919764426666,1.0808195341974174,76.26916912708131,758.1038919866883,0.2094300450285167,38.37099313335489,257.19038782239664,2
39.26339655051396,6.5955011246876705,151.28426143922616,43.76260114353481,4.000974320166839,10.948219516650093,0.6538722633203535,66.81281633961541,726.2276182682867,0.16158143563640504,38.699712334515,286.4979814967978,1
19.904711088407346,18.20802289766059,180.0,41.61409257912953,0.0,15.123758310436436,1.0277470291373942,63.621008726792795,767.791653444215,0.13221768938588396,30.515902607926385,691.8978956672008,1
60.90525867106031,2.040030678334879,125.28518338004353,53.872601308843876,9.728508650646294,12.55880165886681,0.5441105698478557,90.0,505.0806726667177,0.12873171958252286,53.226752682363646,1385.3432027587382,1
25.034771039391654,2.8282329965772703,142.36921367099757,46.96481464317516,17.876363220999917,12.827108036797645,0.8480718312087961,90.0,758.0215407536596,0.11245745134416607,53.42445817421179,400.335154048916,0
30.792194061087574,6.910663939292104,131.43288418352768,67.1579383569869,15.749892586127917,9.919794828684399,0.7666463107460836,83.87371610483143,579.9983546918985,0.08981133250500808,55.24441179546219,765.004495656902,1
15.751246970873613,1.778650466048414,129.3117639261724,72.20776636199534,4.072467019493297,15.172354353968775,0.8301814829616254,75.59853902126576,842.8058697309667,0.25360317069818683,43.24562298962498,189.94160934255456,0
48.767009339404034,13.5331544105005,172.54805454129158,13.902768948263436,13.232325765198066,11.053015582260468,0.60241245733311,83.15165560298469,237.86973206519122,0.23592416215488884,38.24828445582908,518.9269784574286,1
42.31450748883208,5.836848477310568,150.53303004001634,8.634336425169852,19.984137649280104,25.865841159758453,0.9161143603310442,88.04465381059653,642.0781243215744,0.1089066862012692,44.5160272751579,620.807316227137,2
33.26607457809724,8.138465808249158,138.8886560714696,34.911304425839425,1.446008616598668,22.008000535302905,1.1689831984132517,68.82043022880525,719.7754189664921,0.06230641620315738,45.74432738786164,1448.0325503611423,2
15.185171963424779,8.36915051239348,139.64308197714928,41.05078915856386,12.568398312388746,31.94715224990788,0.6061914884203967,75.29795302245297,969.8864101126526,0.15845091724774435,33.64618197286835,370.2551433224212,0
32.317335654970826,6.774625653276738,138.7354584610921,34.08937989193133,24.056768821537858,38.86703390437603,0.861722014765909,63.93764463075888,717.3594077452511,0.1426265937022824,36.55021494022346,241.005563601683,2
17.664258493810195,4.768098817745714,140.5239364518461,43.44296535269312,0.5256106023549165,26.77325013921769,1.008292086637383,73.70938374372625,737.6571503360096,0.181407115551668,35.68163303912657,175.25395810662627,0
46.08590789820697,13.08119120381013,124.71109311421472,31.757095095219498,22.39973661944558,24.49587024633308,0.7547170398036009,90.0,775.0980456965733,0.19273034480007836,45.47704500973943,830.8608865167994,1
38.9011420503849,5.736931320253848,144.825409148696,26.67259083903052,26.572687070901466,27.403372722948937,1.1192864427424645,85.7854778842441,950.6174401097328,0.0914987184250608,49.79715505644645,827.2329003458759,2
31.049829423365097,8.28542402857313,142.8158661669571,28.485309681787466,10.000150273462022,24.66588817002159,0.7254685648878826,76.35006801409952,623.6211175647741,0.21401089930500636,38.91059791808044,374.189651876971,1
3.1998677042794554,11.68180865185902,134.84406587193314,32.59797957122955,8.912922428853474,20.50199345426592,0.7944151652962651,48.06766883338693,419.37980112446587,0.13234189658087697,14.828656709296405,446.52521526423163,0
19.182424234750663,19.41695008998421,153.1009251260995,45.12214812872179,21.297849771176033,19.706741936526015,0.6015060767861542,68.44207364562735,381.0905447751054,0.1803954930059993,28.03408509371446,546.3910533170877,0
37.5653724475986,18.397619098420897,154.79778960236317,29.15911164001004,10.324826624734328,9.783300359379684,0.8478498785553535,76.02405964866105,832.8390520420205,0.13692672319937896,48.78797137551832,113.2299594945426,1
43.34172060895472,6.158575077817307,138.86705571416584,31.532375564999537,0.0,28.389195543048395,0.8206650480097734,72.8408658031818,744.641398849126,0.19612450855223348,51.33685918152774,1243.8780563435625,1
42.20086792641345,4.559864053471153,147.11731698467491,41.84260212853224,11.110848647793784,19.687051901416698,0.9598982738658706,75.3277258128831,648.7315061786078,0.05,45.373343023494925,1181.880815670955,2
12.487856975343991,22.09486887825149,180.0,32.61444322945772,16.233635713751063,34.49518974290642,0.6800346711070953,77.42589921243072,582.7811076836696,0.18691667216658903,33.182126923764514,548.3555289790563,0
33.31707537494194,5.711388404014932,180.0,48.40052660774467,18.660754682242214,29.151359035853165,0.6699609625988736,69.66319240907004,736.1665410075235,0.10840402494052191,37.595083010457614,904.0175036098775,1
41.17066738131223,12.713765082569758,128.91819619740528,23.965925213179265,4.074337517232695,13.740483777240225,0.9217482659379959,74.92469050188801,741.944645346881,0.15367321496823896,45.13593232167595,559.4518543404982,2
11.758308778595303,1.6778372481619963,131.71104866822884,21.363634922414157,9.571789924746524,32.46691046898755,1.127381907816404,73.50556612833157,795.9659616100282,0.21223514793898676,30.562020604499786,137.50846121105505,1
29.9130503308944,1.021550104443725,128.81193446016007,38.65554840822011,20.792165377370694,0.0,0.9583822544788164,67.96797332348784,478.2666139129949,0.10984250120751247,39.33938954284687,925.7044970070153,1
33.01226638139302,9.42403194206644,171.14107879944478,39.85146154717756,11.460012407279963,39.30225744957812,1.2264306946944519,90.0,347.1388867247936,0.10199936807177179,36.39635121345121,1110.2679381971975,2
26.691589566685916,7.451612044810957,142.02941400848613,24.620486070999046,0.0,6.6155472225033485,0.9421676436688295,70.23541444068904,517.2946242584908,0.13140107455135586,45.949076623284746,567.3896586269977,1
9.626219590586782,15.060263219993228,154.79348487192598,51.12314481592911,23.138742086583385,24.951121791708694,0.9342444282879611,52.45790787288311,429.7742281341697,0.1282464790534576,28.242659219362228,437.92061701548454,1
26.417320789188985,4.81572318863123,180.0,58.09924171724271,10.073000798604793,24.27416166147528,0.9694444337473822,90.0,419.4148130988837,0.09749186899294537,43.5406793193889,469.92052449220853,1
26.399640267194737,11.059445858250713,149.79070411379075,27.465749445911413,21.820968994632423,31.2371686184175,1.1473975662714158,66.53724015492561,1013.9472698769191,0.15531359084648155,42.35468587744894,588.7345820672084,1
28.371203549974705,14.509279609201906,164.1249744351464,52.84760807277429,0.0,16.71303192695588,1.092265414545781,83.99908349144037,246.59960530817068,0.15790852573799877,43.647312725056516,754.5832259195183,1
23.801814320324233,4.9806254786597295,160.40841498600787,6.41441393599133,10.911119271698235,0.0,0.5813267887160707,68.19113570992843,793.9409419610279,0.17314942361922775,32.962753936223805,1156.8864735467482,0
25.12686631434386,6.904430940143866,138.235652966081,47.9133472006163,16.58762421309511,16.727120886194438,0.9961280152742156,80.69278135592836,881.3996429003332,0.10902146960780855,53.198598846719186,378.61241371008674,1
29.563230894183242,3.373159061949118,171.18323463483716,24.70684674645899,11.21569624649111,17.808376975003423,0.8783784312756717,74.51852640004796,897.4929268179508,0.10279988142947213,39.7448023644888,1088.8865350966416,0
34.867000654666825,15.434734636819645,133.00598381799628,46.712872183665674,1.3529441791110646,0.0,0.7773122965044359,85.00330837313679,755.4464034617359,0.14407016301700784,47.29189823410761,1450.3666770977552,2
26.65130560857666,13.19978396048853,176.79759572888352,23.464688168520013,0.0,20.45371608960738,0.4299555857993674,72.86295761695357,963.9819391507447,0.13774772493885412,39.16817078105559,352.38354124354703,0
25.493861787951978,13.896891930292806,138.25098069581762,34.178149584478454,25.70938616553024,9.241485113354546,0.4811645997427387,68.44680092428312,1056.6799461842365,0.1387080512640631,38.38078646795563,810.6388968691806,0
31.01589442079904,7.4280137476467605,140.44064558927812,25.278612841497925,14.232343817111925,26.490851030934532,0.7398172115751181,77.57019851896214,639.553790181483,0.11463851886287037,40.94744622664076,605.7868347306239,0
8.869924815153002,13.04193425763801,128.23024352746415,32.43343162661503,22.50120947512024,17.53920264173486,0.4977898681443562,71.17508268532977,789.4943400562687,0.16650199672206675,36.12418811603084,940.6371005642654,0
35.24738639949104,7.9454490717141795,131.51481178366706,56.959088347165334,20.358021894244043,39.610948855197336,0.7443734998741388,55.70827146601163,955.1588164709301,0.10287601481640843,46.2635719251703,1333.1851150289235,2
29.993805931647454,24.6116139864642,141.4647135534293,33.70474644087913,17.37162143507621,17.43821343159518,0.9771550756076305,68.98499270356484,527.6081426143055,0.14389125751910103,35.26134640183199,1340.879753768863,1
30.43662879257318,8.870765405791769,101.37302884178777,60.32361948711004,9.10796380367639,24.303912663411953,0.6921896088396455,90.0,651.0184186578155,0.1346815785781717,46.407906382888676,720.27023121389,1
40.568077383539105,17.685951640569936,145.33335317648806,30.370249266885963,16.407902330752158,17.869284935404966,0.838361772605272,56.786271074595426,574.8356854441397,0.1483270908567414,44.20553376743513,1160.2901046581376,1
8.51902916946927,7.460208604075871,139.84051525516966,52.90117644568163,24.892832517336522,3.7673181153959163,0.5846105691786052,77.41049823020933,792.1955952575097,0.20926349093675703,42.111140019955315,815.8265621025885,1
8.2878274315514,21.25759559667047,165.80022197223664,15.491688721846366,12.747098354463814,17.952869948625043,0.8857288026935829,72.57103971733426,320.38014933306846,0.08427499980390363,29.47680641063811,1180.809885662459,1
33.01184229855871,4.549800729044967,158.45961476713651,31.561891335461706,29.11530939959271,27.53413441171479,0.9317897861233044,90.0,987.3253958928389,0.05,43.51546731138869,1338.1056673861315,2
29.921714593586326,12.075010268667794,135.84725137801405,28.56668017609571,0.0,26.019898056649623,0.5069544634568888,63.889616857743626,806.7593128701362,0.12029042749580691,29.25229946373414,1096.5298198043602,0
31.871946375111254,5.33753791367675,140.82898481148186,53.452467209565704,0.0,17.067322621721324,0.6545850147484424,76.01303436280216,817.9882343000011,0.09243469780610536,45.736222096723054,185.05937049342924,1
24.9166021731031,10.718401365184755,145.30763922958204,37.22298543243289,20.892676930674547,5.432438830840351,0.5412225411703817,81.86197683860131,227.3371697774283,0.05,25.81933767317102,443.41203663555854,0
37.30789041663924,5.734098368678499,179.719131089517,9.943001964230056,4.631313571312096,26.444585877332862,0.9320272552999274,73.207053303552,491.97218126012683,0.23731753341984166,41.73317039720115,1200.0906173051178,2
40.259027272902316,8.844614999870279,133.55390639087116,19.27844414331725,30.39003228385901,24.194865854634887,0.8560814433205997,67.3244694557036,998.0938340404762,0.17798551176664745,44.2543253810991,127.50224332833548,2
35.3238052334668,6.424758226084535,135.60478670098692,22.84805300744719,24.036072341096492,28.43410853852599,0.8090634052681723,74.7780383308633,664.5188259164224,0.18335785303735924,29.62646851206003,825.1145959571023,1
27.130886957549585,14.154212562451335,127.42831696765698,46.20860352934602,26.288143560822377,17.258878047653774,0.7917780616089097,71.90503756137669,355.18721744643216,0.13572660877363207,35.15082797608998,954.5874311623799,0
6.815416736241566,12.43458420623069,120.35921041127631,44.66008980387531,19.959926749961255,3.1562520719044223,0.89102379579517,71.87697499389773,744.3244315755366,0.1710408701380749,40.64794047514891,1247.9945337951701,1
38.46159828840841,5.183039345367808,156.1400724725099,31.39520680446656,3.705747386967351,25.337601830766953,0.8954273282425091,84.30712346554503,835.8316207773786,0.12886798017246473,48.54589461631416,1229.2633510911521,2
43.43901532839352,5.060979888836874,154.0580666214642,28.417882476589124,0.0,19.90857234926516,0.7109729513610206,79.02949583272955,806.2984760211582,0.19071604722126323,52.32867199376254,202.45236548509388,1
37.09014253182378,4.2185573704611485,175.65523705670705,43.59665889020063,25.457652022701197,33.91683773400113,0.6801687031485086,80.517668773143,669.9189570787709,0.15945327653336608,44.63427522338077,1051.5734131672607,1
20.323933298957428,3.5257619445222907,170.8281801545386,21.445722890816473,0.0,20.28733032446418,0.8070210570918889,78.30296182832922,927.1127187126762,0.14817373113910579,34.2144803353323,1206.420671072213,0
37.41173833034534,14.820539703618028,180.0,40.492027735404236,26.263971189547682,19.545331108104985,0.778258322440059,84.59880399582062,559.5976028259985,0.1519464047592943,37.74308170709733,247.6157406135414,1
39.4658267875759,4.013891028886704,148.5225446491781,39.47021596244279,18.0265328420642,24.172544718659807,1.27335008951085,88.04259700573971,808.0178064657656,0.22327247637812397,46.76824262423711,779.5788653710043,2
47.14697872578994,11.373144133317346,144.78940872407586,31.70492488319882,11.313726115619083,14.030689311988688,0.7355431720783622,72.13286764803631,727.0035286932077,0.15836654726222113,46.157137719605934,1009.1015600231808,1
20.36279083349247,5.992889963879742,123.99547309733282,39.772135580548586,15.9784291590178,13.548642788764305,0.8837263686651633,83.19468905874132,673.3827309100649,0.09851953981428357,49.81569784319848,579.3582735232868,1
27.508999570014478,17.341208518250077,163.93156334952653,36.225132236896215,16.187618419041897,19.02104733662058,0.9225038274222928,62.038117044265604,624.2006510316847,0.16680954607124132,48.750370800393476,618.745210062042,1
38.21999256257801,28.568496539731107,152.37068482892678,40.969033937078486,10.178306502716278,10.795936917300278,1.1281153439351221,52.469440323652904,631.2815213250004,0.17445203287481825,50.88191553295023,244.02817647627666,2
30.631510785819735,0.22777127339374714,163.02532610021368,18.990772298238873,24.831185114273826,17.709045345340346,0.6415393898158503,90.0,706.4506832466864,0.1427645072673508,37.888547470646564,1184.111780679079,1
17.70939637743598,4.500719357363075,127.217515615232,42.37402376634442,24.522607745395806,39.395613574487,1.1147225224111676,71.66641559766514,641.4558403287234,0.14739485178533315,41.66457493944118,431.9665833709687,2
34.560779135293735,5.913907418986529,157.03208378053398,47.31921595402727,13.400933716388469,30.42633726726367,0.7875729736494149,77.52472839963019,846.6139823754627,0.0966891941062954,48.52474512758811,708.8903272858947,1
36.36527797196683,7.627613061306498,154.10399235907883,38.851417046773335,6.600050519697259,23.0803794139965,1.3702959505222085,62.7478420410366,592.8029367512091,0.15485378232177655,30.37753347551952,822.93422167697,2
30.967591859641022,7.270563513079019,152.78070079787375,42.214590211898,23.75358639963862,35.51677260954918,0.8997724882297529,62.286562864019146,1013.6581994679603,0.0892759326678601,35.13457658231714,222.14979643502215,2
32.41543419897938,2.7898523539781523,136.33468183618953,33.68096819108285,0.0,11.751039019933543,0.549635591542809,67.8705610843459,583.86629630105,0.1374612227618498,35.810853145016985,703.5841160374721,1
27.154235081456967,28.949909808294944,173.78649297106796,45.69599079515652,15.995033463101905,44.90439869879995,0.7766250920185652,81.42897729821755,884.0161562087219,0.1165338612460654,35.4217998409291,313.3096388563823,1
46.26106829287665,7.47779498376851,180.0,35.78296553575825,18.656175973880295,15.394974824402727,1.1139792586122157,69.83457199387526,892.6433732192394,0.19914531066844463,46.57618346074113,425.532331650299,2
20.092385979160557,12.39550853358896,127.7931194740477,21.224704610544673,4.544833486997889,40.0380589550918,0.8379390539704699,71.64209550098623,733.1724330678559,0.2274971600425857,30.446786456603764,598.8013952301933,1
23.539471609598433,12.665306988724325,164.40887959185915,44.84259385859912,20.76406938693882,39.994030477796485,0.806882410328637,67.55488921266482,715.3519960472562,0.09278378373256244,38.41604441751653,785.6226627684204,1
30.120840648802783,2.211481073552831,92.44299697319221,15.39024502990673,11.76252724815036,2.4677019320279463,0.9781793760508904,86.65788089310334,554.2065968581621,0.14976897906633374,52.42994458376096,707.8869324113239,2
39.66849430470982,6.71904221755825,163.37219898964918,38.393356931460595,7.0886989024579385,34.670921431418144,0.7441005080531381,83.68530009084063,596.5857100714115,0.13448203161039074,42.53485706013793,200.21128051327452,1
13.528895128960094,14.819921918585422,112.5969076691649,30.389325799436246,20.66901005697305,17.160908595473234,0.7736387013277538,70.15851752238055,743.9567192259193,0.17322192059182578,33.28987283907399,590.5172143542231,0
15.586735752580168,22.166802164150127,139.50065304201485,29.62249100354346,2.228840141720257,14.320315426819299,0.6121716078150591,81.84116265390367,690.9728802664515,0.1548120829683287,25.2469639731412,154.90898409322546,0
7.584986414918106,6.831385366878138,123.73950676491499,37.063864999114465,19.822740029074915,25.24638120164986,1.200340571812606,72.54762997920983,936.6168351981446,0.13063122780742265,40.43611722213427,451.10172958934413,1
30.35964747778598,2.6424385098606162,145.6877701010121,26.48854171018407,0.0,9.920846752452416,0.551025518565543,71.6245075462394,609.082041250269,0.1546875261133976,34.947015817676494,219.15391210456113,1
17.698636010728016,5.513437836316002,166.77587396735657,41.146472169533986,14.57134002058077,25.019970879162784,0.8572826651479674,74.50289225301353,621.1871078099728,0.1392674371031148,36.22584616807175,334.3425805907058,0
25.769948789802918,6.60173413477955,112.85373472545955,35.68155959146402,12.394595605921449,10.592055177024335,0.9255746005780252,81.43233964875384,367.05387856722217,0.22945673009110507,47.99203815755028,803.486704538811,1
37.27516008880879,6.4057214011095684,142.81040620968722,27.592472583053624,7.142738098208157,21.770792792618188,0.8169967536179383,66.07800485106004,828.7055727431319,0.11031773186814614,36.45339724958137,1398.2345509006414,1
22.943030071388687,4.2225706791193645,139.73262462367887,51.05815484055582,15.506623811001099,33.35362579090148,0.5441501849922388,80.02394617550658,810.6437643887868,0.1628743353278566,34.852954037809276,372.6706099004338,0
32.54410225017701,2.37269069835017,180.0,37.45739132359398,11.28386883568991,23.865179354324532,0.6002719139035506,90.0,895.4163791986434,0.17548167360106431,43.65810969593358,1123.1290962540188,1
26.707283014731058,3.3432750686410557,158.6352201570057,42.56961120109378,21.492260645749923,16.40208412718853,0.9349537220384561,76.83121180355207,906.6872539205408,0.17192386096333462,46.69395176760397,161.18254240402877,1
37.3932574660608,5.552721782380687,126.45565773453154,51.99906475393306,17.041358899230914,25.4141111083792,0.648426552108846,75.35718091943153,857.7893078903497,0.13510552358169906,48.286067547303695,570.1888762030312,1
35.2264087408281,14.650178758703447,140.574112419392,51.802142429532466,16.074248095869173,5.9351975799510015,0.3641562110525377,74.15832329406152,866.2231899936204,0.2184136967195209,44.18878714643049,661.938965448077,1
22.38872934207929,18.62243126378366,180.0,41.95742544627426,14.626750832041843,11.611392158039658,0.9051352310136017,79.78211661668924,822.0137525720866,0.05,53.13292171216168,251.69247698316158,1
28.14483071259502,9.580176298817175,164.28730633548048,31.368101587882347,7.750501891076622,15.69729939492985,0.6280510164097282,58.895961350938364,852.8186632036285,0.09530318643879862,38.60312017164266,991.4825808034836,0
41.48117737492544,3.4316853256801387,131.63533075189156,17.843554549553463,9.283768050218725,27.868502461181258,0.9588682401854552,90.0,331.60765757122886,0.1831784970929579,42.073883150259256,303.94264388334454,2
34.32714557279507,5.8159090549002554,144.65858923233822,37.48028840575695,14.233942561988004,24.057987538214288,0.7756433143906574,84.81186954304017,480.0418576486203,0.1059946196178724,40.17861180005514,1220.9488973814723,1
14.633417364737554,1.081997816209179,145.29781703183704,48.13501178980863,10.439764616035776,25.351664545013417,0.7650412877269632,68.55484128502987,447.3611950741562,0.10307450271129603,35.70744728118321,928.1354724254644,0
37.21179867288521,22.449592598849595,139.24036145688387,39.251777832719426,22.003075473896963,19.726174510895667,0.8314924002637564,75.31547230120698,954.0346021905605,0.12664022078699935,48.37557806831537,1137.8102308567493,1
18.06928315320138,5.097975562705759,115.7957568735662,0.0,12.841051705893776,12.119003539974353,0.569531467386716,69.4265180016823,543.4080885215567,0.11071783370210508,25.202252638247042,329.9263793160485,0
45.53764376957106,11.667878518400542,136.44756569220064,45.440745857917605,15.38369947042618,34.88116936569336,0.6384003207285255,77.99235023892012,575.4275637315395,0.18185445052886384,43.94571889620802,543.9399964990694,1
41.265087238251276,17.74967755669654,177.78398611730748,46.1779898573089,0.0,13.0220654553234,0.762816709273974,75.61350863488362,701.3314533179723,0.19522023921476792,48.55465978361748,1087.6650088765068,1
33.18874023510241,26.624729751072685,142.3771102587765,31.385333675284237,20.489072448543396,24.190389497058202,0.5682445565504746,77.2863355598492,451.26411057582766,0.1544157665222197,35.20282908191411,734.6832329541858,1
31.729561277798126,15.775953359170769,147.9349273907816,46.86034010304227,6.769437656930909,18.878953468462498,0.9770398850815614,64.71678449478294,776.1089558681409,0.20273131855135057,43.344873134168004,985.2781178154112,2
27.70064518369838,6.373864436521938,152.81051293707148,42.535584972720514,2.616117759329576,25.629931670346558,0.7523766242926201,70.18456493994407,273.92195945813774,0.08067827499006029,40.371444084322725,678.8417912540937,0
37.463763465400305,12.800725275234505,180.0,26.77391849261565,26.815674082013146,13.945130147830636,0.5011239476368005,86.46057912900177,464.50206461519895,0.15379438538059612,31.201273909906718,1041.096403098235,1
25.921440135917322,25.983418534231582,150.17749542833923,50.25561339461221,18.278593701893325,30.526771608870497,0.6970136246664136,69.66208641002432,739.7632376040773,0.217397674292289,41.29395217972179,998.1388124980197,1
32.59126857703883,5.057560514001363,171.87890707167023,19.790276922726633,20.793861470025977,33.78277915835937,0.8422645642828196,48.56505465150856,451.6727534465762,0.19884279017878614,25.98925557000397,519.3079520163102,1
39.59127803171396,2.253412848673439,138.03639655897607,34.313063947532775,16.09046564616586,29.913230824963712,0.7218601002273849,73.49369614818004,959.8226207274063,0.22181470400916198,50.05393209298459,1334.3523350280323,1
23.820128021218515,4.251903946185298,144.81201478995018,33.11597224673498,11.161642836866601,21.576253259736482,0.9079594950070516,90.0,709.2558877267285,0.12049771676972745,50.3799680427624,1125.3438625937122,1
23.22187986010236,12.202925179256885,150.2510544622057,25.09474217373463,9.48356392749363,15.64874753896316,0.9462879968927803,83.48877662781614,926.4140265123266,0.195859491220943,47.56455001349125,195.50935533316476,1
16.86197971203095,6.505308700189748,134.5173411630123,38.64552641178758,19.01199166911003,48.22111783859559,1.3483740607096852,69.1585419405621,771.5833301706191,0.12866119310991742,38.58519307076402,152.785576554593,2
18.290799792612106,8.233868364987988,145.92564438794085,50.72442679487669,22.19267138014464,10.083754552380315,1.0731417242993595,74.49398222895415,697.6140460115311,0.17975764519370743,45.06750229541671,1102.5720792589427,1
9.887651574143476,13.681759609211458,167.7610187162654,49.972902462336656,11.386346268667387,28.812295517201328,0.4599985242400656,81.79859369992965,500.68756900913525,0.2155438410991039,33.825195645956256,984.8443739420385,0
38.02811667917082,4.169349622094561,133.99270877816232,43.683970576902986,30.652885782307212,23.32784888076624,0.7407488533002915,57.43748222089861,885.8292496598383,0.11029661897045336,38.765102194362655,1394.238447311193,2
49.89805996291048,7.927093731473881,150.00178061927278,14.648929917436455,10.224133052602715,19.374625578212786,0.7613389156614474,66.4394100506935,788.2509318010585,0.057211820969275254,44.23085393468218,1045.6565252594223,1
45.67861837817336,5.7335845951264055,164.17467103311864,18.96857238947457,0.0,21.851629397340147,0.9465156029334205,78.98346875329746,1116.9295805111155,0.2423782674270863,48.56821097508951,391.46932687884623,2
12.113070625108318,25.299922712622568,133.51067902374513,36.99402943710522,0.0,14.897846966386977,0.6146110644456234,90.0,865.6800735842392,0.17440636094361722,40.59545661439638,158.85770750571967,0
37.9734013871182,15.438953542333548,171.9082758522991,34.5891795069975,0.0,24.27055543245248,0.7031245238763655,70.60676818325912,620.5194047428964,0.14464602207190375,38.957551065400274,845.3695341183527,1
45.64316984915912,6.54122198252205,151.45766959422645,29.023042070020217,8.275693866847547,23.168244859600676,0.5462293872999491,90.0,757.884314570213,0.14189963774247805,48.3265899209233,794.8154004588811,1
24.975090211874694,6.251675479993022,146.6975487332142,57.863878369457986,9.911837809984952,46.77653222925173,0.6875015408318681,67.45676404666398,784.4275954715384,0.05,34.08249638234476,1412.330951282642,1
31.115921737150543,27.202035792550213,109.8370438839957,36.2703218380537,18.143396739119027,30.70822215083761,0.6957075796045429,41.14487338249306,932.5916592468998,0.1604365601146858,48.852544642213005,1091.7194977758752,1
7.913176441148625,25.75399170029367,142.52775115973054,41.50895289428982,11.742527682716059,25.158827721264075,0.7511387211715939,82.43810840249921,964.3739920719017,0.12347173691420146,34.00244677324641,1360.0719986981003,0
32.934097847743054,12.145687199485792,157.43184832290606,46.85472657138135,19.590339311707663,25.75558933309626,0.5589671978776534,80.4039894301076,667.6049403479169,0.15262374245286445,41.06470582379037,1159.1933277872376,1
18.300842976218107,8.526852519595012,180.0,35.659501396069516,12.404035493605445,38.39537655495745,1.0360456626681964,82.36184283467915,456.8957843051559,0.15151464453174782,39.22601291138072,1024.8691318105011,2
32.19598519702666,2.8398482795476014,161.35778308223226,66.09274601494843,12.121692835141795,10.29573435259728,0.9238870498233447,81.97104872073335,329.2322761843628,0.05,51.94674992341999,888.3849081943823,2
12.826767855922316,4.285153849406127,172.52432463556698,23.71553237077156,6.802366133923976,18.172672562382296,0.5012574500028208,76.9175005442809,472.09010805619505,0.17449825286274087,23.761519208561353,912.0496746317272,0
35.97144046925355,2.6347766837212787,125.81790852756123,27.727140921270532,24.80329614358032,0.9286117232127253,0.8257140466168341,72.4118481683672,581.6447108455549,0.15944847482826316,44.993891302844645,810.4396810407633,1
41.269639429693584,18.231971681692887,147.4635500869409,23.68609138060992,0.0,25.587738421619015,0.47564392645663917,72.79311622669775,1000.8670738980816,0.16616350028926705,36.149673725250274,1274.5573996281244,1
21.385021521133154,2.8829037231388326,174.41492884657728,53.75189943712764,14.711792616424937,28.481737505443,1.115296259725859,70.39598598329042,1003.901097771572,0.1408290136228223,56.17874516496206,428.48473236574534,1
17.493851604485222,6.187402092758726,132.24532899200153,44.625030490623764,10.365145844256897,10.04399947765166,1.175103842094458,70.99609236393047,892.0320108309855,0.15244616858242785,41.1885997549785,1381.2671144944702,1
6.283746531950207,1.3491599737592672,169.30445257946207,28.470177047376886,19.035791377540505,34.350800180007035,0.80773779534452,56.88965242740909,946.0797747623953,0.15864042079548588,30.30776860540801,883.2901124680205,0
27.069451125173053,2.028788420674276,164.66635729200667,24.63348350054263,11.812535389597357,12.811200073752138,0.632418063181973,62.85692053067306,558.5214528734309,0.1637131541944223,28.573982599421804,712.4051240213109,0
23.602466722902342,14.121216984795634,155.4944729689964,51.61868600723125,12.077793350543086,16.57531890983437,0.6738607479289731,73.36578701874078,396.9368455896823,0.17377931008105257,32.56557054556081,395.43723943621995,0
12.938786464171397,10.84664240510251,143.4259474972805,39.34025258406631,9.600243399212598,21.19565915620032,0.7201767418993229,52.59133019322334,498.69429072771726,0.16413813628765128,20.779614555718823,486.488332454894,0
34.98320631943389,8.761115894661714,130.2740969085513,51.92501562339606,24.539307637187978,35.94196362759815,0.796498008096588,54.921601769806465,293.0362864812401,0.2424864413949478,36.45080860853688,917.8164020824651,2
25.05032579948886,6.280198925155935,180.0,34.27820779062132,12.02165296554261,11.418021819191015,1.121503322429392,71.6571782653827,477.2089496529018,0.11369925105892573,36.31784434330123,312.4140447036518,1
18.166904454902443,1.7623096428159937,162.6372503544806,41.138423869203194,29.726860904521253,22.91247125365683,1.0302323982679942,73.71669083694987,598.8106047249167,0.13125226974511553,37.362522287379946,104.63446500578794,1
23.899703537955084,5.616933009949177,156.812322493509,38.60273186292803,14.450223734647823,27.74837754792423,1.033620990821501,71.86644649968845,733.3407365484592,0.2346478215376424,38.23013058899609,462.9161096858828,0
41.78434992822577,7.563228813260702,141.74300503595498,27.510663987511172,12.195838567175944,25.684701636794856,0.8575272195480266,51.20092668646916,727.0914501970165,0.1422698701667353,40.21184127803599,525.7460139273662,1
36.632306381307444,13.45846785664908,150.75743259179956,33.27027009429189,10.692057361310058,26.054010330667037,0.5662054207328223,90.0,562.0726744982602,0.19658189292246792,39.48529387474203,1417.840852001914,1
28.569713323516613,17.555398848533656,153.29434539940067,20.788359868419864,17.078222097166606,27.61500222173941,0.6505875238810417,60.637693321219956,813.7895876834846,0.1567752435881267,32.7316471708627,914.5538810823052,0
36.81015520311338,14.431045352491099,157.99751369467145,40.92928188472692,6.704459643835145,14.452772753948784,0.8333586778935347,66.81838929524838,565.9120631190964,0.13860940818051584,38.97328405914659,668.0711556401685,1
17.22996847974587,10.799498335587064,164.68680576943868,44.13498495616231,13.31168159135133,36.87779786830325,0.5557579786942997,62.382320152004795,702.0089401281143,0.19931241116310605,31.26751216571689,1476.200022582901,2
30.356071107997337,8.660107430972108,134.35056948289818,46.881934401263834,12.073233126970365,18.88850601827573,0.8868762491214635,87.9903086304951,478.003551577376,0.1759211278697023,43.236324217041236,614.3662184112857,2
31.620545635351178,10.03562380916335,120.66806069025992,42.99853871805207,14.927229293386707,17.561517970175952,0.9971271747102766,79.21420122040496,917.7334624088764,0.0732995081242579,53.19359369935414,1441.3945235722385,2
24.831798406514004,5.310327058064011,151.68561702546995,33.4614783619637,15.150272936355794,33.47625501313754,0.9399759862308315,70.2675687885147,704.1669250871715,0.15867465842264988,39.305326220842254,1418.051998845516,1
34.7900416955316,9.228602348937102,115.05565325350477,53.62364774092382,15.617953921655218,13.694331331230298,0.931141684042033,69.56344104065262,835.7650031934786,0.1002469162813119,42.91977550178441,1065.8551438547256,2
21.415231998911036,7.52952538192324,143.52678010012724,45.70770185275454,12.854142715559629,23.20278190699021,0.40941781700959184,76.79593234077784,456.7613225760475,0.21355763006265213,39.93590034848204,835.3284956242686,0
35.608027785537296,34.49722148326454,139.81620339776475,51.66255561988526,26.120491431144366,12.77165376004763,1.113338275267641,62.534456987757956,734.8848342430167,0.23767950207570604,50.097897746807845,1250.4429139304084,2
36.07044648684421,10.22337044312783,159.83496384403338,52.41544045364421,15.803119345642354,45.19235815445017,0.4751752273929568,78.8073940214626,814.4667449377719,0.243698609999548,39.378705452589664,553.4743872095235,2
0.0,0.9741742396916655,180.0,33.49280413631731,35.45387659523395,43.086545167267886,0.7863951729539188,69.51355162598331,291.22653756626164,0.16787567627490108,23.821938675095073,615.0019428230337,2
43.09336273861129,6.012511187032202,111.10818752192878,39.654553482718846,12.448662677092853,18.89759018563454,0.9560795796329362,80.19639181946734,933.6194003206701,0.12692161758227882,65.03445439864362,389.6383298047034,2
0.0,6.897454851268856,180.0,44.29478220196973,20.630219632096573,25.198571735005324,0.8988914557166611,79.85722511486652,450.11508317775247,0.16608791729127237,40.08918055115247,457.5617540657544,1
23.22346071888262,15.798370483141191,145.33849681761947,21.210298549586902,5.465557124627873,20.051998050473806,0.5388760080498884,69.06388381640504,742.1800430913661,0.10301377316596275,32.88845585249452,291.0405248832277,0
41.27882837683531,11.188267795813228,156.9561736434516,21.476321931454404,24.607103297801732,16.514005115916014,0.5783683629611869,54.472884808111644,1057.5405836159894,0.2672749400221145,34.96168355955807,1290.9533751263293,1
26.50984602222315,10.78378727219616,121.70335684752567,19.408260248059076,5.661444569029774,21.19631499105866,0.8831557569294919,72.5317476155714,890.9806024671362,0.20971785154066597,39.14632391729227,101.74739057365252,0
13.871954192835037,20.82942616418562,169.93743140452642,33.70279893776132,16.102902161604856,19.593985647775405,0.9323859030292879,60.50526950610845,402.0124160991481,0.16522631755460057,23.38255620487251,694.2661530279156,1
17.968892321116623,25.8329158045155,150.82945072703447,31.000195289460827,9.620155185922863,4.793325925680358,0.5764151541851779,75.78634685893371,664.3929794838791,0.19985245977582847,33.59612136285506,609.9045378193041,0
41.29596320952682,14.106712981328473,148.77065177623427,17.771952460457136,16.068070174051943,22.630233215655903,0.9063703805722948,72.43428133120013,946.685951346543,0.12541379375693185,50.03856323003302,642.7441849127545,2
8.86345016396498,6.391740417867384,111.25229770194093,36.79229873238413,9.88683386815659,19.57707127487356,0.48663983446730585,69.12005120120119,536.6449968346645,0.09460209543987726,29.28314827486227,1281.2664932367752,0
42.41890211058219,6.547510386425883,151.47593627694854,33.85257299940089,4.896723954709056,23.122004566335367,0.9573656366068337,62.04437719490542,628.0240515776434,0.05,46.998149886469804,1249.486749806165,2
29.393876910534818,19.064275509318474,166.91656647633147,49.18688204092392,9.555669391819938,19.224822222355183,0.6255547992112533,86.86789179032229,622.4235227251069,0.15415283806998173,40.262889142233945,1028.7558124486493,0
16.883651365133233,6.531576781298888,145.27442729033623,59.155748949589494,25.874221117274814,16.39660636521454,0.837712960742005,70.46317705071806,814.0077851444908,0.13959227881250874,47.642382335763386,1064.7531367237325,0
23.5857342046704,8.220700270506544,173.483986912883,40.47740408497079,16.20548641654633,28.749100602756986,0.8007725076949888,90.0,392.6017143338518,0.17596446405465782,43.3813734734691,1224.9463434382294,1
18.810532247881945,5.907753036589352,172.65790343782726,26.64043374360518,0.40034973108781813,25.33134403708407,1.075344612140479,75.34929609456509,825.2220435115074,0.1506536350222476,29.9466813328676,639.0629630848593,1
39.528477209443814,3.3766455582330046,137.17809234518305,42.760692528164824,21.85844431116054,33.96047299935688,0.8732686063140742,78.51589361684806,575.4401642187612,0.17369426306210106,46.065098928593905,730.7492131613666,1
38.05670590739122,32.75937034701849,180.0,35.111635079845676,3.9763723770544885,24.947297644723307,0.6881975919790865,75.39212194380364,697.7325990570206,0.1905541700247719,51.60769709235973,442.6246531758857,1
11.089227527363487,8.263404667671463,150.90589928650164,32.11849695462202,18.69023359252337,18.023934481848663,0.8991103952197183,78.41571729850175,655.0257425818262,0.07699094481582845,37.512195846942774,433.274324167618,1
25.560486696287327,22.831772668559132,150.99490501575661,24.660786545842257,16.978486328363154,26.167685261844355,1.2913309126286152,85.9268733306148,819.9533681613974,0.19344498550116573,27.777614768071672,1408.4649673730917,1
20.504957714212953,6.602676952502953,151.97962445205462,29.429359529335915,17.54679419626219,0.19386840761028878,0.9828270426831036,86.04226330745443,695.7919691682603,0.12967098733212462,44.27210856751146,1164.908565199134,1
44.22860965305307,5.0955223943205965,151.38631501882253,32.86650786471407,28.67870249551362,41.03679888730786,0.806983256978587,57.33392287843978,988.0868884579227,0.17587894270295273,32.92039539562374,734.1838764232851,2
15.14890970060937,13.282461542800082,97.39733286682983,44.649156705985384,4.542231675881862,22.743801437775673,0.6366051463056452,83.55497399613691,897.885812442883,0.20111134124139293,37.617394110221106,154.59139450454776,0
47.64652015153516,17.504327201669888,146.2898720362056,41.1323069648944,17.49715298298146,41.84455894125754,0.6843718698663025,79.97139418589664,540.9354605110802,0.20145471205104842,34.88149560215832,1139.921264422836,2
29.633757865313687,18.274600363520406,122.72107056675091,56.906913715141954,23.336297511891477,11.306549403193678,0.9695984427597506,75.35892199253855,973.0595532324223,0.1564576408163774,59.83204595435659,1427.9221366555055,1
17.218721529819035,7.4847228427871135,180.0,43.092056886157664,6.209924685376155,8.823546173859357,0.6251234340892318,90.0,763.8812510258219,0.15892379133369058,46.73567046687027,1397.43428455092,0
22.549983975897945,14.262502613195288,180.0,40.09153909474833,5.28821777536505,23.658332926643148,0.8205915274374097,90.0,733.976669265679,0.1945956116011896,46.76527232687323,1099.8274845975716,0
21.182192751547042,5.571325891981562,167.03876664911175,31.32523561432911,9.415312151048091,23.62534742766659,1.1362761607146705,84.0459626988913,869.6418104154493,0.07494119197941666,50.537193373976805,1006.8334455703891,1
15.979197577829433,9.140579780070915,145.23065125322222,22.55044421783947,14.922597322398609,23.382447744369443,0.8530863264652039,69.56466012271403,491.7702769890657,0.10242104725264968,29.2826344485137,269.1760187007237,0
31.04309545703413,6.930509766612855,129.83970126792602,28.161278697762278,0.0,21.858262032504808,0.582591005914565,63.07516869041068,424.11234559896405,0.13603716359890405,29.582520964985545,219.92827367526155,1
16.492928942389725,6.1219697092798775,136.8483799744879,26.60193604685687,16.96261791772484,13.71882839073611,1.2991265275879742,82.54400132166803,704.9882933693037,0.08336029611829442,48.623655946561904,471.2841631095339,1
6.015971703879924,9.426233878716333,180.0,4.269118184818328,0.0,5.146442059214786,1.2077386255481,88.59533558550767,578.7396325907592,0.13641416179807106,36.57665827581236,889.2402110321764,1
25.823558820670097,3.29434096181736,136.1560522696008,22.896418609109944,23.639977432267017,22.83150556650686,0.9302588428434003,54.71342238453426,1114.743714314664,0.13368255264323753,44.75525971897741,1378.4994702664783,1
10.168581839403291,16.53792557873862,102.88809291227872,54.22651713639168,16.623901452811108,7.1740799970161895,1.1006661904945991,85.86294730399865,547.1354371570372,0.15435532932805862,41.15493442546973,1319.5353910650342,1
21.726230451257276,6.1422578299462565,170.60331016970787,39.42320255550792,29.218258849220437,6.229937022612731,0.7612644701504526,72.45134462647987,708.0494695792867,0.1471558285446512,39.48921634030694,528.487784481279,0
19.999868225363088,16.006596050770405,180.0,30.481713735858843,18.019053845483683,16.19368201531763,0.979379985086399,56.90997165585573,738.3928945914959,0.20346742647037178,33.962644225340526,612.738908267634,1
20.416623207716043,3.9618961342519987,180.0,39.78175786568025,9.25715593991107,24.306589853283832,0.7268212428602345,79.6939615522997,946.2548319226407,0.17865023472465558,51.14284320141669,534.4816054530231,0
52.01059411749169,6.12487405653757,170.76696008498658,11.559145691247508,4.811905783041028,39.87759237256293,0.52180869340991,84.09386653473861,501.0877955910926,0.14644843622811687,26.18374415125563,842.2397973663753,2
30.62052723886528,3.2839905089987265,174.0303935446956,38.38517259754909,14.150019522700761,29.792593032537937,1.3902229743849488,71.48651342532564,377.5869202062938,0.13333688224077334,36.28341946856319,1232.495165805305,2
32.69908109894865,3.169856731875242,151.05868148107083,50.329907157769796,11.727744703699127,34.33217587129081,0.5105616253428731,64.4264536839686,978.8869614339364,0.14762209450447594,41.37768847605892,1196.3648214469804,1
10.45961874023476,4.440325412680745,108.47408753016674,33.54660863492744,22.67525131389549,26.536616875430717,0.8854627888327395,90.0,716.1037768282678,0.14850694785456786,33.10296556095999,1340.829120923008,1
22.80640552999386,4.016796031052482,150.55762083000027,13.736125685017178,3.6424306528063557,23.66853718943732,0.8828928707391976,68.31363013686098,861.9485045267095,0.27593781454425925,43.63186426396579,830.407928855078,1
32.36832892935663,3.3097799311708993,162.43145544838833,30.032713582679634,30.18811800414881,45.057903148560925,0.933521228521694,86.59472317418367,871.3394474009342,0.07712363936244042,44.562461663671606,1021.4171503038689,2
18.73018195795693,8.67916368275795,147.294598868675,50.35114393979744,23.472992475434943,6.771443861076074,0.8002694614377935,59.86949674812644,906.0017151531358,0.10368624784508387,36.61240072667862,1435.4673920159096,0
39.98869127869784,13.101044861559426,146.3832776252077,38.10355588277203,10.168287327685702,15.86769683605755,0.8025650344898164,79.16005047653753,624.4273063309942,0.09635370326525028,47.98126414647939,1045.773875032054,1
16.770337555088666,13.583574327381225,130.71763921963355,17.980278862477206,28.180388078738577,16.648202304175882,0.8504505813458718,78.87507157658493,570.2129687260799,0.16346358419134652,31.87407646795052,333.88453377071164,0
26.849972505483066,1.6194643036613956,129.9652251345595,63.41155015020645,4.951847144484546,28.935570213583215,0.9255710658949726,83.73416006508907,300.7485928105257,0.16148366733161013,43.20718947551083,557.5951659212831,1
23.553431960268853,6.895793197073567,180.0,19.954297805058406,13.850308109237055,10.212232423139122,0.8196004004853493,89.92983393234076,501.019712838587,0.12134641032530068,37.8988675594315,205.97226441321487,0
31.807527253201076,6.364657905073088,180.0,32.08490502064142,0.5117605358731137,27.63429607576601,0.8049605479185229,66.863702883646,712.4302183536734,0.19480588335604715,34.63553527545163,254.69498093673212,1
22.954609209590316,21.077941057079776,149.94705737507792,22.551367992173557,28.61912330671269,25.796498317694024,0.5293558125533374,80.2077477188511,559.7207512601433,0.16848284322231252,24.397373442270208,788.5688611139075,0
27.02017010221969,7.106622601951871,155.63047210185854,22.567975821036786,0.0,28.133474349467967,1.263010143333423,61.33432615191499,471.8198275637871,0.19690501573359523,33.541720481601445,1133.9977297924602,1
27.40256899044216,8.14000551592535,130.38283885925964,29.574186611178124,0.0,27.952230468450978,0.9378538128465206,61.220850495273766,710.0843119107641,0.21017271764554582,40.3116590194779,364.51964869074794,1
21.921734668695688,2.307324811598056,162.8514969987891,42.633801918152926,6.287582036449168,35.38319636632596,0.8659594874869141,69.216654184392,968.5884086723446,0.05,43.82959219350236,548.0215516068429,1
35.33603255346824,4.339651820608255,180.0,50.48637734263522,23.90091307208545,19.507905370626247,0.6826171952452857,79.09327272606195,688.796832166864,0.18428083370106316,43.092948172239645,571.171703086168,1
32.62227212321168,2.165612170713395,119.41538440110614,30.365981935610485,20.593603974709968,25.301579094915613,0.5992048775730341,90.0,473.4360818283834,0.08549697638015459,37.541250911448586,1276.1717399400252,1
29.02524660221516,9.101676421145449,159.27766599404788,22.87827734978091,13.09845565406196,12.634507144370918,1.009197018570458,90.0,954.484942782753,0.16247063123173155,48.57607440700631,357.6498926786705,1
25.26495833191846,21.52589694604432,160.7804448529008,40.7436717999177,21.170335900505656,10.352049897324324,0.7848302752814017,71.45108670924412,545.1765102279159,0.14635519974363012,36.27728735441323,147.65320077939123,0
38.761984335719966,4.471374928415667,160.55213029778514,41.09556294715025,10.961276477599657,37.64828784603602,0.9566342086060369,78.0553445859283,995.8743445796288,0.14848931243109775,59.631891392305405,973.3779904864994,2
27.405823318044007,7.151333481871962,180.0,37.88451602664141,15.801859013411967,11.878812126429246,0.5225269705857469,84.43005465290493,647.3732805593147,0.08976893331588817,43.354552357618324,837.5921778775012,0
26.626329833914692,4.039074045778449,180.0,38.30887775488079,26.865534680905043,26.41312076952888,1.160308065674859,82.65382688475627,720.6260215161133,0.2015243268193383,40.96403860007962,103.79338489613126,1
31.151590328769387,5.211637832216556,145.33032644254675,33.649202643875824,9.78043014116208,25.310427995074825,1.0183030357900762,73.30543256427187,1012.1786151197621,0.0854752511319579,41.72849660203489,1170.569022869022,2
48.662453512679356,9.24418368138541,163.46347344312716,36.177810254670575,5.102646413054645,31.749808943372717,0.8021662075917786,75.7610503795522,429.70051700849586,0.18752668056862984,33.414596389482774,693.4083844617952,1
15.256081711766758,28.40177856527379,151.6846741145212,32.82018645651715,16.233345428942915,3.4179935140092184,0.9228775920530395,73.89819078304512,489.97894564575574,0.07840548056643896,36.54409405993102,866.9503764279373,1
38.468425823608904,20.822121458429706,137.35769414120608,47.84292472444547,18.662468767423956,28.91206992546182,0.9830209590976594,72.91626053824196,634.6904076806937,0.14910719752463067,48.37972860901186,1039.1385773253116,1
9.175117226380845,24.960733988316825,155.4162831376203,61.741514008470524,12.994029634307507,19.419679935848034,0.5258642789088166,71.58589573173919,672.0064193309557,0.24021956357860805,34.88834811108704,171.8835015245966,0
32.39000474051486,16.104374975894057,163.42999057000495,37.15583782048631,21.03043182335429,14.000908815375963,1.1891219161053423,73.80341509988308,1228.4139560901808,0.2680815274153045,52.39049684211529,341.5615498879501,2
47.32591110369604,7.077525777279904,154.3385737083397,34.92113302434367,10.188667773898391,17.49182488239609,0.9263174195782526,70.94185918425141,522.3877356009215,0.06906405710153588,48.140267816055996,748.3986634456328,2
35.375353769140375,6.337295159742489,132.37637581027764,38.070336388280815,13.147914086251427,30.367707870410037,0.6650974967428052,63.645823395986596,439.15050106885974,0.11477308819083376,27.79156309957753,340.66073774715153,1
31.87687586393772,4.4947244371102295,140.72878720288645,27.104938388200498,15.371173943072488,27.31240517325073,0.5787498355337964,83.62580283047687,512.8330201730072,0.1238669346878016,42.200829741581344,263.2156607522851,1
23.835055843166167,6.989653795737663,140.88185159650686,44.17974045325784,14.586249342337002,18.720765419944993,1.0371615031044903,80.16257733911738,746.4266092028024,0.2627526791760467,46.776482963751576,554.9499053997636,1
30.341519205374098,21.72959892026439,133.15112090138592,40.29411690897354,26.519444663599643,8.608925359307202,0.8664550233899411,90.0,798.4071527065418,0.14658366839077266,53.13830642758988,697.3259863996041,1
27.22730903056308,21.5656217738537,156.27079163211337,29.954357503487714,15.32600625000299,9.314554030883603,0.9261721986450605,78.69518020269301,558.5825817243802,0.2037332043112069,40.48908893489852,1289.8193707182863,1
21.35425731275509,35.363828770872004,158.36224192586155,45.82480182850974,9.264880785707842,27.530301599246616,0.8258662020023815,70.83039851294059,704.207228696026,0.16498535670829106,41.60064431559245,932.9129968949067,0
26.81136822977643,9.757985776312566,169.59035201774392,35.22787722014465,16.751835313419104,7.222575743456062,0.5993963883812686,68.73564619972954,1089.040467809849,0.09003937484999397,53.46262796363416,1401.155751273422,0
32.182192766890836,2.8370684679210156,132.84755303678736,23.359320338307494,21.079657562431137,18.818455117556915,0.9318959137841857,75.4736606734953,707.0336963721592,0.0570098948474175,38.817237616315,740.0751808373973,2
21.560612246162957,12.499847103006125,138.45042627542415,39.21925334507552,18.96811897366916,46.81072127379903,0.7765422693868995,80.52875163375596,764.198004650534,0.11934541252401493,32.29526182295792,761.3849023590049,1
21.130899972468477,28.603104317293067,180.0,37.84391004079192,18.46926814046681,24.59560838370096,0.8152279521715092,72.55289395809822,1077.7976427247233,0.26584366108850443,40.19084314781734,536.0290094859081,0
15.037322186486081,23.639863981435415,146.7100827185416,46.5250177533275,0.0,27.422492039950043,1.342940595255227,60.29742531462687,560.3948570302316,0.16288066300246654,28.46698564803408,214.18571525629702,1
34.29797528697786,5.768116327551814,150.60262058503267,44.97856340089818,0.0,9.389647281336714,1.011195210308236,67.60989687441887,547.3182562845487,0.20271869798678677,44.341587308306565,340.81121575248034,2
35.998555881637664,3.098980842740014,146.497925572087,33.68928403245486,23.477380847585614,7.726983438275557,1.0238882801467435,75.18025015811887,606.063579930501,0.07908787191534407,42.83785587019597,194.79118236508128,2
32.54826488660169,3.017981612819006,172.66061637443286,29.334956763037635,15.949717015855189,27.95822037038051,1.4185150880362627,82.40283659819434,594.4178964783863,0.13373890422102935,35.82911561532521,1084.8287912400292,2
40.616875420015326,4.7446478457113805,173.43617361430057,35.02092500069359,11.80580325046257,17.176480111051422,0.9046062518796262,60.1417623828831,335.79737753101506,0.18894219618166272,46.651669237982176,588.601000537397,2
30.966544007888004,5.369552352613548,172.26416201177696,39.35970655602387,18.248817250021393,31.73621481563674,0.8463356580188488,77.6508345062167,727.5988285992084,0.09544165207565009,42.528898428939804,144.12402745310612,1
34.31212031102332,6.668173354341953,150.53135222715096,40.80505253318059,29.34578942099322,21.431332376245187,0.6705743831339268,77.21119530257688,743.3882604502518,0.14680163043335867,42.0629472707596,1153.078851268743,1
33.34221168201319,13.68358041250027,132.55128045021996,38.616946497633414,24.721780492617693,55.56362785550131,0.7204385911899838,70.48423504706014,662.8282900336077,0.10601169415359912,36.12737378194573,456.7783217273651,2
28.993059786399712,6.487664613088095,180.0,33.91085667833877,20.65998515521762,15.276801846866515,0.3696371713593935,69.13077780748893,749.4941685668006,0.19132171919602853,35.657511249959434,1350.9299578570428,0
24.160959890573878,8.834234902405582,167.12617953911035,46.96180424027868,4.019469304506209,23.89131529189429,0.9938931345374464,67.63676258622047,751.6217680099899,0.16992582728969496,51.98818167404481,1252.3168903126561,1
54.35567877371102,2.013507043702996,140.8668203721522,26.908377270880678,5.188882773271114,12.058543374125303,0.5412773805917119,76.40806303365332,436.7696061143413,0.18416927093672336,40.91780982226149,525.2631264251625,1
25.028539221611407,4.499692597907369,178.47637693888822,64.75284142585787,0.0,31.3208001065243,1.018601916030266,86.2681866274778,757.727989423346,0.19355375179003015,51.924662633231314,430.00325551849045,1
22.6753451776752,4.322942545730452,139.2878216948181,44.15684456184511,17.70162126496428,25.405123938742857,0.8105342762686737,86.9778448949097,811.7024157463471,0.13861625983972167,40.737923958106975,1490.3121336159052,0
34.774108057951175,1.6731116636916195,178.21406806377314,21.470175161959876,21.977644777150495,11.388101465856726,0.8481729172481605,63.760196527815246,380.57970705988396,0.20016158609586304,39.681815035111,1247.5046171010415,1
32.77039856824506,6.358553881358768,179.56569178768984,37.22275197123699,22.711602415723608,17.827151058865724,0.8106790553682321,73.13021819331095,992.6232044737587,0.12050759249044689,43.365817839700576,1397.2746005941572,1
14.547292976286398,2.0287739485823586,131.57034456637888,44.27220221638558,18.078874241490983,34.71834773500527,1.1249363743542524,53.064901976820494,452.8407394190288,0.18128600507179843,25.30766511006756,123.8519474839278,1
42.34946080020113,6.003414399864683,161.6351660604192,30.807570733763484,10.613398275954175,33.51709105372455,1.0860773191860142,76.09184311021171,472.3523763822185,0.051452335995193235,42.917414283157335,937.6622615029061,2
28.963859671140835,9.352673303666737,165.6438140792266,17.058271429079518,6.921502842808706,6.8560436073435405,0.8136438907559831,80.9764792013114,740.3910623720988,0.11268219053553943,50.70811212717403,473.2990322955737,0
17.779757952627072,21.975704380263196,180.0,22.531232700813256,4.571716835183115,16.340303562677942,0.6222191031890748,90.0,806.9397581566602,0.26579016017908136,42.07616328650098,624.6223784422189,0
43.076625257892616,4.133738490139878,135.15397764732285,41.505115332146616,10.529176357513208,39.21396756296967,1.0232556031730486,57.13542612675509,855.5342609191463,0.18054939683652438,45.10348118225618,227.50557637318465,2
36.882431287557694,9.159755366288351,178.65086553987658,13.944602329179542,3.199563714931962,19.32822199305277,0.6055935062886424,64.11940078019376,812.1984670416962,0.1805673443264818,29.98296009040925,1147.7118486127501,1
16.090038088572946,5.0276033704988,150.34692036067108,17.60786513784773,27.803586585077284,22.83422514549259,0.47793051595400443,76.44136801875628,596.0593971286013,0.10880520342836544,34.08549349361577,835.901667092885,0
49.549011242834965,1.9140196742465205,125.17271632838862,41.44201696320711,0.2786560224095922,31.26931916660077,0.9296369710673,58.81611633525376,721.712258697203,0.0952894772008325,45.617393713222626,1208.83221208346,2
37.24677105202812,22.145307975277618,147.60025660331425,32.32940939783805,10.226520507996993,7.67838293701578,1.0880677827967098,76.72212150851304,636.6659253307178,0.13678199178804518,46.137347718394075,263.08072204441356,2
29.887842728124493,9.67059369042871,150.04929522199413,26.65063532474244,0.0,11.60302502570602,0.7308812630853472,81.23002545070466,734.8518073849303,0.14664357576861548,45.25115770496504,1496.1823844544888,0
47.49240686183957,12.049860256945532,128.82219613769422,29.0632142321296,14.668993751682585,17.76300916783359,0.9089938914116473,62.18712276046941,713.691331921204,0.24572335935567707,43.30460157549778,587.978664448485,2
31.752275622126046,24.565919926429768,156.2434723770306,17.350234245868165,11.978546612185829,33.0462361985525,0.728551761417706,76.32585370048471,599.0182780847792,0.20094697109714185,30.694068370329553,1432.020851876298,1
29.69108617385565,5.9795902180888625,169.15618510997163,40.813441165459345,8.788886817244144,31.197653482522973,0.97883853671088,62.877890649849476,630.5564167674083,0.15544639356318254,37.76035580724448,1047.0386934607427,1
22.73669872375812,2.699610993620656,154.76401308124025,25.321477339790654,3.604950605729515,28.197663671870977,1.0609065310106873,88.75425868938304,329.5591349394293,0.1532856401968297,34.727943950676774,252.36755495817218,1
36.400354832377865,4.081787490273766,139.16311821240248,28.570973784993548,12.022156520288547,19.60840051329231,0.7621696528139549,77.06646092460193,866.026003932116,0.1879070380377901,39.17684442800177,1194.7847468982222,1
35.24263264056378,2.4635726288632736,147.03055863186069,39.16142163904613,7.09985198987186,32.29569737679694,0.5939273053010435,68.59935971032968,759.5115013977169,0.08406020672458106,30.925032709977323,884.9287996246013,1
30.161481538786823,18.181307759567893,149.90913286413098,31.9204695745494,10.768188995699976,19.473547691616897,0.4994532674254613,62.61858619700013,238.6639701234747,0.053932504493309746,30.38739413615344,364.1843320721576,1
21.310150107456366,29.32945400013402,154.34643254962097,26.544160284387967,29.616870017261935,26.779680123724077,1.0236514551412546,78.89149693530248,858.6320537468589,0.1871694040443571,47.33109993214172,362.1314329548257,1
31.42922839582681,9.277682875016941,172.19661524480063,11.126738903312855,13.549594943033123,30.120389753946053,0.569955371824278,88.57935502102416,689.3944382887046,0.15360063319275624,30.532067777923558,1434.4166336318697,1
29.232213356616484,13.95416766682116,155.4387950677218,39.409110150413774,16.795804871766293,37.968200675106466,0.9018453330645206,67.28496090798141,512.6355767277233,0.08439418026261666,41.73596565524262,1497.9881712443898,2
15.331782493923788,16.571704423195964,121.9460674274058,35.94791561130082,7.819817018875545,20.436754154181735,0.9910295550573535,70.60355333928088,494.9149641269391,0.05,39.73980767917753,906.5620087650341,1
13.810064135433958,25.650808292275656,138.75357856022617,28.79135050779952,4.940080412927141,17.373897790535825,0.7097135867188804,67.4785929929181,562.3555662504699,0.19469333984197176,29.474193928270555,362.0147217731254,0
36.21668716690746,28.53573582496882,153.32042101793274,22.55121073439784,11.79338057896217,33.95075362788366,0.7834336129604097,90.0,513.6949332043592,0.12392224182323572,33.77014997130856,576.3622821583103,1
1.379228534431423,1.2672149615087194,172.4824896990823,35.1531497438423,34.53533404367002,34.718525786825126,1.03978955845149,55.9135953103242,540.5623999125461,0.1700130341753723,29.81466313933619,396.74149182862135,2
32.25951579657386,5.148566509364515,175.95692883073104,40.76566112630922,9.413150745954356,15.566255076096843,0.6421973667863528,87.85593222800225,1040.1268432712911,0.13681199868632146,58.56423220732866,950.4875085989618,1
24.741086364707932,8.507483505072255,180.0,36.173106575891644,15.252940230283402,9.94966268135735,0.6198634468924986,71.22801911552874,774.2251988765386,0.14828805134463496,38.86257211117638,660.3890732415753,0
44.39071267567901,4.632414791626054,152.6122879515861,54.656786245905835,4.544413364185139,33.19034466166112,0.7684339313340044,74.28384880133757,1107.2020635746944,0.1203874638108692,57.53787478053252,629.295323834031,1
24.571849699307368,6.803509589290084,165.26618351004987,43.457294031260346,0.0,4.582726264046254,1.101140785656802,71.59365350282822,745.1477231240401,0.1461744987814661,45.59888629761718,1221.985282907727,1
37.254326356770854,11.497748943366759,120.91076931194061,33.712602923911504,4.891518012615096,4.071985714583482,1.1743608408127924,77.39600881482147,815.8531440167662,0.17885366181962703,53.93921937998057,1448.9956148568788,2
25.633947746384294,11.274280067647027,158.59763146322965,43.859345073158764,33.426385746183854,18.3170488519129,0.7982677355030385,67.70201245060227,523.8589613864567,0.1362135739943888,37.69806573560853,375.8361356425169,1
31.25122968834758,16.204651200664895,128.49471797078277,35.583947340692944,17.358512652522894,21.024397157291546,0.6633332418301439,85.58383136587679,666.3943235108592,0.13335882196139962,29.59519945042894,680.1932998444217,1
38.105201840120564,8.652236368552712,148.74921608490502,35.54231305427185,26.768317809481065,9.400478337228007,1.0541052155023087,85.98997042794105,683.6639657723467,0.18037689457383294,48.24969140219188,851.1418773811334,2
24.91188712042962,0.5812826768504725,180.0,50.55636556773227,8.870499885612217,22.2186433837718,0.4527549720346954,65.16590960223256,824.0184890719498,0.18370899493986886,35.76540334024587,444.2216306863901,0
40.96210372948244,6.358575363259289,156.07108472380858,24.223305462313775,0.0,22.664700886364802,0.8744743879125798,81.67466965534038,690.1032838495626,0.09312548930609907,51.21478365206,662.6600826200296,1
19.069323351828686,10.699954730109054,132.7237356163934,35.2797157766595,2.0216189688379913,15.196121059457207,0.8103390095753749,71.4350613976688,770.2654983464224,0.14855455790744654,39.48161851994768,178.11545001778967,0
33.24052126814217,17.00163438530961,158.1557801191581,49.27652003179526,15.573222849397517,40.33464179167857,1.1046421255753638,75.51633490061427,763.1055754118124,0.12381185950832775,45.50915135974271,157.71000448532413,2
40.14903695066638,15.36076116504854,139.6584962682129,38.70788669809869,14.138524748428058,24.297612100073046,1.1269040787204427,90.0,639.4284654959548,0.15068589879790026,46.411041700434815,1200.9047827671404,2
37.260412409693686,7.781981432931026,130.78511773684897,30.57136417557466,11.906185830795938,31.284890365217848,0.6126437172515997,68.25965832051688,618.8617871151163,0.22169834441014752,42.349463562038714,574.7310428171155,1
51.080893644089514,4.868683306631213,180.0,14.526082815509966,7.22775888807313,5.437870113306772,0.8568891678044945,84.26549439829587,566.201373061012,0.16794836535065386,55.66964609560439,1090.394493885916,1
21.602167509582735,8.064226671198648,171.33624052533506,7.755836693675491,20.457441181229196,5.351581875494542,0.694467044706861,79.57125178952303,916.4607378057432,0.25821224544782106,35.691072547667204,216.07956949028787,0
14.829358235165532,1.5027805884654448,156.9107324999149,59.91417427712898,7.487879933991345,24.600626106489266,0.7554679753205171,73.05971860549118,639.5136777363176,0.16097972648675613,31.90331214587514,1038.9336252157414,0
19.062313806553686,5.278722983911787,142.16353419504918,38.70214185500974,14.7703518314643,38.54857689420273,0.9558253104027543,78.67403567528824,765.7795008921348,0.14167707455763862,32.82402969499471,1014.7180635978256,2
37.26486823203281,19.17036192502753,143.784210340556,27.991122330964856,13.757953485293433,9.900642210276185,0.7463232931397749,77.4841192331689,668.6889730689325,0.1490158766969762,46.525851883060795,1250.0368630181092,0
35.47715227696317,8.045355242102199,180.0,39.193482669558094,8.683478009740089,21.43376646501282,0.8626636004361654,63.41646687895309,912.5234785754643,0.1571314924874129,46.32602487356295,386.45047407732284,1
31.124823256121573,11.032759224075136,156.13155075329135,23.6279103403598,4.068335540643929,7.6490375530368215,1.0305998763615478,68.93276156380313,302.3824679955363,0.16614257139771244,34.86086200256811,871.564170962144,2
17.64747245982157,2.3604415072734577,90.0,31.025584671244808,8.15402921949335,12.813774007853471,1.1533355792351037,64.54747615040922,760.5939691193512,0.10040163228002542,39.73111567748804,1361.6561194981955,1
38.435540226619665,16.922634468892216,180.0,23.70871528408442,28.862596044279723,21.931113188082097,0.88350963185808,72.23381228511306,449.0179000584297,0.1383419904266045,33.363314048936466,407.83638022417597,2
16.528247445844055,7.477230468834747,153.6612471394457,18.04071698522595,22.012030769395604,15.073887866372381,0.8459083895488304,88.45035296068217,778.140299893602,0.1137801944882155,45.4344594114224,274.8105722375277,0
42.7484454061459,10.763163654804714,156.86738011469635,9.740180649944932,21.183498581537805,6.9447609683032425,0.5763961649139936,80.81027801626445,670.6906897291585,0.20148110252385004,37.40991108285654,582.6711448625426,1
61.431822654538514,12.506807503929442,171.73389626869593,15.82811129325399,4.921826639026665,6.720823093854145,1.1688756599043584,60.674109224997295,404.3277783051001,0.053716568759174396,36.90203637145039,1451.4844947628503,2
34.030962612287055,16.49915148360475,159.30805654623174,47.25545316724952,0.0,1.139919005357605,0.9290542349221926,72.2663231292068,767.5279573633397,0.1578451509060481,49.870810705130296,320.34695658051527,2
36.414189492235174,9.593128927693321,164.9381723543362,23.15741646547962,21.868447941827586,24.7658380321459,0.8499695273870722,77.33624860919304,744.8363639316796,0.07409151062687694,41.15312321063671,267.06837195551446,1
24.578542542148845,7.614380564989183,141.5255306527015,41.418705341634556,20.1429053440495,25.975810254311384,0.8387108288832726,82.44088480306212,653.7557685166491,0.17161190026129516,44.654191682824475,1496.846074842241,0
10.08765346804502,2.9133852809325838,125.40409352067226,46.47976867814256,13.23524079014297,25.925534365473858,0.8993437641821559,68.49232962081982,679.0868845004037,0.13005475479275858,43.76498093659492,650.4189054666095,1
23.370087006667553,2.1448643640949245,155.60465562946393,35.19895622248949,8.665141011748853,10.90824202134758,0.9897939077737612,62.62568176235771,732.3022164996272,0.059160271686747756,48.814731768525135,308.94832184788993,2
17.978152347913756,9.451127853741628,178.6322930454918,31.417193452147153,0.0,30.05951290574182,1.0170211166287304,74.43657096225584,935.6440406381212,0.19711152781230007,44.35507028697424,882.0673285666963,1
14.082949659434828,10.814136206507495,137.04394883233766,36.59627504633197,19.80660399940652,27.067786675108582,1.174376417077453,80.6902967103141,637.1346262934528,0.05,36.935769464083236,119.40045548723998,1
48.94595936195214,12.131001027453255,135.43952010360448,30.000555601710634,22.675216034693186,20.07294406644998,0.8733914718727755,77.34846486633197,902.6063912793057,0.1484290257299637,48.62237739956083,695.8049481713842,1
33.001487698283505,4.156569992061627,174.42038520759874,49.44691114467956,5.888168143579248,18.43171256740751,1.2059242682383888,66.15322519458431,692.5099458829633,0.18455952547651183,34.61639540506628,150.70623039864174,2
34.17656338675382,5.319813086833801,140.85509589717816,57.51840648973391,5.136603593343393,13.508845309640304,1.0526991214861634,90.0,959.1469249036124,0.21883658565294595,59.07490920600434,891.4740004671207,2
26.600753982841255,9.325351923677777,141.78880172331196,52.39774196445147,23.16955732507923,21.921618339287242,0.8067710961427157,74.01184460106478,652.9716663079072,0.06949216012067855,39.06695159116515,974.6780850625056,0
28.0984180931222,5.888601676900805,142.53711454107517,9.181241182717187,6.223219833958663,36.17247805317998,0.45317777974246837,76.93710273402017,566.7351567049435,0.12419880729527481,31.2738479212835,104.93876751649702,1
40.610057504632664,37.26391698679729,148.7003803801904,29.755678893678635,28.011541870707443,31.378566156165135,0.8388236981453362,68.38032598277833,480.4646990841738,0.2041826513820522,37.20290989319796,817.7872821384447,1
29.64429169435263,5.2256091028756195,118.52723808195923,35.049909665373875,11.01853417920861,17.43789576370922,1.1628651170758708,86.06507998364546,693.236902490183,0.2075620351479602,49.636613634076106,1422.935550960722,1
35.83763331827206,11.357087421984408,139.21319774916748,40.556695525070516,8.520944638200152,25.386214617743597,0.6494421113709137,80.71846892551073,541.3653852074323,0.21403717604255873,37.388560498584305,657.3248445358925,1
27.843952723704824,15.042230342520055,154.60736038279444,14.272225547575424,12.40597201092057,8.98569950478242,0.8381417824417614,78.14663429160568,980.8976682105928,0.27807906820886286,41.68796529393095,1436.3039743835263,0
26.23631820194748,15.686382523661706,154.46475872349657,14.078676075572414,8.520314390723822,27.30067177405201,0.8563481600507906,63.483451766880165,525.7574916480042,0.12456535596347251,34.77631641560348,1448.8595569871977,0
14.523944178379518,5.80462852869355,173.15986105159175,50.68147699550471,22.135911477129135,11.691428573346377,1.027267850202864,85.94030226618267,561.9953261063617,0.16861909550519433,47.97750201532077,436.34980277369664,1
8.244760313961592,12.550187316203626,180.0,28.290568176682648,19.97229125617848,26.902555612776734,0.7346814594876746,82.56902972976951,816.2166218047431,0.1327067749866163,37.41049594267718,908.3303999950991,0
27.12281908826958,11.467787073527496,180.0,17.151123938561213,21.792956634757484,49.690721904744024,0.6287355753398363,85.14933397539198,937.1583904017526,0.051244312249707324,34.79034171932123,1262.4373979358982,1
30.62146361192556,12.935309242810188,168.2930476814787,21.756310307324473,13.660677666246565,14.299875676728707,0.9454004732692215,75.37029357690153,846.2090746318204,0.14549985433236995,49.981621297054716,1092.820222275972,2
15.8525695962033,9.233671773479685,147.02530818465584,39.685695719746576,7.892809515224733,49.228033092380315,0.6564548558117274,74.25138836143364,911.7369352894109,0.05028177556804059,37.16115902711075,1164.1807752757898,1
29.62077648461904,15.116996100983224,137.5386186008624,25.12942776243804,11.918423933150404,24.906354877829784,0.4161888225287357,73.17907118252869,683.9567800125682,0.12395857378223121,19.53136931329531,465.3003508206859,0
30.591278192895523,10.06436256551526,150.35756865016805,37.8995077062086,8.168728875867533,12.503743667380498,1.22488182337413,90.0,686.7749723072661,0.07659209409868693,45.79611437593478,1385.498948237362,2
6.283911933346829,2.5849550307696036,161.71157539545797,23.255271647041955,25.199368618646638,12.045438332655849,1.0239467456702616,69.57553732077793,1102.3515734517196,0.17194285673790904,47.87207332359698,429.90180075019316,1
19.933628745725485,9.844177294610581,166.43875596491336,14.069598471391757,21.020463514187412,43.64955607848391,1.2343453127917812,63.13755156576587,1038.053742774874,0.11107368572278248,27.46603821148989,1002.7306665732104,2
34.47990283109015,10.708595208841816,162.461714670317,52.09256195865589,11.17629239828511,24.929886847030986,1.0122828056634179,71.2674383408814,842.8404722878586,0.06073959830715189,42.39380926187377,1338.5963750282826,2
34.25764602335318,14.391591579511738,147.57649057247895,39.77827893546771,3.6617253890585637,14.338471438341614,0.9696802827723395,69.6687300452296,921.3213075347307,0.19328293315996797,49.891421449400035,603.291846035843,2
17.309575919602633,9.459540126742699,165.73724479684523,30.994989665142604,25.867557193834358,17.96539388957096,0.9012978393524786,87.59846836472586,871.7065308685997,0.11981242391186564,48.538172878995674,872.9866612111138,1
31.742928555497084,26.06057469730772,175.21745010167007,28.743659339820688,13.230157219898707,24.307757777089527,0.7790737780562987,61.44007601383606,458.8051087738812,0.12839489437831691,31.10488952041029,1066.7176218806846,1
41.24647947896519,7.822041972034049,167.60320768135082,52.57880442890282,10.828492858229392,19.912793247869676,0.9326634480191212,69.38709151967282,692.069578007596,0.10111213682066053,56.323797259839026,1399.8827675620591,2
38.54780254889988,5.561513783775406,149.359738896732,42.0983605463447,25.946874477470622,23.458991462741693,0.6982888534376975,76.90523164238864,999.3548578029424,0.207453809349139,57.018439477319646,727.2512840593629,1
28.95185634284672,20.86403160917278,133.32302614987987,48.761756379629105,7.4104606795973895,37.736108966542766,0.584769582054572,87.682928546348,844.0678356657216,0.16352595002513395,32.42275042822778,944.4853139755586,1
24.852260553432785,7.658505091709374,132.84865141223784,27.9956878701296,9.129657888034187,8.720293354373238,0.7469103202773636,82.13132306597144,687.282067886474,0.11934557677565738,39.778467709220855,298.51174477722407,0
23.07721067232045,8.81882510963381,136.37564752815638,35.60799848215494,9.923169464618118,26.446303277639107,1.1041283040973067,90.0,1001.7515600461634,0.05429822240743126,37.92075603204049,191.31190541991245,1
35.146017612006226,10.71186791237098,155.1415039734986,39.82638699195838,0.15087745522343,19.27102395317869,0.5488705288764448,78.45792900787823,773.8603815857446,0.2755317101148563,44.39743735854421,130.00835400912436,1
32.14614370457177,10.07005701574605,160.39607507111268,28.399170688233905,14.841618288833534,15.009546539412845,0.5523663368239781,72.96380519921969,851.115927658129,0.24896837082941609,35.23248777227839,767.2174827882287,1
36.9234440671242,12.862595967407058,121.7093536411194,33.853614691956324,5.138897297893942,30.721741677899423,0.9500880157968209,83.55556528172195,774.906289154404,0.22215510072514055,46.0656145020001,864.0067509280024,2
31.45061194433267,13.809102888357806,139.92009783272897,27.996675921401,6.863504409199896,5.3857436531529,0.7286826850239333,61.32839067478585,808.2324529757009,0.11484141532330878,45.96425526121144,220.90017500225898,1
39.00640345382186,5.156893840332765,154.86570930610787,39.78871037002661,5.660080685385024,0.0,0.9268089099350822,57.90114975755709,822.5338333802925,0.12495263958753605,42.382331693901435,353.5353330525481,2
31.040517862534703,3.1520228927894283,132.00640179804796,19.143270033793033,6.7163681702645075,22.2453301476215,1.0377686350134778,84.7626359458133,959.934815386624,0.17003326995787532,40.77248049731951,472.8213390042574,2
38.631575877448554,3.51269696774271,158.6780830611921,41.8636402309647,4.44976982385767,18.618202601271037,0.9215371465367331,77.10566825973885,985.9913044090267,0.10530731836512686,41.84210290601081,1347.7845928358888,2
39.579050474033025,19.347518376917968,143.85143418166868,38.72855842091493,14.224927598579743,6.471527495200419,0.6809059726907415,84.64003811444498,609.7817761968731,0.10053003922448012,52.63471228199531,238.96443193681716,1
21.15020706752705,7.176918330512376,135.53159456661487,32.56029765791214,10.59966216762857,2.894475038149661,1.1022454378762931,66.47627561985529,771.1022171896856,0.22292792808120954,48.20406537783619,785.5667951320071,1
10.110415484421793,14.949253781079808,151.06410864897796,40.394205747825005,12.432073243873042,39.30633377668805,0.9832669901727723,87.8478380410777,954.2017837094729,0.14724298198628952,43.66814396802575,1204.6942568458362,2
46.97842141616009,14.071155887483965,157.845606591582,30.620714435204274,33.18409268816082,24.630148479596798,0.8259021279217071,81.703588772129,673.6881195974285,0.0940065506430743,40.7004664489675,1318.242634274568,2
32.82324603783488,8.817431761825516,133.02942171460145,26.95843110407256,10.599949370107222,20.196457230717797,0.8152517809423451,74.68879618484353,438.22076675767624,0.19763336684354849,42.021718372718055,1070.3896123702366,1
11.140655149542663,4.102043771215148,145.14775240371904,41.524713857464135,17.4445286001273,41.9524490895944,0.9022783586849377,77.07347916792077,518.2703614403841,0.1213050840505743,48.311438828495426,471.7727050766983,2
22.147985530594177,14.309169745416854,159.35356754614216,42.04416806185247,18.46874639402381,30.22062493065567,0.751363585943173,78.46927893936694,532.0841922361487,0.05103227227984007,35.78231866640054,269.9858268026243,0
38.49061721606812,8.593099639622059,134.75819633366464,28.91275713429159,11.434290380721535,37.69276770540206,0.4611349671615868,66.4326783017021,608.3641992636408,0.0932593750806733,23.639740094354114,321.05748483554646,2
26.92355485753818,2.9662038456466973,116.84486319152197,27.8833724930833,14.464192183905343,8.200460718834785,0.9850347041775682,71.14985448615182,550.7543382037647,0.12417532848255929,48.95474425510507,1178.3852544784738,1
24.367324387489603,5.928774337191893,119.26852308620491,32.80431819487452,12.186283712361831,7.826074098753155,0.9719634643716585,78.31122347445175,905.8212166444072,0.160997969648276,43.94147839510321,515.1464985468499,1
45.40970046344263,1.9677643936034812,141.6389827188606,28.375932166231788,13.823025561403306,26.17075235116016,0.3137654875467205,70.74866083917762,644.6351832719234,0.15858688093023843,30.001770901403777,573.0208157264149,1
18.479841389778084,6.158366734683489,123.63163447389724,53.301429318587225,6.721348895866766,24.14499218095789,0.9323487513845957,60.30581125478345,952.2203425302862,0.21138851042293744,31.210952481186688,345.73337580841246,1
21.22031306469683,9.162309618729353,143.0455620964751,38.79770857033048,7.552098213781585,32.49662035659875,1.2064263785557365,77.94888764538901,473.941330285406,0.13814835590630536,34.14245027655545,708.5032794658903,1
32.32525122553094,7.917352412019545,180.0,35.17520280256658,12.152300279547687,3.6921112468734023,0.5719195623018212,83.36034173927291,629.3354444823092,0.1267173463694505,35.29666711669222,568.3588101862427,1
34.295004252592705,7.207532046256939,122.42803224622637,23.807300315731652,0.0,27.035974159716446,0.8038759160040435,85.68534628923796,720.8554707743081,0.21225233202413318,49.36646894719628,599.8236062346996,1
35.45977337774805,9.091876964167579,144.34790297044597,43.86787336443969,25.46465510788792,29.892686334202946,0.779963890890507,80.3231056353851,862.1323200591189,0.19893501917013262,41.96565221628828,147.3063307534103,1
40.023618490258414,12.322900728853966,180.0,27.66074120066702,31.447722161992164,29.361720668113872,1.1852906255615943,83.18307250856631,928.7253530412227,0.13932711859301433,51.473677144621384,747.5971157160155,2
32.18436482749669,15.776805878514068,158.1626016595142,27.16703226702752,13.53315233932243,15.933056187924777,1.0666083497145316,84.87509069899932,592.3365416177402,0.1646014790490573,45.178546747205196,256.64769450829385,2
35.3832233283225,17.245658642236936,142.645534250488,44.27137595691903,17.989222595259044,25.186151715960765,0.6267484477672652,75.7965581738493,898.6837016817218,0.12623388776318462,44.41934564819406,849.9476927585783,1
27.148698147534084,4.679307352677588,146.86234730961525,39.64787265190277,21.72951903045447,12.243429080346473,0.8952660751388757,53.81083317668114,363.6214352006913,0.09189190689873952,38.02024545690267,1036.857133531024,1
30.689681335603858,18.402333110631986,158.58725016786556,4.95862869037331,0.07797234379557949,17.07053918152869,1.3265878691010557,86.59781216675047,874.26623680219,0.2598618067950811,39.55438573249414,864.5491519166345,2
31.18287598058998,8.603212857759768,180.0,33.10675083482829,20.35450150755981,9.570636607020663,0.6825642621889495,66.06681708157326,431.7869935058339,0.12290557983062983,31.989621917205966,305.05826995759674,1
32.3660794940094,6.599912964628184,139.38292785045513,36.50623544657144,8.162041850091974,12.413342706612479,0.8175461675949469,63.69123117855598,789.3287881025523,0.16474963568130122,39.06711197898232,963.0933111680971,1
38.49793788341037,3.611116156466168,134.84779434223435,30.92484613062608,32.616518068351596,17.5903767162088,0.9329716067672762,63.965925466838144,925.8373056491248,0.07423262755121766,49.958284680784395,677.9176912218305,2
36.10660250139314,11.723276927403274,122.42382534439545,36.92436398827766,10.305663870011747,15.09063252362128,0.6857879990617634,90.0,877.4460678817467,0.1868225807289861,39.30239009296861,603.150261125202,1
30.486387031902016,11.40425496255526,152.06192065019607,13.283743965091872,20.173640008544943,12.412085569443597,1.207904678698404,79.40547686344314,372.16441789017074,0.08970711209885285,44.065615884580396,308.286954270706,2
21.09961416564856,5.498122412931309,121.88625260364174,1.0277528079112983,10.394283626758803,7.004029478217792,0.7160129739376252,64.58383591727284,610.5535175967739,0.23389792907273235,30.399622365588424,1492.0631946605097,0
30.744383838689807,5.631932495984,140.7243475035641,23.294381139556748,31.77023480697402,39.61095788459011,0.5144122715926772,68.16583567551595,843.3866242472152,0.23987050301931115,29.374818734164972,649.7412226892691,2
29.691804366146815,7.696927536418201,131.82633117779295,38.3869654612058,7.388848046649852,14.994370567757407,0.7045039514384164,74.99275024207668,837.658982826473,0.17828195279049722,44.730756604867295,738.9188377318301,0
32.124997377945185,6.510006359358501,171.4824702046821,0.0,22.485799085946503,23.299655735312292,0.9636644189609573,80.42403777706339,755.1862384157097,0.15574407727036568,38.256038788395095,232.13531456909098,2
54.271778378544425,4.498764171211091,139.8320722526639,24.87744719312591,17.640100942067516,2.41028043755648,0.6444016923340642,77.7929233793215,259.67854955282155,0.14062924399142407,40.05745045185156,1045.6623585795583,1
24.23849943604641,3.2571959257566125,157.9386065601123,11.926868369607359,15.638789654977444,33.57649132909417,0.8864838655507625,65.7139355897215,939.6097722107875,0.14762279970953504,31.204928565244717,495.72196641200736,1
34.645179210378956,18.540691694098964,117.91815996622874,32.088509929623825,14.061066609402953,21.671606504868464,0.9437610968311665,78.1714654367826,975.2520779656177,0.17046175622365167,52.245099874520236,1136.23114967357,2
41.75308273968728,5.904294380661583,152.6301390890569,58.49479109547019,5.996887340728233,15.561254570748726,0.554034510742476,68.88812190375705,732.7479701588668,0.15448725355747098,43.78491413645047,193.97796086649393,1
31.078021055093213,11.358402884804873,125.93679388278503,32.393888064030776,0.0,15.64858929336052,0.6959855121292706,85.46915020714167,745.7155873502649,0.1990852408657302,44.613084032730825,515.5722756039956,2
55.71629631089382,12.975118044622107,141.48703000140281,33.709965856029584,21.66952897615453,28.694098577660547,0.8967735890983748,75.56296602284768,800.6120760638584,0.10408509371308754,58.618207972540546,1143.916609994084,2
25.841567790953757,11.764038915806918,180.0,45.07077128945879,7.600448006901441,0.0,0.9745306752007731,67.4066590217799,992.0885606849492,0.22640412005383634,48.15795675886281,654.4103141377428,1
33.564981445520516,13.468622478228378,168.64348754481767,35.255678693726885,22.526401293138264,11.758066612909237,0.7014675156511194,81.88954126257002,750.1108367273185,0.1288670619445555,44.192507509904424,147.99984667006893,1
21.213136806177197,11.6710647911747,147.43174834337387,32.42009875772793,15.165279911240985,18.809161623988075,0.8533899082545663,78.83244969785024,661.7650709375309,0.11270605151433066,32.671051336858525,1205.3593101629829,0
26.133227913423774,5.076130425209823,180.0,46.11975108974005,22.802311029181084,18.69388918768734,0.7575340250559324,70.2513430049749,776.304022696576,0.16813054517158105,45.06981844556019,1451.8364834380131,0
32.73827301436324,6.80310889488093,131.69650619253366,40.66264580614167,19.217032680985263,45.053119636784146,0.9801270375761306,82.30092054221839,697.7780244046177,0.17132762483798672,45.31100133827164,627.1194981541901,2
39.30934468538503,18.206932772103077,173.30432764150723,38.463509138797434,0.0,16.624065295518683,0.9342709874164337,81.2911711031397,700.0498951391975,0.06316649532951575,50.43368007490421,970.2329789380415,2
33.510043174259316,5.766047289015253,119.34651086305772,33.33463816919041,17.534060546231974,29.90226992061654,0.737833736656952,87.01822198409508,346.82812578335864,0.12594451065384565,36.95089568546768,621.7114355181163,1
43.8502633426821,8.612456442238559,145.12154484704104,30.847223543275238,8.906920629469642,38.11657186535951,0.9252576472631546,82.10138532156176,804.5663192030904,0.05,45.20972954546837,876.9755207768504,2
28.955381583480612,12.361070610951355,123.0442049963888,46.006050622779945,22.485100685413585,26.706140857884296,0.7292283582056062,72.86053119597767,934.2910097545207,0.11621464565622282,56.52973863134774,1133.9890092695073,0
26.34614617177094,22.748679445867296,155.1455183018175,30.962448561449925,17.3208674562312,13.261839287186614,0.9206196299584253,58.094701572695314,904.0745527538734,0.11836783636978572,42.9140562411105,986.0775431723587,1
59.74383618007325,17.127397720532876,151.11940507157513,49.77503455227215,17.426721341690463,7.155124140130539,0.9236847999758093,76.86646594846705,890.1982938597621,0.16487304925282562,62.588230346864336,540.5948771362301,2
34.336614143862334,3.9589730314509537,143.84670401632837,22.43424360452861,9.549814838625746,27.454202827142048,1.3416302362850718,78.41804225099676,689.3995377536951,0.11061021218846312,31.675420871226486,373.26396917088374,2
22.085702994235977,11.102033978008839,171.84114050252614,52.20540745406934,3.786544271029877,36.450252236564495,0.7460223067370956,75.51196941854722,729.1352386352005,0.12244761223862036,44.19718282517289,862.067905756123,1
22.36309861527124,10.20267797675807,138.6580205399442,40.66448099706102,8.10401736926527,25.459630955291203,0.7889209328680316,44.89125597744737,938.2805394363145,0.21519438550967418,35.15109033474015,1023.2970691378978,0
19.630520940155254,6.849414569857646,156.53703495614647,23.377580923375927,0.0,32.334481539361505,0.6776090479137326,81.78829958354049,873.4708586323558,0.25320960646447227,38.76448695150942,904.2947885171895,0
40.30226291442467,8.801861443672713,166.41109880542678,41.10774361462768,6.68690638908019,45.91947047738087,0.5927787864863772,65.87949741971127,997.2712506544462,0.10395477859073474,43.82306574494558,279.39712478531806,2
25.99184977817434,5.034778480896904,120.33557582207634,27.19636522019264,0.0,28.373742843906193,0.7195786914096676,81.85722811544252,565.4567108837796,0.20096283687958452,35.6754409104527,597.0647609913924,0
31.400987232221343,7.591052878241857,135.03171316651233,35.401136652169704,0.0,8.993671342060823,0.9663221529486722,90.0,564.208807849771,0.1693903646388294,46.38618010409624,1142.5081309476677,2
29.301404581179042,5.809430757939858,151.07721934631667,29.160474354256984,13.048309625035884,20.51060765504455,0.9822415368968473,72.47202419042749,633.4863350257631,0.06306056335836688,31.40845041309847,305.4480392298874,1
38.046416487350285,9.299824788644605,162.60306838856638,33.40505403040306,16.806440455535647,33.7021519352115,0.8850495658312125,79.38484032482116,511.3934689720527,0.11044148715842061,40.0390061009061,1336.734110982162,2
20.68581497827578,6.653859853565085,178.42475531843067,46.2971695257184,11.713858678423058,17.51220209051987,0.7549317262834196,75.32777786295007,435.70897838974395,0.05,33.972368016894286,753.1458006536013,0
18.168704852426828,23.893874013493836,145.6824040254416,41.22213982576024,7.510885523954383,35.05705594812959,0.7114575030952219,80.25583579853402,793.7274452121972,0.16617831422945167,32.509202124318,1207.6274112883132,1
32.46727037899754,9.527248226693173,143.67057914700231,21.495615298771057,3.4733265398496673,19.330631020116087,0.6182972876983545,76.03445104654976,780.110078892116,0.09616045010877979,45.137899111233615,577.1278730670741,1
36.61055213169887,8.23189523397852,132.54807939572672,22.182842700098735,9.145263068717604,23.34347420946835,0.6974847277881385,69.83019688831858,749.245178446957,0.1566963468546985,43.10214437398441,602.901840859824,2
33.657855444074045,7.284529655221265,156.59968184354068,38.249307323184,4.599992628950288,16.492589596561505,0.5350718269908993,65.95057782182904,770.7490485967667,0.2785475960859283,28.230215351824555,1453.8397409639003,1
21.096008979929394,6.667893383974429,144.05764852603818,39.11824552274932,11.434523320908198,21.595363403210747,1.1187288286126456,90.0,407.2576609108321,0.2296569003123744,42.209204607944,894.2900981399763,1
37.45233326300533,2.9668766070599317,144.51935474348562,26.906660247354825,0.0,22.12447427769541,1.22417332699085,79.38552984723113,603.9895029656925,0.11164968394265792,37.4173118761239,242.6694605436701,2
21.817529801948023,14.924932411817423,148.12222988222985,54.09578579578445,18.31185820385155,3.9145807358328284,0.394110194230016,83.30514918610294,641.306311222693,0.0995608890626542,40.46080600220848,1440.732175407064,0
24.263074907349782,20.883996752680538,161.03256124180677,44.76193924723515,6.896719901318771,15.584067074189246,0.8836380003271344,78.99062902822334,709.7012086008849,0.2146490769555655,42.00123055333185,624.790859008563,1
19.616511228057973,5.738572383712902,138.7253889364148,27.49308361538247,15.386312102541044,7.667919131465599,0.8799922301783258,84.75768114049474,408.04739641260005,0.09975992679425574,37.14951535188073,1094.31327176096,0
44.31274183517234,18.14355593132308,134.5568382218219,26.332936210208086,19.98499796068073,15.928913926116412,0.8659379337098291,66.04032717739219,514.4417631351866,0.19955613835195435,46.464818310038154,279.9863524467917,1
36.96763695130084,37.02436988362729,158.63448372268206,32.26624143544103,14.950837937379001,12.048362303348004,0.6895962493331381,75.83181444469638,612.7043095828129,0.2867932752295764,45.538144593970664,1297.4518243814684,1
36.654927132467606,28.657043041704554,90.0,31.017747067110083,19.192141106382742,30.118211762355756,1.0449530709262518,80.05486114625339,911.6570803534836,0.1837709113900664,56.6709871529202,1442.7018714402006,2
43.71932563256695,20.27462953574025,137.92643652676628,50.07388992478133,0.0,30.23399937085511,0.9103050063472833,87.92669595787265,752.3740576981202,0.20920068591414284,52.288139386909315,635.987685281349,2
60.939141730625956,3.320715906107694,126.97381001185272,46.81427567593864,7.564290026665023,25.602941543334772,1.0475067858720433,90.0,904.3132391952979,0.2034014995078534,54.631936223694154,302.6035346396385,2
11.198512856988291,3.2857822246031256,174.06516446033578,35.42083416201669,21.927690001101755,7.323507687851654,0.6577473645291828,79.07518622042417,675.5137726288544,0.12214508363779616,41.294425203792,880.7053620029995,0
21.87785761035181,13.423440102613844,141.18134474914206,43.13486673067058,16.583065844845994,19.018652227864575,0.5156997829752554,68.38899259847749,700.1977786750081,0.16450952799373558,38.42427174256555,326.5020791280955,0
23.22207407408024,8.67594748098922,138.7856776946554,44.87570271613459,28.636169389963165,6.52807688219875,0.9156792165080443,63.04356913298865,799.8151834914262,0.10217821747357009,48.36948787504751,718.9954731223072,1
20.640984153790377,1.1746072040032915,149.0275502949345,35.699128739198414,27.339424319703156,18.527066140489033,0.6081523803199842,65.95185266380632,664.55783659765,0.21449640703811335,29.276934771578667,971.7203700814632,0
18.146584276359164,6.276948897479734,138.09255143070172,39.83142415242908,14.696329210055731,26.474211672292704,1.052011913283452,67.25880555660663,575.054903280121,0.09574365218790871,32.72938889329376,295.0183030701759,1
26.70381629539098,13.016462930120197,141.9470368369293,42.13025064910738,9.73219243003674,29.921043229151046,0.35214331083709666,45.98917567681177,402.04291533673336,0.18504942466407737,22.439678929895933,1427.226140882118,0
16.617359131816546,7.674641546800825,151.94220820846326,40.85126868378661,3.374051582397092,24.728447798590434,0.7169212231215174,68.2434498794017,580.4165650725838,0.2065859008428773,29.081355553840616,1087.8246128001153,0
33.68546604291154,8.707556509836751,141.55919130987465,25.654354058290505,7.717722910182774,32.58471564014041,0.6844971935163253,82.16740701338142,867.2374513264758,0.1254178811795745,39.43822535964507,605.7923735110676,1
30.56868153571476,3.2813358209247707,141.41565095455925,26.867482911847254,8.325777823595704,22.597563869374586,0.7468771387969242,75.75399739188131,952.1348285390411,0.1139502214670581,57.48303590724629,681.9628620182378,1
35.29131531240021,6.2134437329322605,129.79684652577382,31.536864059767396,6.660757268564566,17.664397279897027,0.8774417958319051,72.4137539969611,545.3686196885337,0.14151535281542868,52.75658226548674,1287.3654407019058,1
35.58501296802078,13.462666377622527,126.92432518958938,26.520028651437336,3.7349602703305838,28.73660509699412,0.9071718619203071,58.78047349261272,353.25250332033966,0.10537842058879596,37.85508458932184,766.4059146354831,2
36.63307538769344,5.975780216735499,151.21273795180562,17.32279312837217,15.614189287698405,29.06476100176674,0.960742272509233,85.50409979585298,885.322174691895,0.15781987972643294,44.522092536104246,1481.9128809899705,2
25.892501694937295,19.122838290920253,156.13201019571645,43.11142353138849,27.26975710328011,14.75828301676286,0.9860970001437188,80.11813290920396,713.859733529777,0.10415149287817042,45.205452570646294,187.0439841422263,1
53.33257742897034,8.854419440615377,121.436867124321,39.15689752242802,20.39931091407233,23.78982258570069,0.782264367852212,74.87068355396545,430.59063570890436,0.10777220146669439,48.04513635337679,479.871683796838,1
32.57874228130308,11.69242690828269,165.19882830761696,18.927601084489446,9.09821947556709,17.056866256633725,1.283914959575421,52.97480787619543,100.0,0.17734514488291786,31.90052725753536,825.8258634029162,2
9.512667721127254,13.253801930221305,165.28095279649494,32.10899945926956,21.126259628406384,0.0,1.1251598734705375,70.0922749638201,507.31787179115224,0.18087790847682006,34.26456686838179,290.1827804978712,1
18.973866796571606,12.891016692721411,169.49378276557246,32.78857019296847,15.119857801549939,24.40106492113319,0.7513625925545004,79.33718385024343,607.4108265951921,0.13532428361713172,34.32260498239484,598.7190802476266,0
10.854467120694029,3.8608523508079835,155.99778169481195,37.183333142119274,11.633660841568416,7.054778182094843,0.7898877877287648,74.71432622699196,469.66981622596967,0.06767881159417709,36.206940353125574,827.9686372403534,1
30.19068092066438,4.471173121750781,162.7416420057799,22.016930616228095,11.071895469173361,23.282242093337604,0.7467294856059445,76.91938068170342,838.381273285022,0.20854303117169934,33.540194335581695,465.3874731498002,1
28.66014253541333,1.148941334529988,180.0,18.75206916806705,10.200538758105626,4.646936978387933,0.8999256950493271,81.85446161568204,537.4864348409493,0.12757993169586987,35.97969522878338,330.45023272419974,1
24.847317323105962,6.784722143104032,143.96956798245412,41.236693952406924,17.85959510463543,12.80332922979259,0.606173677368573,76.54738975354893,702.4803889637691,0.25311575093729793,33.42456677834364,475.6837329514458,0
52.120187236405656,4.1908703123558,129.08616998220887,16.592455852776524,13.257030740487792,15.66401198264317,0.6463017585967306,81.49675032992064,1174.6978577505956,0.14338015641043864,53.35630347018772,215.6005108796977,1
36.03881161484602,5.834922717259569,119.31880233557077,32.20803808334404,5.4441948218070895,32.017247703113455,0.34317942600883716,66.56450909714667,723.4922598904734,0.15678886936977365,31.046986688211643,374.30874625794263,1
37.98708197590968,7.332976019956937,180.0,31.087073770901277,5.008331018096834,14.664849400140728,0.7322947716699011,62.77228243596975,676.8963238918028,0.12841242846727358,45.319308412028086,185.42129712229666,1
19.758191632636866,9.715102680744351,180.0,33.520588181278576,14.753135831535014,9.250290463912929,1.0542470204742806,79.77360682273294,681.414456017306,0.16217045845420788,36.13268969923594,1433.5437075025568,1
19.009406195358864,7.761728618438481,131.5080051613154,38.03261145413422,15.857860941149477,23.643450819935936,0.7865377755671173,81.82408461538164,833.8028945675969,0.32382836775265533,34.75109528554372,325.41974316896415,0
30.4048604900665,7.654718544650754,135.45358374642888,54.18284741373688,9.181806201148941,17.830264112661453,0.7988443728744735,80.18973795827607,809.0170084508337,0.13255155044319533,51.277746545596216,101.77536861838419,1
31.903078536174483,11.050047374417948,143.52017924937655,15.806093592909196,1.8119493952838006,27.90560560649339,0.8811950116482123,76.3158617872166,499.28910442657167,0.21381642589968458,32.55179972700416,1440.3363071025465,2
9.580572761740974,8.42859390271014,174.48513744291967,45.51897899279299,23.25868605376619,9.881200508354652,0.599507764785072,71.75959061966702,617.7694146529662,0.15453168587952745,29.80668354919846,1162.0147856761434,0
28.016622748655124,15.671960937782801,124.2539560303938,4.854105126423473,21.347441485743907,22.108538821397783,0.8255629667817321,77.1098600721859,566.5342109413928,0.20868966557263452,39.77584383870539,473.82945737453167,0
30.154792911608553,8.44844133024072,110.66760950222249,51.72453378580782,0.0,44.69566796727186,1.0158724890097415,78.79299938665505,643.4713720948721,0.053405657899254055,42.482668015782366,1330.4852474123736,2
27.63335917651758,22.840524731262654,180.0,10.48556791355412,24.056246309821773,17.607210409656567,0.8874438966546359,79.39297447622351,1065.3242002806746,0.24724440364274747,43.2545445706991,1320.2750257747205,2
21.05270546418656,3.7272162880778055,156.2474657384015,64.2367356564175,10.119217824002874,21.867304097006283,1.035196240877576,90.0,823.489504239183,0.16705127230946562,52.578717475758054,1137.3917663906477,1
24.06511299886746,6.6918798005936955,159.08826611837122,30.322786046274143,13.709883720244283,3.3895974196237866,1.0981090193791048,65.79196214497884,684.0474783643238,0.13661223809336467,41.047430584157624,929.1122519447697,1
28.054548870699243,5.1102377046573615,145.89787989600015,50.48459672927642,22.244007540473646,11.470207120078465,0.9657697475603175,90.0,948.9064361328936,0.19516549493472815,60.16549913549925,918.6023005563728,1
30.998800259710524,9.987213704904615,159.3156984743605,48.009872280930374,26.87284907966148,24.597207020427696,0.6630592546803871,62.431789081717106,737.6942542835601,0.15719550513815495,32.460778773379324,1456.4635329850541,1
36.652707408056244,3.7251032213919726,119.71588233318028,29.7621309043471,21.02578756540977,16.701022574977806,0.7442902200035428,78.85668726410603,372.3899271948821,0.0926061845277042,37.66358463414694,751.2069842069695,0
41.889418254459585,2.382449562539641,133.1815886627954,30.683009381748786,14.169274490555033,26.144329606007794,1.2449275476526598,63.051574190719684,1032.792939622194,0.05,50.18354477373678,1231.9885657670404,2
26.76217504120025,4.359296718748517,152.1031576904521,24.954092442412687,0.0,24.249386857965927,0.8891170729322695,78.06243777397329,668.7202120800097,0.2413029361787002,51.499144915926195,257.487641928201,1
24.982281842731062,2.5481234609685566,104.58218214199516,44.44844199733147,0.0,6.819705641222395,0.8598104497499274,84.82122824853751,248.7946512098681,0.13885751877613545,35.180677705290776,1081.1588262175965,0
34.81421240887737,7.4066786983136,143.94964772371543,29.918382749378384,19.903430451220533,30.153062826248174,0.6308089451177298,75.32582679843023,380.0747575324901,0.11935353523157119,34.33111986717025,1485.391198830036,1
36.7192940805194,9.694994253973858,142.71671259331185,25.172197663391188,24.07827311170029,7.5731505657759985,0.7998785457646291,84.73080428965213,925.5370842498269,0.1232391673333781,48.89461224001111,113.9692942981593,1
25.22379523415226,2.049827172130569,143.94619536099276,41.44731214347382,4.668196252457568,12.35078094192573,0.9776021889536131,70.7631778859773,383.3200884151815,0.2232234769379456,40.98381779147514,461.06255318959995,1
38.69432824662789,6.374858536591575,138.97836384358038,24.233882703131012,9.571980317351432,22.294849155342128,0.8232660563092227,54.50135859011248,969.8449094570728,0.1254944276675584,37.39310009015621,1198.9243154921346,1
40.7754387527157,17.09651319628775,130.08216148251006,31.052212498975965,6.984607004530906,35.67023008006579,0.7057367883328575,81.26709132539253,716.2095177721403,0.18221828041712995,45.29691013996781,1127.3360617783212,2
44.2085511222454,20.451877752027656,113.5593629945816,36.28527037846632,6.7448993385989695,9.961236478725098,0.7567750441515677,75.3063832451517,842.7788309996276,0.1332684941982711,52.67166429407614,1127.8740573946536,0
49.56152997391805,14.198201872375835,152.89494094334825,27.290846128864782,21.674650655027687,21.47684453419552,1.0822015699635414,70.20386038119992,648.6387168784828,0.08725953414284582,59.0462279047395,1475.449257794955,2
20.469422474746175,0.6883158232374746,143.99752026407515,29.101415828960775,13.965358194782782,21.560204688303408,0.9669117787861321,70.89438467558097,804.6729711844592,0.19506424498963298,35.52502173327679,234.19731011806783,1
30.15288030265762,9.073196759354081,122.49436906862644,53.41979841367349,9.937395197438978,26.573599777724382,0.9374888499096917,79.06581735178617,763.3134405553227,0.2051502274748855,40.626365895089506,1045.1314584341783,2
30.12405466280526,18.43590638283615,151.25066825667543,32.54917759657824,35.91768018459335,31.84030549679089,0.9169940705687059,66.85467102822054,692.29397123986,0.11603406427784696,50.334014659017654,997.6614777055861,2
28.921190746142415,5.884323028029086,144.1009960985459,30.68447648259665,0.0,15.959247359980601,0.5597334089682507,78.7524480956176,486.9122535536702,0.14811214667601186,34.14881481480679,388.0662750434865,0
22.8581078842885,3.013815380815138,140.7795209667577,32.89849834317533,16.93119973346207,30.118492412629497,0.8799167990848386,86.88637018956955,771.7056751419154,0.15485043934930798,41.45838109724789,398.0953889840842,0
13.658817964458215,17.526039761908834,106.862102263851,40.453459861988804,2.5591954334502454,33.303217188263794,1.0549616449906272,90.0,336.59518049026127,0.1722562387822515,38.97199214820568,1010.2970945271188,1
31.019473906319043,19.257326596693108,163.65535024615787,22.59363580791364,10.583068152051826,37.83959178871574,0.762597260931546,89.04526537762263,886.3002643391367,0.24856452861702671,35.4789421307909,1016.3272564599979,2
21.54808774497296,8.38338393673969,125.3389791978174,40.126584805500634,13.337745460164058,25.019232997216204,1.0350341737193811,76.61745432966603,739.3990076093155,0.133806485238267,46.256646319134724,940.0998097950786,1
30.945928288223875,3.0395459665013354,151.26540509682482,38.06984228071089,19.601361476715827,21.574369103526337,0.93994987807467,77.5766509990477,792.8393016172172,0.1334977854847392,47.242227317159454,746.6498421250938,2
21.265521041312613,1.7975423594475952,133.83463113134616,13.53613539111059,9.649362943550798,15.254155263851308,1.0020880253624753,70.99751472854857,176.61868532096776,0.1412342447617769,37.57083717911967,1062.0814907449385,1
17.903758195712243,10.714727512381184,142.2254696490403,56.531067240905145,8.697467119828422,5.410132678503924,0.8312060270425577,70.34356523384041,474.8532591572154,0.10288926483971111,45.78014194708259,550.6453456891043,0
32.577281964145875,5.145403753107529,173.04584983499822,52.52976272915848,9.48823411967843,17.22046467341502,1.0150488234678485,83.72031798460455,598.846761396134,0.06389191646733254,55.964149747934954,430.1236531231258,2
31.660136794871455,7.999360937835115,160.63236401606747,25.39324480706195,2.280425823289418,21.12337736226508,0.4977700450474593,71.92489941675728,834.7356474861182,0.15668815518863485,36.20471069631235,933.5913757858712,1
36.372101684530264,7.376801398928336,172.6007989257894,21.5308815476326,17.69078821882518,18.90507697567093,0.8272920584381431,78.6609964108969,511.43781262603676,0.1763638422707882,48.353334988312646,964.1930767137961,0
54.04450143059388,4.1660591556444,156.60770989243147,37.73661796430291,14.532009337037175,25.97717992814828,0.9768632694370545,65.37490492594183,1209.60075086014,0.15012262288841988,59.8390911926612,1237.1627786143506,2
33.050184843319315,1.698198369989863,157.9228716868156,17.889640546024545,15.91651804183545,5.458267255934732,0.8851858957741098,88.70312649305521,647.337474796454,0.14686467849081292,43.99418600647576,682.5044969058323,2
35.33589943770542,6.007622380620541,114.37721999547645,51.371395444427066,11.374112977202273,18.180257297101946,1.061037204320888,71.77543336349743,496.8008990068031,0.10506350071378356,42.176001707381566,1169.7716518686045,2
18.14682538245942,9.332311769748191,143.6495001226689,29.37855517097129,10.264098360989161,39.9476950913031,0.7854382584568479,85.8797917066496,662.6300258148892,0.16262012209551663,32.81842571662478,1384.7962471320427,1
15.84401815409988,9.650112996610702,145.50182136302783,54.4616831397058,22.580403044077663,29.955987595022236,0.6995598399388872,67.96176822725569,509.8105079853492,0.15849295939591204,36.47104195366913,695.9270246423823,0
47.411123914506675,4.88151655904182,174.4732964070395,25.107159555364795,21.196078231413143,26.16190129212721,0.4594035001842809,67.4328950737127,463.13170282142846,0.17374459193767894,24.820542636381806,859.6108349433309,1
19.84172242073366,18.998654843225342,139.87541344186144,33.653574973199355,24.733205275659493,23.906823750224902,0.7599473699179624,88.28031781357869,902.1959254728811,0.16618379991296414,44.498730355710286,1374.3670540816968,0
18.516615213844936,3.3206626425881676,155.29719018112246,50.20655127892839,15.353349163462834,16.345681426013336,0.9337124883003916,68.73992485314477,802.6481222701425,0.169690816496886,40.97094802273952,520.3501638596374,1
29.569911866617918,16.203348561312968,154.51514686169506,31.12112624433404,24.17397685189877,2.4592974824328664,0.9874218730248042,59.32099749628303,803.228885640904,0.2159390662580079,39.480433211868736,1111.7194286610634,1
29.007883452848727,9.1178638325604,173.15350320561456,38.265100918108885,8.255256242516273,24.57128590411999,0.5121791720356754,64.6005946325861,955.3506179167479,0.178609851786172,31.0950546549217,908.108668654043,0
20.07242842912379,6.049127978581641,147.32511835387734,48.11190506765616,10.192333924728018,0.0,1.0785715277918593,83.5670868099827,797.3343977975372,0.17403048709698593,51.14771508066151,679.5986939854694,1
26.6452945941559,11.712040506333544,166.55573897386293,28.32743058999,22.755906783137654,16.744441373872235,0.605627419351463,82.60620543251856,486.51858598070544,0.062874430005521,38.96340246627704,1309.8763144972,0
43.523132894151146,7.048472587776732,115.9026973172495,19.85913091342771,19.59079384434215,19.96340810497669,0.7933474089151742,67.37498917033682,841.7287167920051,0.20267484382807488,39.61803143585087,319.4194797975463,1
21.134070302850226,2.353028071400847,117.71961134112117,17.495472844309063,9.385946337765931,15.528095645929861,0.6948603960353412,68.68281298801038,474.67625533218677,0.1351072452288668,19.667590103683885,149.5608610936834,1
14.669602671972111,3.1079109375769405,104.33311310750946,42.0011929932545,2.5836758758226033,41.713830601352306,0.9117949744431251,81.73015826292632,604.3922635391531,0.1539605530257046,54.01751360024151,389.99931452882583,2
40.36852982989772,6.706032846598912,165.71969950266666,39.66534064397142,10.164322137067746,38.24342785100062,0.8406964378592058,88.15920545192738,690.8563770642776,0.08635492345805436,52.43276994795297,1326.7768614944548,2
35.4152660313184,5.438771295892282,163.4733387557747,47.73995807697309,5.836184028506686,30.32811733676764,0.9691530821813645,74.3120046052823,670.5639586321793,0.2544936762624408,51.96343541268053,581.0402779270271,2
23.174295172864724,15.954100844929718,167.93655147798563,31.711463372208918,27.520531342398073,10.746732339276226,1.2256370151953644,80.54238415436825,341.7633698565342,0.05,44.9857541630976,1057.555929488282,1
12.596162822603905,5.240658720188791,136.45276328587613,17.831152908793488,18.84036579167776,39.214153269654545,0.9075275440614843,83.73433066547989,506.4790907327206,0.22440562252643861,33.027306501605345,423.1752100642187,2
21.809143079175804,4.983914071757636,138.72904684930668,6.766972324621086,5.1066968035191085,26.18969138823701,0.6931304795004656,90.0,695.4982694373883,0.17125802832891662,34.21829106770314,787.2506812704888,0
29.398251194658016,4.468592617342696,147.5790471467538,69.41555041222041,2.595081354014887,10.580203402469888,0.9214351860622221,63.44284018799535,577.8626579126794,0.05473531041349386,54.70097411424062,831.9992048735097,1
42.82239298872201,4.158137714326512,178.8739860589531,41.323076222450034,4.995180535939,20.327169112962423,1.2479306342822227,68.31276591736199,925.2515696752025,0.2518198688873702,54.055237997701276,443.5247417850578,2
18.59759827643377,4.272879565946945,180.0,36.64150107298753,6.970572853802993,29.585748535381327,0.9643948580423708,69.93526665885234,959.4971532892336,0.17568827432655448,46.6806368445788,642.3644919560052,1
29.070281303373793,2.697884410296454,165.87616979682724,38.343677123765794,10.499696455825251,14.011211593576915,1.0280525939931977,83.27524148714745,475.92280343919447,0.05,50.42981409261046,466.4801241151477,1
37.42659125884388,9.397468552375013,156.62039449607002,17.823932621210766,22.030918417927985,21.405325546727916,0.46941318102239177,72.48082277948835,711.9509494160021,0.12887716777925842,26.96949187213159,240.9450777485867,1
3.8060592586588733,7.50317247923213,176.70765395400252,25.46153610844344,3.3013479778229673,23.164763771801592,0.9051132917706226,78.12245838724398,1016.5434969003106,0.17672573786008383,38.77394121749046,704.3140863921197,1
41.3716478473279,7.270357369467057,144.88315085700884,55.919961535894906,32.60583520361895,8.991457984600007,0.7610360950163562,76.21842953174763,673.1564189567325,0.23566189239234836,58.61951589073077,889.078044741869,2
16.99304370572919,1.9096339832062967,142.1811693903541,42.900167430226624,3.510297868542109,17.299071522420984,0.6703725303440683,75.01737125890682,618.6041049360563,0.12953759260503933,40.502141089989756,226.08224619810622,0
33.65195042802628,11.015676765007228,147.41955758772377,25.836828108464765,0.0,9.745374249568112,0.8150901880030358,76.07396574386364,872.0441920560435,0.05,38.843177057549575,601.0503777375511,1
32.713514645718185,11.794947112555693,130.42571261160845,20.278216063001132,27.194743427911238,28.686680157067187,0.8438994758853727,85.2990071492876,645.159640356204,0.22295103090892834,38.720361297301416,747.7782657916381,1
41.930450306102294,22.122475997958908,146.49981271256775,28.811670692665203,23.891300398532604,10.91944574422785,0.6826337815617661,65.29414351060942,954.1740366319082,0.17491010793497863,52.15972902931965,1405.5366935009215,1
36.06016818982894,11.356021971451105,127.6518391243212,31.21483223332546,10.358860820193433,22.918037041313898,0.8614620272459202,73.51543809069095,581.0506943194913,0.05,44.10824879552173,954.4509548615276,1
3.8498045909702086,25.07950332548875,170.50015637799157,59.58975243016044,15.43199083612074,6.098441816064021,0.7818328384842449,62.84722254200488,605.082413171602,0.1671348072333737,37.88776644037498,1419.1718282646366,0
21.367428281284095,4.7881162392569605,160.87374782066036,32.74079148840854,15.659122071918125,8.6656311685869,0.9745365523935456,77.26556928131644,858.03129341914,0.17242832376008904,48.78959376953179,834.1361024409995,1
31.52025642288608,22.906842615399633,178.5912479509565,20.72537859040385,13.230411858692028,8.181187908293184,0.8700664649805261,73.0447113925956,720.1087446963958,0.13376418432986065,42.69588115086842,1224.5611148675848,1
27.855221252682345,11.61327736144072,117.41434394171621,34.29677163667898,0.33168415376574245,17.104248461199198,0.9027031389468454,85.69243132567895,721.6812114239128,0.10863586198994951,44.41561880499614,234.75249035150406,1
35.253718027324474,10.612504446847037,180.0,38.17206162053601,0.0,21.80381619970461,1.0354653531110658,74.95176779450604,318.1337044825015,0.11951343368349127,37.74221362365553,890.1850950429772,2
38.68303211236676,7.13166640662065,118.55049172413119,19.63344106895154,4.397464359089247,23.64755295191631,0.9420902891646268,70.56160866596994,629.3173344887044,0.133732310150487,46.998076933507704,594.1092978366689,2
36.69296910072647,6.030301284265844,126.03383849833588,39.82598641343137,28.34538970233853,2.277648682897059,0.8186614336259915,72.53289951927277,872.8074912313434,0.16773602080180375,51.25548819579608,1119.8022613082708,1
27.64297563190088,5.089419722752505,137.5835690627382,49.50699142725884,28.698721524539906,18.31360615970333,0.36087651099639195,90.0,543.2580035731957,0.18941799641152823,40.08091689954344,1328.6331878231017,0
9.690292877674715,23.418980271200013,176.1544138393973,36.66405539900916,9.64346731956922,12.49427890289898,0.9330201586349022,59.29919389061283,840.1336131279613,0.05,41.68017697330016,1097.1627437886827,1
24.98970626259701,6.961002785038749,154.51146994457147,25.435218177803844,3.3783219972869567,25.34178492770258,0.6193768735034506,68.72483899384409,753.5979643964861,0.1627985909411077,40.392753658455796,223.59694532139488,0
34.5800496295285,11.75889460091108,145.12341498956857,28.6535547491582,14.503090977564423,17.32363668920738,0.8010276785659355,75.36008044000067,660.0569784970877,0.17439732401951724,44.441192122491486,969.4771455823137,1
18.005080221944745,13.583119346589536,134.1474513070968,15.093968280057656,15.95083075920323,19.191689943815135,0.9016303367571514,68.63573553419933,971.5509325871342,0.15845706903651624,43.75270338502035,1141.742840774669,1
36.94402203133734,13.451440961224312,122.481296986786,33.393977190769576,17.40647567364652,12.550510614969403,1.1132663852340667,79.90681672763958,632.0311948506848,0.12975721401761967,47.91827548981689,141.7780798120654,2
39.99232626994035,9.428425238016626,172.6525464738602,38.72935948195896,0.0,37.24647709590499,1.2253110163190488,74.43514561889086,645.9705930913559,0.22099051951052506,36.506042045985815,337.6192500714373,2
31.39553673925427,22.629693663174493,165.97278522097278,24.240408981614262,40.41980565442646,7.164205767667982,0.6173319768882886,77.55984902630345,657.7727231301155,0.21722012978958719,37.60205481315006,1052.4017076995492,2
0.0,11.12305753310414,177.049007541847,58.27640181233154,22.192272012392692,16.002660096111047,0.5305101672002579,76.17828135278285,716.1049815996864,0.13168936998643319,36.4948854781818,540.8813317601084,0
15.941028010170163,4.985433999569959,157.93636253962248,44.507353945413776,10.219226666343001,21.075984532729684,0.8916577772211014,73.96954607102683,853.3915137429552,0.14584610056174357,47.082395153277446,187.0573526470863,1
50.7480807441169,6.251558322595551,97.15795082888931,13.486671932618691,5.533701328552321,17.486395377847696,0.8733341058883367,62.091762647765115,405.4889611387922,0.188592012214614,45.63898018816254,1345.187801471693,1
23.988084276687843,2.0200115192055166,125.10834134637096,13.732849297909308,20.885751246716445,12.360640172931278,0.5555873068566979,76.76092429193639,873.6090536542584,0.21413139973746648,33.097217182364865,1433.0454560653636,0
8.174424545581044,10.172626337657455,159.29742611693416,23.191714367554177,16.45855153531087,1.883164635885926,0.8163473395753816,57.365911641059284,713.6196135407658,0.1092238245052487,34.10730855403553,622.8615761435234,0
43.587721271412995,12.448605287909402,142.6056594952796,53.87822488111127,12.829327392310603,13.084910491082418,0.9514590080642863,68.28039018370157,810.806915960267,0.09769004503357129,53.06759244689271,1490.027236223522,2
30.146911506980402,13.196214974328264,138.82316066143747,45.69106052662835,16.125011702767303,10.406151584988027,0.5493666211206363,79.89205286022656,1178.3700833185717,0.16370809338780978,56.55029061830353,1299.210955007114,1
42.154345378534984,11.613430127433787,127.93546470220943,54.484546346699446,10.98552356197847,36.79224592713035,0.6011912137311994,86.8968753570843,597.667919769169,0.09382103432531083,45.463452782019,878.2006274884513,2
33.046545427413015,7.150394697206254,168.9517913482908,35.12251143875306,15.616760391455719,42.64695928598053,0.6782848142203044,90.0,455.06588574889867,0.05275012533086505,38.81368432254665,1146.1309079573452,2
35.044150498333856,8.18942151105675,159.12385274828617,32.486128064452664,18.537265658581532,19.49208322004397,0.7733027452192482,70.71746021595943,738.7598056983559,0.10898120299142305,41.84536288842257,1410.739500938218,1
33.993101724859685,8.207070486274645,160.02382445816244,20.02988616727251,15.089851866738243,5.9524345970087715,0.9726737312706023,66.34875369779891,770.4333672776954,0.17085818085621243,44.15996078662438,1118.2487091987878,2
37.672371431131,15.991877694853198,137.32795502429886,39.19620709900155,14.618297084897272,27.380441057123726,0.7481742518134433,80.22283550860189,874.3218658784517,0.22768051516472476,39.228264722001974,572.4773149221787,1
55.05173493411708,1.302724062754966,153.5257551779962,32.64598199699575,24.53574119890063,10.189235086821016,0.832169701725391,90.0,592.3246512035549,0.11456176684267183,46.84589961848027,370.2334008424028,1
40.681069695551066,5.713277166575557,123.24470147607038,32.18393371421766,0.0,14.508289464053338,1.314159122652791,90.0,533.9786257894858,0.14378667776909118,45.27867222891242,704.4532628107987,2
12.616267503699117,3.500082211517841,147.40344038307612,54.41661009263406,4.819059492974124,13.711504388167107,0.6096117378106755,64.64920794758119,393.4058293755432,0.1577772527133869,31.181479263754444,361.3334311498006,0
34.91327666806794,28.708441036619444,99.44140842813782,33.48385276562527,12.239046173829204,14.99494339796041,0.6763414525937166,73.59490812537699,426.50129422441745,0.11757003141324043,38.02680560696763,130.13293132167797,1
42.556288449135394,18.136639117436726,118.63767721730889,50.971777328572216,5.431191753636831,16.452797485092493,0.9691795523440009,83.50367283145424,616.807555740357,0.11364180696643245,58.44165796088146,738.3231958624651,2
43.22970887189761,5.905001540738807,143.55376311495976,15.94310406628864,8.435707155804531,6.864980506707351,1.0373695020492073,84.1971115243636,676.6830128161766,0.16674924753280776,50.30494819294289,560.9576571660067,2
25.307345186349906,2.4402732098917674,180.0,67.25734679435507,23.589676046010396,12.979863383402398,0.9112561922021188,80.91861923845711,1113.0268332793682,0.0901284194783315,56.03551672665158,233.39255090276444,1
42.814388897069406,3.116075432178019,113.98513853150271,30.520754458935567,10.659261234380475,30.199442478634353,1.2179728651283734,70.51251415990879,361.4833368563648,0.11162931290531417,35.725163437349515,1320.0454427251975,2
40.20516639506326,15.846721209184553,125.12838814920275,43.48620827928831,0.0,19.66443059625845,0.8898403056718376,80.82965217907328,767.080265436607,0.13987060601286005,52.14046100049401,272.1249670620879,2
58.29769180666703,1.9602822527174153,154.3354959338562,45.395274943358146,8.18992443599149,21.253138414887708,0.3852571896278424,84.29350804876992,554.8128293394167,0.16612305810381497,41.16086057224546,982.5575354552678,1
21.749980901266373,8.287588526970076,180.0,29.031719235494773,12.523018567204849,0.0,0.8413390512384189,65.67979924349464,744.5733447257722,0.07423767110669216,46.535339447544864,897.0420649934302,0
24.418593659595324,14.142031707625293,154.04344993976147,44.828361080708646,12.357205792106942,29.47783658523843,0.6943836026985479,88.30235899110552,589.352825364685,0.14345915727635808,40.23633945371176,1470.5869267648418,0
26.632690466940506,2.8464371938070188,164.04283704608312,45.45203811897486,17.00433697211773,13.144801098368815,1.1244385847482339,84.91959513964669,907.0769174091481,0.08545721336897989,52.58076605073923,455.3745510396182,1
24.60755634957347,8.222240721015229,143.24792498647045,26.442265987450785,16.269497172799262,31.23968554367695,1.0322172941273058,67.58038500468311,905.8380788611169,0.11578996012650282,37.720606493256234,429.7031150837284,2
20.209771752600368,5.982371277425253,139.78756822121247,26.584397309817284,10.750565113266129,21.542748041976967,0.47026802917866567,84.24909828359448,677.3797927620484,0.18943133305967522,37.79147973969377,978.0790993155819,0
0.0,5.383677182529549,151.64368704135512,35.54368188181691,1.2626421757911004,14.379465709546748,1.1170699739892591,83.1311365548445,987.8223894373928,0.14630772412070853,49.920009939857955,881.5572431929928,2
25.218305789045523,4.675319429507288,136.8342121874779,33.614072627775975,8.029746735261938,3.222104044488198,1.0266609091357242,83.51152652773702,852.0217340770521,0.23345350385851393,44.504714631744164,1236.5324006298536,0
34.06293865669895,14.941449593875113,164.4853867743549,51.71756115019441,6.395010990403816,41.74845957428076,0.7486183315978179,90.0,978.5117927077292,0.1463901238794026,51.36875736006364,342.29210981369124,2
24.57455969943498,20.712186740492264,117.87456202108832,43.43201821934095,9.434065775823695,28.03247273047384,0.8027427832395403,74.8953822093016,691.3725574024066,0.19840064113861638,40.20322044708147,520.8648571565079,0
51.28919301882021,6.72823845018443,167.79974065133666,34.15491716644291,18.220516817320984,28.63074399689004,1.1262789490500345,78.31521315822908,890.3597496369497,0.18973873542213474,52.96311291679405,107.00448047491619,2
30.14713393987449,10.644943467045703,150.78626024605504,42.27293550449208,15.63692474607377,38.18827705452625,0.38626737852951026,48.612717448398165,546.3473826028033,0.14933898609092328,25.074291931409924,1110.2156959670092,2
44.20131960702549,8.362447245293067,145.70558262798272,10.440163066439702,19.41605142367517,22.240870122288612,0.917987561108733,86.15822696574376,526.0681931116227,0.08421736727273763,32.722920041255456,555.6531934279648,2
32.875624540029655,1.4984509607302297,117.14030879627157,27.6162683164191,8.543251167574855,33.524000513817526,1.0605501197275071,85.19586417590189,1135.9651280329151,0.1447436890664302,54.82123406457629,430.52484659692965,2
39.09048040882584,6.526193262188559,130.40422656004262,38.453852099826655,25.575246914562598,15.214247422531713,0.8004831332433523,88.56034304784727,482.82562232328655,0.12336146585189654,51.92850665225854,946.9047580925526,1
33.07165709326919,1.1972866381405218,173.97302946266356,48.38438602270941,18.05554661337048,27.37578532833207,0.9625401588911937,65.6331959283047,612.7788734619212,0.12142905267566154,50.2510381785768,452.38557339563306,2
45.056630950939194,5.594394676482065,145.8280200393327,37.39723201586952,13.010112136577614,13.69903292575294,0.8426939980427212,84.62045385795116,320.39863421690495,0.1577910495156961,40.95425144889145,179.44996804713793,1
30.615332851456408,8.055390097712273,155.56796931745643,52.49886799973188,17.430119259401724,14.961412045156866,0.647511360663378,85.18749296437954,530.8273757096914,0.07752145314628198,43.097586490098294,430.7568978869345,1
35.45732778897664,13.380435761612862,132.40935973369307,45.415278296303164,5.9181562683207165,20.97000575454276,0.6420133961688643,68.49083387260431,501.1528871721869,0.10630779929376757,34.857364832947184,1289.6090638961384,1
34.02966227015048,9.978025238549716,149.418907275491,29.14004691114387,0.0,7.326010900402764,0.9766244388234043,85.55964426964056,565.9418587942658,0.09939677328470098,39.16453064415388,933.511597848411,2
26.828859960599495,15.202693545007374,122.55695903760042,33.31963224855477,6.539732678371996,23.294242223746807,0.6801445203816067,79.63040711032968,759.9767558787224,0.13728877136162865,36.696627518298676,759.6287860268553,0
34.45480550817145,4.067025824230405,151.99764508575774,39.901060234862854,18.727112615179514,16.88041790125731,0.48459219355293287,58.01988226270965,808.2070764535864,0.11159193409292428,29.89604593988554,787.9760556126527,2
54.5782487081745,19.013865288177193,157.4128179454041,29.616373365723632,12.721944357200671,0.12439367212319397,0.8469277121787298,80.84480820469902,498.63809494683954,0.1148785615668395,52.491505558159126,1495.7488775926404,1
27.02563363695014,20.72659328986704,156.41229454370034,53.37548213499912,10.768489745899139,15.423381142410769,0.7071220873869271,67.3279313657167,542.0666905408507,0.1567731707114083,31.15848631186089,144.08729008364085,0
34.61411382138573,1.128904513287759,131.92830339019676,21.69528638849253,4.369439363000448,16.549452968466074,0.5561962124472637,58.24068085388443,916.7020458877544,0.1277157563831726,30.24417428193364,325.70188976163416,1
43.83556845956387,1.8464213850671443,143.15898031798997,38.79327740509263,0.0,28.52836464838242,0.8357844352749351,78.66553275566642,1041.0586137552984,0.15024031434409696,49.18941089480433,1311.709776014334,1
42.54278609038708,7.915159865317949,160.74388291963263,43.82536176326069,24.823610587333114,22.851979524937775,0.988800882819139,74.34669296902538,951.1833717160756,0.09421509423654348,58.08328839342429,848.7649465164653,2
30.128880594913017,5.265837012179457,145.77124809443802,31.238636126466773,10.128947323695535,34.47472367023147,0.824433014122112,89.03813571030906,370.73377611716757,0.10857888569676273,52.23447482392618,1493.086732250559,1
3.782724267469021,5.941161530565595,144.25389235319778,28.53440800820902,8.134158162925281,25.201095956248267,0.5854270116655351,76.81719121040487,937.8814284780032,0.25204142234546545,33.506550959571925,1057.4922957807871,0
35.683731005133126,9.913488390063351,180.0,34.08702444260001,5.95518359617315,14.460389297657139,0.9259967837287814,82.78519326737019,1070.7377713028673,0.11512976245050693,49.21104322891794,1112.7952540378924,2
5.585783155146419,15.611565987938983,130.98021762267751,44.743982153422095,23.290702298639662,19.416406395234702,1.0477344040568197,80.0880936605015,360.81014251826974,0.05,33.53453884709097,911.6733897248657,1
46.16930954035354,3.8856462229774076,171.60836936177964,29.001824029665755,19.93215731141446,16.519519630884577,1.3068675159253227,85.20957354692794,916.5401113674206,0.16710641064157916,52.69120697962394,124.29152668836838,2
31.864212583125866,17.37498618910615,126.90638672990139,22.172945757088492,3.2948448221014157,24.879728561131692,1.1372056866584503,66.13592654959754,745.0433230139091,0.11460154973388242,32.440718073907554,1371.2140065443828,2
40.99641421859188,4.606129577354044,163.09562171542828,48.80701732391631,22.480886685391813,20.598221474632275,0.5988211541562878,76.98536630112683,634.5724580804341,0.1621923450106644,48.3761696034646,832.2046108059361,1
20.076777480008438,31.22822368273085,164.16305116247946,39.791557675227054,10.694366229708596,13.714403660410781,1.0087782023808112,73.59264096927802,721.236569549839,0.1455232503688078,46.703978069188565,112.6743717942792,1
12.922417793699402,19.10447020504306,139.79269689885908,47.09428916587421,6.505120308114955,20.086004710625147,0.8764352625446714,81.53683383838771,788.6521139207838,0.177493812004818,43.52099469745457,393.8510993845876,0
32.86829822555284,5.00341224980701,125.65046294275788,44.11198077520929,9.357488518822045,24.611806655547586,0.5665381846087583,77.55813076764164,931.5170104667685,0.1450188596369534,34.35456024880028,590.5319084645719,1
29.630362160482438,2.4934567094188695,110.59133592393165,61.15867169938358,4.950324745365927,9.935784616982211,0.8824349466008334,68.85962134014167,921.2029058909172,0.13867238683158287,56.57100288163309,500.66227580297044,1
24.593050912271178,4.909594899314074,137.69772982149328,48.37966442727855,0.112106075260888,23.170087616447045,1.24210887353956,71.62066460081485,398.6145362193647,0.20739602139332391,32.71582719522327,138.8676333158773,1
30.931274088060402,4.369529357432046,160.52437295904647,26.31104525750215,18.985178689577303,4.213169038481752,1.0830901263582176,90.0,570.2655495650636,0.05,48.529184449487666,492.331380188302,2
60.44179481235486,12.26262645019131,128.44743685800842,40.643215606778995,10.013656268716788,31.05571343141608,0.5970410426279396,58.05648881788716,718.7131041816433,0.08372561408794142,40.66628289057074,1354.8286529075867,1
39.17978102105963,1.1624353894192176,151.93897161847457,28.310135347477452,17.554885802807437,25.271808107719735,0.8230177877146864,82.09364706865334,1014.443747384894,0.10874525385452025,41.354872788351145,924.3722536632235,1
41.54448466449651,1.8701264421205215,120.47140404178309,29.550486033945997,14.584919980165918,36.29283035621799,0.9281683746675062,87.41446296733015,154.50169561438577,0.06535780457959331,38.47158018978699,557.7540404664518,2
39.28330580708691,12.022736639446892,145.3222361579207,18.049995192616414,16.936870002179155,8.834035602245741,0.43942120763938775,80.78837152502388,577.8329187552407,0.12603065862050683,29.28351908460174,223.3549641393879,2
46.27408358237412,4.213974040247944,127.05912191602539,31.566641817601536,0.0,31.334517288164598,0.447003691988291,90.0,394.4218652825789,0.12109600838783985,32.64624697709825,1151.8124860127762,1
27.909211598091808,5.652200917779586,148.44038996211145,41.5404114624164,4.199157755786847,29.3578006356813,0.8540181257039055,84.38515647075222,426.1244883806205,0.19873500858943408,42.939343756890466,1105.6988171574544,0
7.397625615571769,14.09848656811458,139.97841060784936,34.20773953839512,17.124282798616633,18.177679527921104,0.856888510985484,78.84123713737696,897.1470190885505,0.14558640002307946,44.48298289543646,103.31518019764299,0
27.925552536933893,16.081655066236834,126.192677275248,21.807579161015703,0.5265237527762885,16.233566469450935,0.41545983463819447,70.33270441582111,593.622881411409,0.13934943527494303,28.658261176979273,1490.7748469012452,1
38.92909280996152,18.499544342014826,136.8225304422212,16.723768010380223,15.357585754310083,9.148539435099636,0.9053541756556777,79.02667447180934,233.26040506230686,0.13100807366385508,35.13713557675565,471.9182643479408,2
19.33219565373419,13.30347280987344,131.31686275516014,60.342151225766806,0.0,6.54190302277507,1.0591317947696517,81.81681920188095,668.312189953445,0.09740020732901516,47.16267414156432,467.3614906671755,1
28.059974544617365,6.969536191831919,123.72150599525175,38.901929036498,12.147995851452247,12.487656805269705,0.7719736328520073,75.03500424360277,1107.1718976921386,0.19453969473378876,45.4440514610972,521.446658340662,0
22.390532826974557,6.532463673957406,171.65491650578835,25.111169964801363,26.48991354542451,7.442243575970437,0.8331585929620592,67.57173390755432,338.6617606352395,0.21050384865086674,23.229454962862256,1446.4039187608323,0
46.52232177027443,5.956819034149924,142.7965027109815,40.54140151643452,18.97140103798462,35.95722483590618,0.9457105776705342,62.95777333993554,806.587475094294,0.08939169996681712,47.06801538636736,1277.5500607806093,2
38.244027169472204,2.856527419449819,105.95549101852669,61.27023293367304,0.0,4.979480767310584,0.9165864407846921,76.85406885380972,1013.5407623627501,0.2310027926753317,50.92788613063052,992.2040872127267,2
37.16694682708355,3.7507849516477783,137.5343838481063,42.44554831575074,19.63534263884566,21.488954781060947,0.4529030495236523,60.19683792218429,690.115464064526,0.11645087092683273,34.33810260160016,791.969465019325,1
36.83761444433068,16.921488483822294,168.29423427636527,1.55518557165761,28.400144040566246,24.357051268851052,0.6208733377350039,70.28457310542484,1085.6000639464241,0.11237416904037933,30.194584539224216,557.8328880247175,1
29.590258221926604,4.578885066417463,134.77282733485248,66.82750025584332,37.173144091455654,23.57499231947952,0.7329122440385059,50.68259529123138,568.0378362077038,0.1736396835850205,31.922829540205313,569.0919786776274,1
32.17311910780254,2.8734355319360816,179.95487756267258,12.809042236515467,16.275681637218202,24.452886103989798,0.6306180488270391,83.33018529621246,989.1880076559465,0.1781022070017218,43.72617470757489,555.9278775384385,1
16.962969614144505,17.865874721845053,132.86675890076822,32.52785665547802,0.0,29.464003174496753,1.1427330695549696,86.54046709171188,941.9874443071558,0.1464367937410847,44.128031955293224,1307.6395676328355,1
5.949138233743756,9.483978311840385,160.0681611163291,21.399148399605796,15.912101802219865,15.540778375633295,0.9595847064188242,75.7894806026244,693.4934642488232,0.13268576283408962,27.71034342691643,1053.839097548586,1
31.650892433795264,23.752123941999372,170.73277169182023,26.11997468032144,26.36430238507318,20.87550645690212,0.5758604107247481,90.0,402.55916891750314,0.20861764414815512,32.649738651901856,669.5272486784884,1
33.56389281899359,22.12143445480426,159.00387944622867,38.41291621979165,10.316206382247268,17.064384870342696,0.7728461332852089,88.47386752216272,499.6540150146262,0.11883503635714865,45.451631010448516,1490.9699288053991,1
43.30191025267915,3.1109211622240736,122.5101205071794,10.147717894416687,21.387980305943024,33.02525591250181,1.0686862701510722,79.7978571514721,231.16258245656303,0.14656154680018033,33.1817098962989,348.47650981474476,2
47.28469397690604,7.529913529126658,131.15062846156872,33.91705297412493,4.443573010100808,40.99865923474876,0.6778273338945633,73.86785639087783,818.8299853026036,0.23468937350052677,40.27747990338736,207.3485459562517,2
47.26998333498841,3.509738257154975,173.40141980773163,48.76810907289633,15.351179278141657,8.060662398386247,1.0073484479557366,71.50601881116752,794.8601018350769,0.08314583665197375,57.29710075635067,615.398801790411,2
19.021740473767345,3.48263367486396,133.90777087336045,24.881116104949392,0.0,0.0,1.1242995319233442,80.62491074359988,715.8434903907439,0.12706752364630572,43.96297266014947,1474.5819513664287,1
26.125084615552538,5.821440739980934,169.5135302780441,18.316579280694132,3.446981563469537,25.691315690190212,1.0875510122222445,73.58773159105712,675.4572306877735,0.20125676309127666,33.68981651075051,133.62641520892,1
35.28367725469518,12.511579468620827,141.39430556370112,33.32833877413109,11.944914174463296,30.703728842357087,0.8596889118084423,80.4823020165745,971.5183493573077,0.17640000207625073,48.10847976139682,213.401416814207,1
57.85095145516395,12.562938290441126,152.828746384383,30.93990211938349,8.729789424812079,39.56977313248455,1.0952254994093635,81.22453613832846,759.5596335885868,0.19470087949528173,49.027123916268955,578.0297163219138,2
46.28109124085307,11.506064723715424,122.27785445958096,27.857267955986373,0.2944425515182818,27.37890351216656,0.7051076363512316,72.70420752189854,589.0709685590878,0.08385578438643286,48.480195683839554,1482.3956485694434,1
42.313368781982184,6.9531352600629095,137.83464850575004,20.739847086588636,7.503094217235396,33.95780958687207,1.366893894348141,85.95785815622989,729.445651742691,0.16605575092554553,39.58691929212604,580.828714242371,2
25.734332488957804,13.030219117351212,132.49387239120557,41.23021497423346,14.96689543621197,36.600607328763104,0.8729868991155985,72.71448743027587,1109.501022019729,0.13573966545055613,46.83220888703571,1049.3097840383894,1
20.28480405729363,2.833829596601986,154.51199301116347,42.14316213730076,11.223951716008031,34.64777771630867,1.0722947156641771,75.21338548645325,824.4333779683195,0.263620848483419,44.16403448857941,1309.6421925592906,1
38.67798671721563,9.594071726321248,151.86395159431765,22.21223918652215,12.54843812883782,28.811605101631486,0.7403580510166748,65.22475399675633,622.0163571268293,0.19046889030425104,34.19503142286109,1038.781447792419,1
17.89272609342204,8.2482666248453,159.25299792491268,23.872956264754883,18.58771922777165,7.177904370564779,0.9298711973153282,72.29383265007074,691.105511305869,0.14888406941649782,37.165511902433515,225.74555554557776,1
27.377200139216672,6.636600467029917,140.18954993814654,36.63790392806871,8.911535693400781,19.916381441616434,0.9395619657455024,90.0,792.6757468251368,0.16429492482933142,52.054093449077,307.9480266887468,1
28.737442560978852,9.862493674538259,131.39539857410844,23.420340102947996,24.232600947467233,23.000386190591676,0.6156565916616961,65.99613431129781,615.7827927540961,0.15271438771320936,34.0116967290896,462.38802349929495,0
47.522032980350886,3.570995976176948,153.65458171088616,37.14394379236146,3.0965604050872866,19.001903668063793,0.6091424586194132,79.37712360374103,598.0910930421921,0.18495075039027928,53.49530203463014,1214.360493073496,1
26.098329667443547,11.824443954378738,129.40822193985932,52.616558343392754,29.35202297753567,19.618940421511883,0.7750094375870407,70.45508847755433,697.73560590599,0.10718497128863233,46.38902017417675,1222.6451268689943,0
3.16825397570123,8.090062672782057,171.56845052845176,34.28212782526023,22.017347674448363,35.67228063687904,1.063173159646118,52.860984984840584,1003.8180230363898,0.21826086699169905,37.43220763048118,338.3508220480082,2
35.54889112428715,2.0544630628425944,147.70955226821775,20.436603590729103,8.796019975390003,12.431683163116364,0.41708591835409586,80.58970423286841,858.1953026327733,0.08376363547747648,41.21105643933423,630.7498433909577,1
22.31075961585681,7.952592532302943,143.4772978059009,39.705241967860985,9.396131661920275,27.99052362866653,0.7401731716676068,69.43875741059597,618.0942277078184,0.16025219127704723,32.21878444247129,295.72933595954385,0
30.468941268815215,5.308869659448373,159.24351245500424,32.86814324576461,13.860620324505623,23.164416248792307,1.1081719770305603,78.1904121634134,873.8025854562695,0.10878600998171997,40.25972119429555,762.32690478834,2
29.04624829073664,17.206702761534032,148.47271001136568,33.198115550104234,17.38803836884779,11.424676107616708,0.5489315334437092,84.89718962571871,701.7146823680708,0.152141372957197,35.02544166892139,610.0067266307317,0
26.98925604600455,3.0294437890135777,116.83896566329608,40.703874474545465,21.850934477101113,9.233985017464212,1.0958581459162648,77.34598384188088,768.9176695312248,0.19940093719852817,51.36821473597354,1488.9413334271833,1
38.69374639963174,3.129991747790044,128.77140201221133,43.29244883333991,0.0,2.986849265198355,0.571885545155112,78.28298845904496,750.7247642904681,0.06438272895454303,52.668855608283195,644.1935386283745,1
13.13848633812022,10.7774941019433,171.15417407729228,35.42602598567965,15.936983598551222,24.855770299487727,0.6183608449014317,66.32060076192926,277.9486049057987,0.14152608438045106,28.263636112077947,170.04221709344117,0
24.31284352550204,7.167567540876809,151.67768695689165,34.2718361994886,0.0,19.367551865989615,0.7876112088672834,82.0682536085796,100.0,0.07801215027197683,32.58281137111633,828.6833374347106,0
37.5244170442912,6.906982982952254,116.36864395273118,59.76249788568069,10.40429562748065,11.742225700232252,1.232160995043806,73.10315986209729,745.324284161685,0.13603087565494912,58.07508239863914,1370.0552466346205,2
23.24506747121195,31.344711121594933,157.04224133430333,49.40664798688758,25.085212534087123,1.238948755639445,0.6791984167892905,55.015713926994685,529.427746432603,0.07788034105977894,33.81023700664856,617.2837172489925,0
12.30312619803031,12.810894853053593,138.81482360260503,45.00255341678202,0.0,24.32710901848891,0.4387481865603095,83.2724442871193,372.1474820451257,0.1580892859295427,22.239336932686307,1245.8956290290862,0
37.354108775824095,6.246701073225398,132.51000094982436,36.574471350562355,0.0,18.262727063996838,0.5115740695545924,86.32982852932514,535.5981355665077,0.1286915050016969,40.294044173146546,683.4246954494141,1
42.354040934856926,1.798484270007272,127.10254548732308,22.931081169260313,13.987155895931782,12.863065281493201,1.0250286018599524,89.81122455558472,884.9285057389188,0.18735612688932354,61.00979073760058,895.7066751504959,2
29.50505271592693,5.972530867292285,169.99858942637374,48.52863663120793,24.486862477553416,10.35960075349172,0.5219571372796981,90.0,771.5651373647383,0.21142790555029972,40.69937862574807,803.2799213821081,0
8.430698416835142,2.7496542195308944,110.690032559893,36.731529760616255,14.928559059767897,17.61424836576734,1.0813522066058565,82.73534547627759,854.3522405639828,0.15053240542225002,34.98638086990036,1323.8300427471538,1
37.76566721368698,3.7752226240704108,133.2493585112102,28.073971834122396,0.0,24.69996485739259,0.8353539806421332,80.1397211776854,790.6191115397927,0.19468274927114798,45.698982883813464,895.2674510904903,1
11.741233304383432,3.886845384969811,152.40253531822484,32.082314556947665,0.0,16.700170155786505,0.8129003301447123,85.91547741955067,516.2336029203045,0.2191229321731662,41.26649552067775,630.6973291855646,0
33.396792045329825,16.295370223313206,180.0,23.405809205142223,12.879717896364774,8.114736727035243,0.8854069341110806,66.13004853318117,855.3089683882253,0.10389484688649325,29.85726241547246,1173.7933783862925,2
20.237897927836244,2.2310308085830686,161.07716392700638,47.68794851583034,1.386818226338093,19.41875044964512,0.6437975261027102,58.28030568855149,817.1479330643426,0.22174927828149987,40.89564843056153,170.47460816725368,0
17.24176785656338,15.206240155549187,133.07950768934396,43.19644499746143,13.230176645150905,30.455474672526172,0.8503318227289423,70.22991191495574,676.5033372132641,0.14815304385246572,31.06488000047841,481.53420334251655,0
25.13898981212341,11.128637949668438,180.0,37.17958953834021,13.763956019402453,20.40267591244211,0.557523940717848,87.77244177353016,711.7680377157253,0.10108116610590595,42.878952585422496,501.005563078559,0
27.983726879300143,11.012455440191424,122.89753200590056,34.48657311649676,7.592182404080604,20.684235422942884,1.1167560045238942,68.38900867815556,858.4931713369045,0.1649231193928686,33.73956679649187,896.5046500882904,1
22.913709245749068,3.642664535176409,155.30672330710308,26.831973473001888,28.332788645539317,16.743310432218255,0.5939950494196526,79.6561058765912,550.1101368576755,0.14639524336098347,26.375168372903822,1267.8410981350078,0
36.47573606036666,13.852452554014933,159.7556929150443,9.439128274897755,17.31420484440863,11.103361894353956,0.9165537396832131,80.73297302715484,917.576592996415,0.07964940970635291,50.71979194728903,875.3427801699762,2
25.09323683695283,3.2744037014017953,132.3776883359912,18.0448772400792,22.904317909147586,10.771025836462842,0.5923549335026653,77.44265137441916,813.0187929296753,0.09494752508461825,42.94882885615614,741.6630655209717,0
40.78209958839004,20.944800660989642,163.95186103776507,26.08825592576852,20.285235824444598,3.3814593324808477,0.7026949909718899,62.22367644831559,700.4515793411198,0.23186571652999716,40.87360315301164,191.43432005031661,1
33.092904822078275,16.555186226309818,139.7221974211808,24.284403415833765,10.64933794245119,31.812258363871514,0.7377569524848417,78.42705746112182,1006.2472809122261,0.16392874282368808,54.85413852931323,1458.0730071483651,1
22.32687072744061,23.353838011212787,163.9028485503593,38.47232749539278,10.249974737945868,24.624541760478493,1.4758965558026969,70.78446536251977,441.13368633659735,0.2240897123575722,24.070071515924877,513.7588338257455,1
20.474661277844852,8.280418259743337,113.20809014827583,44.737924903679854,9.321419668541065,20.82486839252897,0.8168218609182522,90.0,607.9630455263206,0.12917134291224763,38.75948638518956,281.5333142077943,0
11.877540710478176,7.163668163925196,156.6995218045775,33.45872937318757,18.129920272502197,22.955827667773892,0.6392634446511548,86.36878462935213,563.5498402130147,0.10991854947957114,32.22004310151776,1266.01596221497,0
33.19806495653505,5.844059195100502,141.7578665461279,51.90700322145722,6.146713403653227,23.39529396224891,0.722197765409747,71.13706924085895,771.6182092815329,0.06583427084276335,42.23190193942684,1346.4831432983647,0
26.09953698023506,30.909268774896333,172.99407565935644,25.605227364960434,27.525296478311112,12.654537097450778,0.488972038606744,90.0,936.482613020169,0.19839884556688422,42.35832531277879,518.029705352167,0
3.9058491913013427,12.433511068699739,149.120385404581,33.37355447902066,5.287176266948463,16.74737670706697,0.7841870972798872,78.4371140929186,503.3956121946137,0.17053161407397927,29.08450465885239,868.0108048830497,0
24.1071363995366,2.7790480562987367,174.9845906744024,34.38815384866885,13.930275650673256,15.257913226173837,1.2272390661699508,58.28363468557855,1361.0996134475317,0.1296227389132643,48.6559817164838,1196.8355690784826,1
20.088625678195527,19.358965320106655,160.15225530066104,48.10623594601302,9.938272691586462,45.114240168750044,0.8939286968156057,74.21694717193634,567.4487406623086,0.11036702202419661,40.258217568406046,130.38273475465866,2
47.33245351387726,6.955089040943069,147.44983081903686,36.27064498498614,7.94286017052126,30.20202041456085,1.0187482089399078,90.0,772.1366945483235,0.20634347970173056,62.182090588329686,1481.6916322558031,2
11.269435269173592,0.4715891893381968,165.75338619228592,36.60282697469754,31.551121672172513,21.678822848253922,0.619812399242877,66.80161497184736,700.5372605018506,0.14113594346617586,28.560703585038546,553.5330748630522,1
14.145141202925409,4.356313989735304,165.88116929054243,15.14188261990494,8.048510927287833,33.65984275129685,0.7752647227668245,74.31760094864268,709.2313027099356,0.1416734892262219,32.81013833930924,771.6745893076557,0
42.2096660741627,16.547689163068885,159.43820008982428,24.20111948947094,9.257509371068162,32.39688244508417,0.8648585797563572,61.40153682236197,541.5177031159936,0.1199614652253814,40.15423953723597,170.79538002746733,1
44.92439473210359,11.15552509545536,104.15397250749633,48.151427284370996,6.022797613896992,6.194756924349964,0.6604324973062247,62.98867033464853,913.5092949051264,0.1296270253627181,48.03106694955141,165.7137035223329,1
21.805187674017944,12.756906887809027,130.34879018471204,10.095892836833798,12.369365541200306,17.771467189250423,0.9080014820808386,66.6576025609605,529.2157490707056,0.17750614172252815,32.254390716209265,256.3152378630957,1
23.04705594910198,19.23213564219592,177.68211693011847,51.11591182916753,11.088242693915754,19.836756031914145,0.9553942513415286,62.72601755208526,346.2141831869332,0.07917798851902828,28.1042778527329,549.5691786678731,1
36.77858936208644,1.486975911808677,124.88108289129468,40.995973867450765,1.9267218236612589,26.115279489820665,0.9394265711840387,68.81725915297547,475.60051355451014,0.1540368624834504,42.73947502328616,1390.1436843498964,2
4.401902233601589,4.401626409502818,167.64922300131613,26.029744059634936,8.180671220871094,17.76007254707567,0.7867616789855639,90.0,989.063123860484,0.1977792529420253,44.25231745607611,821.6085119822199,0
9.526869470438882,8.420141651101693,164.12905313559338,25.01541228311255,17.487178885055656,19.014688849121242,1.0600004861435632,74.63927434000907,950.0940375619886,0.14576206387176732,40.89684222738574,556.0422985042517,1
26.91193259064217,16.882095953222752,135.48495276835942,57.75146359817968,21.242881644797585,15.386511727086603,0.7633241635259346,82.85521700912103,298.55286340941944,0.20271131303171028,37.80679089170209,731.5990926998055,0
47.04879622742038,3.257602331544134,110.0953674576655,51.93686967775305,12.216005516689322,30.489351625851082,0.7432594266889987,85.91569016908088,862.7459196641155,0.21702995728135005,43.70334817887408,471.06738225795465,1
25.206969030165865,6.217111239916294,138.62174804104146,33.566710741478026,12.530953115878884,5.566595572719448,1.137138581562101,63.915635351281885,303.6134152786931,0.1951791172598638,38.08220586576474,973.6269749664684,1
31.1103047090867,8.023721266705552,180.0,36.61510075342855,8.751044354112512,15.726452284326616,0.576467414065873,66.68487587574054,694.5544297039747,0.1231372115411221,36.64081411777035,810.0430027605834,1
42.47168199820413,4.217618555653055,132.7344541558129,27.24582366907673,7.478024682379053,1.5632400560389783,0.4453468374271943,82.65818727460864,458.4496880739996,0.14822808210111907,44.995329209911105,629.9666197276958,1
53.17573206605961,7.9551293796902245,134.1148531080146,36.61740773391326,3.7238427310592783,9.70360556851745,0.6290804104276194,68.65716994486455,878.1563072343245,0.1672885092787661,40.6050820802813,1060.5737239296323,1
23.654666795368563,7.136634931106839,130.04835179380348,26.913155737168456,0.0,23.171774663719027,0.9051932238691687,81.99587171624634,810.932180663849,0.12651251317676232,41.52702020173981,648.357558038557,1
29.814796038932315,5.202893532653919,174.2956895309904,34.05748370990984,5.677979933041168,23.36154289960647,1.1023900231823414,90.0,895.9158515636407,0.12484469610202181,43.34369563085235,1229.1635147195962,1
50.04260743477127,13.828048051913592,145.14168576749788,56.7239525571769,20.136475806064624,16.868083079593447,0.6746859282000446,60.44617112589268,640.9520377823758,0.12183433254171387,50.22012666780292,937.7818718421626,1
13.255807972894289,12.14757156061669,137.4818754210172,33.852631441394884,8.180247515725405,31.239851461377775,1.2192642544638923,71.43065837156526,661.7342120716253,0.27717803005234254,39.7019976419588,383.00547294358904,1
41.30339177609204,14.255979301806507,178.26948034390702,22.423737424716478,8.885831846753623,33.54042887299289,0.8259834179407889,73.01728627289059,400.1508422044796,0.13644546404098684,46.01372550747161,328.46592409909533,1
18.79852914402616,15.128450056792786,161.58988175871073,18.60353542418031,8.710633202568175,19.30772664720027,0.7945834996163982,69.73633548929578,493.90308022069456,0.2034337804397562,34.25863376880863,458.3387964077807,0
31.127196038134723,1.9750624234163172,131.6141951657948,36.52541308837376,23.202368992494605,22.504328563942103,0.633013609019697,68.92025993334448,889.7066869699984,0.10652988591081806,43.83817795059505,1385.5364321698687,1
27.331190478596984,2.2101817649752316,125.5283217787644,25.869258146086516,3.6445568652179627,15.474555577766004,1.2492981370998393,70.0787918525164,773.4529927608495,0.23508875187247716,41.34216151281716,1252.7782226081995,1
19.46187239228648,13.023745668469644,173.16339929759945,37.959237703790436,14.49348004550994,26.26887721451526,0.7869364468358229,74.84749274038187,720.8669990454464,0.13107162673023143,41.526569568919186,1461.1036532820483,0
19.185878795758974,5.6046635450765425,150.3357632748343,15.565962882457445,11.383804797868525,8.05939519975353,0.5269626342378234,76.64884801633714,952.4227520330277,0.15264884536012108,35.85334397277912,1142.0521953472175,0
33.0405580067913,5.042110938647158,119.01871960287775,43.28300161491059,12.611341425852919,37.95834809379274,1.3606871071427014,84.53410842642981,439.97156290073417,0.058363861417370114,39.82249823206473,1380.2177555351568,2
40.950932609789504,4.430204592467665,114.33768626212901,22.278021538483937,14.199153664048055,31.399852627282254,0.9066074206475163,74.74881331189998,844.0295797577513,0.20583004898565802,55.83397234662693,597.4948333004523,2
28.572901764926463,14.600339842478522,127.67922569600483,35.55556711132807,12.51448446241263,8.01073646058897,0.9957426991329417,86.18174947300975,464.1686761944081,0.21666099139673844,48.518479371693594,967.8436510777032,1
30.77124474606538,29.63681955475073,125.2103082379394,30.94036139072034,19.137196979858274,12.109815244993177,1.189943248584959,69.08199923251728,995.5747741158709,0.09063642013562237,45.94482977490404,648.105407781522,2
36.28291472920152,15.07380287310948,109.07846058197127,55.620667547346436,11.73668404833364,24.212487640448263,0.955181768139977,62.986371623883805,808.8948345547138,0.20874021110395094,49.87569275327372,1310.8141969665626,2
19.31219349685744,5.40078490107883,128.0098602670301,37.05787008115433,27.699387540831278,16.61748896316379,1.03447565854978,71.95245965588082,892.9002721397002,0.08313561952813564,44.87430549190821,1495.7632776347102,0
38.13661759254215,14.093323767193926,131.61838876712292,58.34566337737513,12.400319450701614,25.445995487216493,0.831951515912172,79.6249265457199,559.6706472447937,0.18160335897536123,48.89634451862837,1143.7281499223236,1
39.01277406765722,2.141625437669922,140.7463742323086,41.72890880074904,0.0,16.406036529838936,0.9814211032357489,83.60466703144758,1136.4196450542436,0.1356015112527857,57.82076552377061,1194.1504518878485,2
58.63988928625451,6.754927170512971,180.0,52.10487106774975,17.744793223293584,35.24811758120058,0.8124852807975421,89.6023358562254,1099.7115782137093,0.21681269381907398,66.06775435736886,1333.3218499312438,2
25.862853903844595,1.489261484910348,144.66313455803453,32.49442152292495,15.528871247338037,20.083069927013035,0.8155537811149659,77.90200303983687,786.0758041014019,0.16245957338742284,47.97411635231043,233.4614052252961,0
24.961100181650597,5.613200793995313,146.6485032451157,39.14603659388387,12.29290528585732,44.205551310087465,0.8463376864374682,82.5302600583383,935.0523426188701,0.19657341192047323,54.504723943755934,774.5140964696401,1
38.4586245873112,9.117338866530643,160.18510727597885,49.62372306822747,9.663858159409699,26.0267529711283,0.7327006678698398,88.6877936738146,639.6226415884273,0.21188783347471907,47.1849077038293,1125.4958637331865,1
39.010145858033525,33.24587022385384,145.2536385786688,45.85951938300858,0.0,6.505956617518665,0.930963123773902,67.2075310186141,446.3037535481113,0.1354484241330621,47.56338885009179,947.0543437413743,2
24.114041312856166,17.805821809824216,158.00305927773417,41.37191933821483,0.0,40.86496583473247,0.9304059385473235,72.8985900060908,859.1581035128893,0.14855483675778366,43.95807945098892,856.4565648529593,2
25.56521055376946,1.5233050436358677,155.61229753903467,31.06478200654726,26.82767298447733,30.98678954870516,1.0001616519768097,90.0,516.1379824000073,0.09444091244071842,44.70095827271995,640.1415652525301,1
35.952439220398446,1.6895688470785033,152.45177131198486,33.09468207431935,6.730476572105517,23.8014762508098,0.9607134333078039,83.56388942302574,962.0440288368492,0.13499878379081415,57.73912866454352,408.63016790991855,2
20.896573351918725,4.242514169067642,180.0,48.65194341924028,20.690583847969876,26.46633456198428,1.2600094713555257,80.10700308696372,909.5716276773744,0.2463536478477426,35.91129401721775,1391.366859279202,0
25.484126131834834,25.31279826596712,168.22251688088704,51.15093498478568,0.0,8.109532353828122,1.0515785427200448,83.93690844325727,747.0445301075638,0.18778912399459005,54.24414498525019,1127.7789002135064,1
30.98552044105278,1.6022365991970686,128.3655603058654,27.885647248643924,2.5782753416856092,1.956238896637359,0.7744045841087892,61.64322854360645,735.8591765406727,0.09777002298459814,50.64877665819809,958.9483049891195,1
40.95532553304484,4.45946106479929,157.4044437237833,26.074892307740363,18.10776852193544,19.58250292498644,0.9196757308417008,68.53173571418337,897.8576967099243,0.23157213184595327,54.12616813609293,219.51919075936468,2
23.34941522202505,4.439154562508072,134.1652638668056,24.1503945407574,11.077490678712303,33.78770339149168,1.1307935851152033,64.87702120521953,754.9128046192662,0.16945015892362958,41.8981305326273,256.34059947956194,1
9.733770917662607,10.763275667725194,158.92501528119706,44.95640738876187,16.83900454790441,23.95708843268606,0.6110058984165831,79.18608319709166,619.107654540156,0.1915212240454582,37.727365117995625,705.2873660225971,0
8.917427857299678,14.343254022829608,122.4962516578346,23.846299735249772,11.87730690663173,37.091714974091445,1.2631331944855577,71.31033935089724,397.09855520134766,0.17452644076147117,21.720666396511433,276.01821057608163,2
16.146456266232533,12.232454374263433,127.84441103832043,44.81124087226097,10.130952323940523,33.2122078319219,0.6495793245750394,75.9538848913042,891.779945883452,0.17098792153740994,33.89325136671603,308.4845606587216,0
15.55515509980069,9.69620556321914,156.87815124980253,41.548284117452155,5.879605546425988,20.20608706785453,1.0180605865123102,71.88983752701175,773.2878000749047,0.050114307875994996,39.73719409041146,213.84607387809893,1
28.299281655181,2.0523937989033985,169.9533822719605,28.458897867610634,1.2539760966299927,31.837569213272253,0.8214520968493879,58.735940725143664,1251.13201538777,0.20534796904141162,37.0011212376106,511.67676434510633,0
16.922318310426345,8.608538518736356,160.05288697506026,53.766311766215196,24.62431160759249,35.2259538585473,0.808794872018823,83.84976437154022,680.8177687002626,0.05,46.30646307935414,115.55637328725862,1
22.269695441966753,19.601675963910083,167.08234669070436,17.45289310278528,26.10578195516893,19.19818028917123,0.5333591677974784,57.37803562862059,760.407210616808,0.20079941103425164,34.88001474308053,1125.1763902228188,0
21.485055265197452,24.087707035500987,157.4763711752769,54.914391197102724,2.6516734073023436,17.86224439455178,1.0196500208825432,67.72353260728687,765.1007114358127,0.15497832963542024,48.97086189537167,939.0791733218934,1
25.154413530672073,10.555525868102595,153.44992198064665,38.826630370945956,2.063288081937465,21.40450487333242,0.536561199276752,61.84527720011887,830.1512716030009,0.19177321383454282,38.18505963633644,810.7170844924926,0
44.547547646754346,1.5397332557555388,139.92613451483126,10.1184037200957,8.870041718201168,0.0,0.5025905487704216,66.20258829793104,506.62421472106723,0.1579200437378372,34.93965418958819,1481.6406213281546,1
37.281423483735686,10.686239851606402,166.26003617433594,54.10255562985936,15.063915133768369,22.80431901575843,1.0751346640494468,77.01858562819744,684.5569494443376,0.20218759650044577,53.03868887603436,774.644822380378,2
30.177423568036044,7.1192824194943825,170.49758465653284,46.66655005063986,10.363636128389976,27.20437983084814,1.2137132310744774,87.35022960602821,865.5318837756789,0.15080740263479425,37.70744138582984,1317.5172628935552,2
24.92871091361078,1.817559564389092,148.73768617340448,29.861459799043544,16.495680587229494,21.445110914155013,0.6732059314291815,59.390050110663005,633.447314316115,0.16404633398848195,33.488323312515064,365.1195290719366,0
25.234440777146766,3.0833718172013365,147.66147916442685,23.42335321710324,11.55675947149771,23.44674420361374,1.0406840292041517,69.42791981699071,858.037748757245,0.17023800485864787,40.18024570089801,470.7291698809221,1
33.605211169471445,3.641118293189333,180.0,16.171199073939377,10.9683197269569,19.565236244004968,0.9952357977474893,57.5095570705737,719.3431935947493,0.2439321139619085,39.52826638913087,559.9405824639604,2
36.425859806875195,13.055566394159051,149.59156440367553,63.985353941724696,33.71770863092882,0.029781100456936827,0.7998658870754747,68.94587974305898,780.3742135109856,0.18001375383351162,53.40692172391289,1486.477510891493,2
20.016207432893395,23.41529763152532,151.51371740731938,23.919417510057873,7.273170735642238,36.625947609033645,1.1138797139529293,75.71892068632947,930.2272827165621,0.08415735785711469,36.21245999160713,1370.6548152609967,2
30.401288311756545,11.676125127182752,159.6845181550579,19.836937255988893,26.759522035420922,16.321711525982817,0.7840031203391559,82.67077567152566,654.5288809897071,0.12180101136928731,35.526923880837884,728.0357471314759,1
7.652184744706702,13.349541969492007,148.04387488091692,38.21502949220179,25.021767609127775,13.822298724698268,0.9338575119701855,53.81438013527896,409.62975784935026,0.1799002005821539,27.216994964633848,1282.2381997057998,1
32.32885162587657,7.514288321336339,133.5931935451381,15.345278398866618,16.53684155926184,33.57982778451827,0.544170625664615,80.50551819924523,646.7320139278048,0.21298729718003748,24.688230344288918,426.48296885445063,0
38.383641661545546,4.976099863797983,157.55931151047045,23.221419218665325,0.0,29.787004684612143,0.5535734813667641,65.27359990927987,534.8889637824784,0.11389119518538891,24.740420602238448,929.6530942416017,1
26.91924510431037,11.906058866738052,149.22489979955358,46.93963032992562,12.279517413266657,22.730658559757774,1.0771898922535317,62.83809222806435,274.8527896957592,0.261993880816502,31.45420002619222,326.60197456151246,2
49.981796957541164,9.791062077142694,180.0,40.570527137832556,7.367747183440078,27.69369723099595,0.9412651465461505,75.67487695091747,678.6636745654857,0.15878019024491763,43.12651200264552,905.2901872622174,2
20.306377078203447,3.950140999870016,165.76897100584753,30.363560483127415,12.180816222964262,8.450116643095175,0.7886594872936578,81.27146304497568,739.8061318098953,0.17102837012882813,44.9985805112782,411.16086415590354,0
32.39184456833588,9.313745089800188,138.09035427113997,35.219680075176555,2.433298868509059,19.19105625980452,1.2397259442121844,73.99545264867041,904.1522685617296,0.08729632529699297,40.25020042875262,920.0572106215284,2
29.60592778667449,7.898459527261417,164.58120438380752,29.690353637599955,18.806321541450473,32.947841094572496,1.237409447803056,64.068693554279,472.13790874880226,0.20577382909014744,22.729713167245144,700.1437604743095,1
28.89672565812251,6.178049656385046,156.1573166946196,34.25602628757152,20.864865243999592,13.228581808698305,0.9166169599472294,73.99018998857139,717.7052049043691,0.12771079127911383,43.27397246308288,882.2769204744475,1
28.742456151947778,4.829630385879082,176.18852603891025,25.858263409284174,22.530218718602473,10.016666950062486,0.49975587398869314,67.74821466500269,925.618266410085,0.11270585843126378,31.108965883798064,325.67129996549994,0
31.17815533010419,10.548450523395003,139.51091574341922,28.03712816567087,8.560391552539194,20.7860395283669,0.795448222639926,81.04032474954899,585.0705593240391,0.13414035403933275,48.055041816655645,809.0828127235219,1
39.3275461781007,5.100059814640816,153.7735229671905,27.671862349454805,2.4651740815790397,21.020570110977943,0.6368319974009312,85.75357831302598,807.2443518560649,0.21913887558226353,44.533650001224636,542.9162203599456,1
45.15509859902219,29.662691062312895,148.01812701815015,26.289669777730943,15.165132748237063,26.475720998400185,0.8396929899788511,85.11461990884777,1019.5436016705903,0.17328713618497615,44.18721845611184,301.5178385178881,1
29.975247310454268,11.39608301772071,151.169588461166,47.52693195699778,27.804668899338672,6.218475627603556,0.6140146233529424,74.80251502019988,327.51714468343613,0.10554573818129559,40.224587247528945,800.5517758291885,0
38.968476793887966,10.677536718738672,132.296021019921,44.24140870415663,12.624506711521803,0.0,0.5568302966261468,86.22660684562237,754.5308642062832,0.12348105142264847,48.455318553466704,293.8008501640424,1
22.280563591065395,6.901714631113896,161.51823335826353,23.811640779308608,16.0706737750089,29.212319274388697,0.3222250863803784,64.790197133784,932.577975605784,0.22047832874910656,25.659734805427682,698.2266044527363,0
38.42550997998856,5.748201424585519,158.35928551698993,20.66727448948915,9.885688987062018,9.170180267952508,0.8567966089702134,90.0,629.8574318965498,0.13818094923939264,55.394347490201724,552.4007319704006,1
21.618093237903107,1.1629062449258774,175.7044723384359,33.112680282432606,7.4687681469381335,13.900096388188114,0.3142721143085996,64.73417922601878,977.3519942442574,0.17802062795536527,26.542342091158176,860.2211477933607,0
41.99725929696945,4.187052039486611,149.79948296026438,60.86345117947455,17.924483447440487,0.0,0.7495470550747563,54.69880809649432,826.8443569591174,0.19025745178327536,54.44487725493653,777.3226326714286,1
54.31704965132563,1.5017320428059837,141.7632098350373,22.667537555641427,11.04539909395021,30.229126820255576,0.9727673341181448,88.65436409494701,1053.8714330225712,0.05,54.959204481000874,288.4082610618189,2
28.65707723231469,1.4787909616854922,165.78588755888075,33.065307323551515,15.63170620376397,23.503382240725312,0.6611389488151069,67.89865578797375,816.4929649770438,0.21321954740415525,37.60000115716855,490.6197937988096,0
5.882021601118506,2.658805742541404,134.11591236800632,36.064644964611944,16.567561715493248,23.101945440509482,0.5813377271401163,76.16738882505216,1070.5077404613232,0.10738242562291356,32.23146962482834,879.4371357054057,0
23.971197734306948,18.230305049795586,171.69969070167917,33.696293911458206,15.127651552250175,23.034550841895364,0.8050736693370852,64.69191953075722,760.0000057263845,0.13197059250111035,34.6318145067022,1267.48751480977,0
43.550626477182334,18.170227715909682,171.65683994827407,29.501481509366137,17.020697874489663,0.0,0.6377067837353789,90.0,426.44087319236644,0.22696596559742868,42.34874141829562,182.90513638860045,1
36.083844657277695,4.273933249826412,175.14557802268817,48.86095966638265,4.322948405159177,10.148340115920945,0.8608447430583215,90.0,573.799923955945,0.2223462348125766,41.77617908676157,227.21197678565517,1
32.73804958542532,2.0015603030018543,157.53245969358986,40.45350347532145,3.773735792878517,15.482728895538045,0.5927774295874105,90.0,903.6726930315024,0.17463899517707726,48.586566222080044,1215.6964949798348,1
41.09535191550323,5.53726567463743,140.27007234804466,45.14966388494091,11.616405540534693,12.512572288636655,0.7970113362397345,75.88357737274349,899.7379274609327,0.18642194740573903,51.91594310169562,575.7610435160461,1
35.32898783173264,12.962287992219375,152.18375452610726,42.07255939599597,11.83294811764877,17.28488450353795,0.7437874411952088,84.8069922975036,637.879710057645,0.19889808613883359,38.22833914340883,459.60219797882115,1
43.3949770619625,15.747542491945087,157.60137790158413,45.72737986167184,7.2990945595233425,22.46199702678795,0.8174652445874488,74.46947936341309,1060.8601630118828,0.22150539722282356,56.11662749497316,421.48092334072254,1
40.11366044311684,9.214464862546048,138.79716709624248,54.01286999568875,14.16900266773208,30.064383162551913,1.1797333506837808,86.22201346393457,629.2064724225139,0.22787093035638856,56.30885050750645,1458.990748944545,2
46.73870498010655,10.451930300844104,176.6623257785043,50.972527601460015,20.173956877506356,5.197959729592995,0.8639583924817751,70.89390636318291,792.3953983727242,0.15538511158100649,50.55106352255418,815.0436753592576,2
33.946756922968795,9.72072160633299,161.60168335137087,62.89764751515097,22.687606867381376,19.91164613201523,0.9309777068969858,90.0,786.8566500277371,0.11313324709581285,52.31369428781398,325.25207183237757,2
39.9578534164335,1.624728906433046,132.1555408935599,49.6080953768863,24.710356853824404,27.115436789237773,0.6825455215532974,70.39127686750942,433.9059613608968,0.13724236427981812,44.51405403821978,668.4105510319707,1
26.62160219605636,2.212219364114412,180.0,26.96663868166992,0.16678503248533438,10.759168300281804,0.8691164121565361,71.52709095674689,677.9016154268742,0.15636000328732536,43.50705864873069,464.9037026593329,0
23.383931072850935,24.060130892962214,151.94778550340354,45.167744501669944,1.533012836624172,18.07167226232121,0.7595432431542546,70.33471025308145,1176.065915213349,0.1473466314209627,46.57632745961312,336.17082722919537,0
48.77444404460871,9.18202570287939,128.11793914300029,43.52522214781514,9.393191459025184,24.665521154873495,0.8265243289558385,76.92452364716682,515.5466221162739,0.09938890372274792,50.621501756531245,1470.0169213826848,1
32.378251439549565,0.8439203173780012,133.3949175450545,58.043538862786264,12.722578869066385,20.112088594795157,0.9627680255904196,71.11804157074144,825.0315154568308,0.17183970870255622,52.73493467193228,723.1389447177502,2
38.85368622448617,10.914672102822976,179.75567194330688,23.39409779988453,9.854237965287101,26.741977605660633,0.7099485551456747,79.8725556920696,469.1234874744383,0.07161061636185216,44.39053368400759,1067.744888259835,1
31.36114015852529,3.484626221822256,180.0,41.69541297671524,7.026246028357054,20.946981470495963,0.7324300040781536,70.19013016598649,513.4621649722554,0.15426937377581038,38.1748743015213,1357.9882408577323,1
23.548327839880393,16.62905914719301,170.18970106961837,26.82715586279651,9.26023583822365,16.88137460335755,0.7129887727579859,82.90788521184032,417.142452578834,0.15747500862500466,37.49742991557149,387.87186456794973,0
30.120811818406416,15.42350288236381,176.38617297174272,41.150541249201616,16.349824401892526,8.272902451361253,0.7087416784504643,90.0,888.214194765991,0.15576203676014747,55.213061994388916,279.22521994253657,0
45.79593419544486,12.457072545386072,174.33230917597223,32.42304002480337,0.033397978871708034,22.471685564136635,0.8581117507261952,75.77547143795046,525.7224782741807,0.1925607399688079,32.30114234519197,464.36048547605964,1
36.107640817073666,9.103478100917716,161.13832305528132,40.75362565029066,33.09021455328392,20.999727774923702,0.7399239764290229,90.0,953.49882913302,0.18593030298895713,56.46227354777806,1097.5908901632674,2
11.17379524296495,19.439061494832554,156.5808357562185,18.07594176702291,12.188941890458693,10.071679721944001,1.1495503999872863,86.275293428717,593.7359741119869,0.2611339169744453,35.20647183022072,634.780165834773,1
27.6323109776623,20.791140306053197,160.79726388953216,44.518717778670776,21.457626548058528,25.820558248452638,1.4094157964627165,90.0,725.5998521905146,0.12411441080895261,44.38315775295753,784.7240317953984,1
49.60523171975183,3.5684331910526175,164.7203088628659,37.4727141822332,6.779955945319432,32.6792350634002,0.6950526972587912,74.3880107294816,782.2761653937777,0.1639666582225627,52.988680399258264,128.35847474601636,1
27.648234519650483,12.360378726556082,135.16803986947204,36.82631458126286,17.169146332722917,13.399069320359898,0.8846806288050326,58.38540799716731,376.62473541304706,0.1607618386451297,34.39933054492699,105.95198394060088,1
10.194734390924012,4.87591354040803,164.6391745862422,58.402739598167955,12.900819655457182,12.72367855722041,1.048361666732152,67.93862775739281,740.7298500520147,0.15840931823454119,41.98579920275281,669.9080119112668,2
50.823537739647975,3.1075808848032827,179.17233694594034,30.41019922078612,19.71127554499464,12.358514430786816,0.7615352063547247,68.95863309832734,769.9795568373771,0.08675728827227165,46.686929347971855,310.5076180658232,1
37.506317607940716,20.778958657639688,145.87255143341937,39.10718509726378,10.212177739586233,3.2133844781274057,0.6012339493527387,65.46974551237956,928.0033974610535,0.09082620453472634,37.10507257717113,1207.5402728616864,1
29.229858553059195,13.794534273836614,143.73504429356407,36.20324838847106,25.964072103807105,40.04481686875095,1.2023981285222467,53.040953537010076,508.0993221200322,0.15032332349873237,41.48212305460359,1431.7991431820806,2
25.914404903097246,9.673094689970712,159.5309261847733,37.376469922888795,0.0,15.511146194842308,0.9709546046371446,85.24646740712257,536.5956305067041,0.07120530409438997,45.83505588894364,1395.9793947447301,1
41.90587122770909,3.8899397692714572,137.00684899183727,61.66164685571334,20.54436447178221,11.415458225857623,0.8901118996540727,56.399808382355886,831.9095924899918,0.13328973224796678,59.22851294406868,751.7669203754549,2
24.038182597511884,21.19280646918436,123.66362766744987,35.76568510896499,13.068477799797433,8.732249530106575,1.1391149280288064,84.28879283840308,982.4783950432839,0.1176230199753524,48.459924768886246,501.5978419680673,1
42.63082066967587,3.4381009745140996,172.95438080210357,28.192642406140845,2.835059714643508,16.12032533606019,0.9894512982412217,90.0,581.4994988011733,0.13510112801706903,51.26384279215656,777.3322425669442,2
35.96414814296681,2.752187028780948,140.98097479953134,57.450833545366656,29.568592830423988,13.047906333366834,0.8094542920886687,67.21666727645643,452.9592688294167,0.2066163477800172,48.57206197723353,245.6444354039681,1
32.69150118036085,7.91672857594953,150.36897157440418,31.307734814732452,28.638279539108208,34.38073186760554,0.6051412095342248,78.87570491134034,636.6543735030273,0.09608321934621035,30.134135323154695,1421.503104683395,1
31.60066285869155,12.960538475021828,137.7974991798387,15.737862233491338,0.0,7.512621839361948,0.7114670162266505,71.01367708705273,497.33539847346884,0.19348995752799575,34.71074593991415,1039.822659820169,1
28.075351596144042,5.996222074776865,175.53509629826,26.109875522853788,13.591059486112423,4.614657687116626,1.085061105174473,83.27075946774778,779.556219870622,0.12143561546205969,52.66211043872056,501.1676905916656,1
41.50204132230192,8.993414285962091,167.0635231656803,20.04095007148573,18.35096299257663,25.517840822874117,0.9700588440581888,63.055892134948664,484.0330446779253,0.12766236356395366,38.07644290126013,1162.9533299879943,2
20.481228846879823,4.858551848328517,145.18520917692598,13.400414404226584,15.975343274860336,18.927935036906913,0.7789333437369118,73.68208920409472,894.5809422006555,0.17327728279943472,35.16631772211804,443.0052200116585,0
12.158823604867699,5.336916244257855,126.40205270474496,30.643819947582386,25.639766474505898,17.770551637208843,1.2086439027889981,86.21180263731914,742.5233386629509,0.1362925749938713,45.49846379319056,1152.0386818523368,1
36.758841351817225,25.88556533007853,143.061403902836,34.15740841671881,23.768694367631532,25.596362463044642,0.7854113169940213,74.51129470172135,900.8199883218774,0.10537661160094589,52.324600710979496,662.5509581073106,1
36.943621608738624,7.349544163367439,161.40305399899427,49.16633498154688,14.386686206854638,21.367116372945333,1.0372539513608547,58.71372312243997,215.33827630044084,0.13148613478080495,46.74810654752787,1309.4966277394979,2
35.282652677629436,20.290035431465512,153.7727140815953,42.55281934474478,32.49393251170473,19.531824131397144,0.8684085904030816,87.4165341705066,348.3698579062431,0.06116831641133118,41.231588360121464,1485.7061032627023,2
34.48501206579843,1.4186137890582642,152.18196088903974,42.006011697544,20.43161870436819,5.943538980763597,1.245249668233005,62.040240896336456,958.534524896143,0.16905922599001644,43.58761649740315,548.287522831075,2
26.474055838286972,16.862285017319167,154.23397518939623,24.281479937627363,8.837269543398698,3.3190485032817065,0.985670007153492,75.78734143214218,556.0958037909583,0.05,41.65102560625195,871.6434182736239,1
38.66230974824078,4.063591023284746,165.1759246299632,45.61919914356938,7.028871646544836,12.995716187094523,0.8301550858668736,80.82644296859009,406.7234496220197,0.19440097915017254,49.16862098765888,433.10450001984833,1
29.49886060570005,14.03060096145369,149.16281591869912,51.69479403678482,23.190073526762472,9.156350591010703,0.7806636746712952,76.19850318235157,659.4603186894907,0.18076309755526324,40.21870629997367,1220.509215296822,0
24.64175083103304,4.033324760762018,159.00026900919005,39.73485069855393,4.8634119612260225,22.69205798523187,0.8166180497663204,90.0,748.4691494261442,0.23007173970810246,40.14575587790513,788.7282150062961,1
26.5691955651906,5.661134626569181,130.26161584509805,40.0702104355751,8.312355484873706,2.012850892902371,0.6604126003486849,82.33813411071944,668.3970961152224,0.25910385568610855,39.91395009315332,1477.3135749733644,0
52.22703668653415,3.020659443332039,180.0,19.823692403600255,9.843852976906367,15.528399070647662,0.5193253097415044,72.97649879252987,793.6028292985623,0.19678854798295997,36.297837929657135,1341.651561673726,2
10.91526309750024,14.2210937557909,144.3228136136749,47.65322969126393,15.200880539485356,18.26925141668224,0.8879217858240191,81.02662904597929,766.5000372099968,0.11862974833140755,48.22033473014289,481.76933196288127,1
35.49766914725379,15.818561955317964,154.07186015767954,56.36996658513703,10.258874733345763,19.603447204683803,0.7026259270598373,77.09944628607357,756.0302686858641,0.25863111926977106,51.02187204464961,267.29831887331966,1
11.52978529613911,4.182501333383665,161.32931049572423,38.87542878856205,0.14726193167875223,23.989642627095407,0.7020414521180147,75.4436941260527,969.67419763557,0.0903033370077776,36.485195722306514,967.795631850097,0
28.809433278447294,1.8616544849767622,141.78418975198917,27.867712659590183,22.45871764191687,16.734598065090424,0.8004551479595822,77.43787193732726,697.1639346775053,0.054864818357897596,40.58380346153245,545.270206826634,0
25.230097663303937,20.093670497832562,150.15649588498925,33.056061728145885,8.360412160933965,13.325079960395616,0.831489156447399,70.6591302458789,691.2839494950741,0.2426231970921089,28.28760899863491,455.1828936313975,0
7.064688736521344,4.63534538631536,149.9135054931355,29.954951419848946,30.179417419195428,32.44480150449792,0.8216227225486792,77.12901663629906,860.5622978936581,0.18007790916370192,33.70942125917234,863.1671263692629,1
34.27941349477139,7.049638703280974,131.71923814853247,30.674604162076466,14.735910065338555,16.799673114541655,1.2024249773978588,69.94508861844109,810.5319415412908,0.05620912216934287,49.492419988464476,853.4832704073583,2
25.819581315885845,3.5394679098286774,158.77178851079276,42.77579676432871,23.404867359619434,34.191303675543004,0.9657234829405086,56.038037421756876,519.4283514802413,0.08223203990275127,33.70176357981309,852.6418196642409,1
6.908730231826318,13.266896001143893,117.01556323482538,38.3535693400441,17.677753627627133,16.748727505556516,1.283719427232664,86.40200610762703,681.5772505829141,0.1775642515550433,32.18542567586857,511.9339896281438,1
39.235248998516774,13.503919155731701,180.0,47.04723927165642,23.835506443109637,19.837303367302024,0.7234221186298064,69.34552172565394,787.6458196692388,0.10650175807346635,52.02816909578462,317.515282300207,1
45.78506795787828,22.372959838683045,165.85941769956787,39.45083053733865,17.13305096637989,18.61252652498272,0.9924185414882138,76.41387037332795,582.6343719529356,0.11369255520489133,44.776400958403535,357.1274633352324,2
46.39136776526229,17.204259787365906,162.78244715306752,24.630944312261807,14.116519505926258,22.31218608632325,0.7356492410614317,67.39577603487204,592.1649088010986,0.24832112169100318,47.231608651676204,1108.2010090991728,1
33.94852084716618,16.394162524117405,115.26715775133516,28.991695713807317,21.83910682670865,15.80151805104048,0.6965509912565239,67.69763837818059,421.70830029023585,0.25740970576151834,49.189827458297145,755.2656076472582,1
30.50663952434827,7.571920257741757,134.1494265341396,28.245907126545717,34.37374903132847,20.961349737457493,1.2920193778094011,64.61010862731095,123.4441274027289,0.15733812019292157,27.459614596816248,757.1154673557278,2
44.609722829853766,6.856880208202774,177.78690241610107,32.76235908057858,9.571827552556122,35.30814026595627,0.6510073807330303,84.48296957873501,625.1842716569867,0.1424753256120306,47.51369463376004,1467.4465497954427,2
48.506219438741084,13.135586588220002,180.0,56.53656429697506,19.154342889525125,30.488517897245615,0.32901851929103054,86.89721597394168,725.4571595607783,0.19512275893316494,34.4296987946604,1385.1261794430377,1
42.469255731631876,7.242552713428934,173.89384930114062,58.458795099771535,11.952795697408662,30.557383436195334,0.664251151983732,75.25934564565607,480.9171625730336,0.12191966891792745,33.66232720490136,190.93597610633554,1
19.643086375472187,17.611463389008957,170.738868205019,45.03921440535903,16.55453118443731,6.580694281724998,0.3781687944155783,69.63342269901737,975.5744289902195,0.05,32.91245324391079,1216.7352213273232,0
32.21479338536414,3.335895489768089,160.49948456228375,36.425165562003414,12.379427018188805,8.198800582988872,0.6107086097641963,58.06929935648811,490.6599651207247,0.05,37.780128095076925,447.08750897736036,1
34.83467758720572,1.3855658377238833,133.0500560857966,18.66017336594726,0.0,22.177509227569896,0.6310935194129955,82.95431184171827,882.506111457218,0.1463200831312309,40.99964840915429,1111.218975950547,1
10.094213341910478,12.054005293919673,169.90348166400662,37.640099668761,10.198319540356408,27.70737925455936,0.827761988267341,68.23442930840704,783.7340076764783,0.1940939295433014,34.946982848030025,342.6829989808174,0
35.16296725582851,5.147991330345432,127.97585325806142,25.51991244275536,20.995995655276808,14.808644475585492,0.36908874199831504,63.827393275644404,1135.267078411477,0.15079999772933417,30.357039456733027,303.52084488527385,1
55.00291008577328,2.8765298631662777,125.78829669720292,54.56626275879104,5.113140390582866,13.024151362437966,1.0831094897378488,75.29263421504211,807.9678645514174,0.19049803842273255,57.358386427318216,1414.8832475328973,1
37.0392978238087,31.91783395304226,124.5294134912302,15.726731722514128,20.28851798764389,33.93843002672964,0.4073307620502584,71.65874308866314,410.74478717711315,0.19549167923368316,21.51683384788907,881.6268623901943,1
46.20754389585932,8.131404694877263,169.51445293003187,39.613811999961406,13.652482479513104,26.8587666675364,0.791894819016146,59.81945800614127,910.8733211499903,0.21930203338539417,40.75345106143903,589.4979382007944,1
32.01206203141575,2.2708115793584143,148.85171890144997,24.509127468195576,10.276585222312118,30.579866807295062,0.7486859415827177,61.192793993953686,1039.5163669929461,0.1593132275377684,34.18880789045,1347.5663594568168,1
29.194598436177962,4.638868581733531,152.0171619980876,34.88581777419834,20.152338467550308,15.585499415667751,1.0015770791782843,78.36543172767793,345.55754611824574,0.16379376564861642,43.57834268598555,505.7633157887775,1
34.19398529089073,6.399472386821539,149.6919212589863,42.99281828373268,18.129283892078355,14.79979412684156,0.8973395204781557,68.44308664448866,827.8257815564801,0.14816002373620935,44.29962963617622,189.45045907307798,2
21.02590687217124,11.87413350519612,127.4856691760355,47.26362426538517,15.784923640782317,29.488906046631577,1.0811120426773675,80.10258574696378,872.0629696162066,0.13707985631753988,46.572056720713825,652.7227478811385,1
19.398472940421726,4.659678274588896,136.58538187965192,34.271717588821026,21.143101825023727,17.372741397441015,0.7404802757648342,76.46531306476726,657.4343639905738,0.07139850194311163,29.092425243790892,1090.1954953926693,0
43.92935012886302,7.134101026601004,137.59147587493095,44.13459860217834,13.827884876297226,13.891429706079624,0.7177557194730252,85.475419663029,215.60906769255502,0.20859920449304256,45.15061021621448,1026.857978375856,1
45.0957657715317,9.924173034309119,121.89457105549279,27.05035881665477,0.0,10.86803563614785,0.9108140167116999,66.67854916016724,640.8084219023146,0.1308119881088481,46.97511498584244,763.1931860151249,2
19.097830528539145,11.334631843351842,139.91579809399298,37.946460617278646,8.596912141809126,14.887048603604184,1.0464244134961171,77.3271782750501,583.7861570835211,0.1279475837305657,41.5301097650555,814.233444343439,1
40.64798685009251,7.55144939773388,128.37387087207523,47.026488973254374,0.0,28.750835514586765,1.001515201138052,81.38274589873961,1005.9551726127128,0.12291910278670024,56.87978764490245,841.2556622112617,2
29.04344026833377,25.61222151484316,161.55351257733986,38.98519373767985,17.916283435877705,4.9033514327204735,0.8907991269628706,68.73782514096816,682.2817413963601,0.08298060845343082,49.89371045675448,624.3267772090712,1
33.737894319394734,13.367683881134646,163.21942127933647,28.64787564352033,20.06579855363671,26.290524683439262,0.8711857504989159,86.27203255636124,617.5377666533342,0.14572283969788627,36.8184092105642,216.15008572475247,0
35.062405033785694,12.844280550268287,124.1272175472022,31.651491589238812,20.475320179197375,12.917812412538513,0.8120163927638966,58.33722308418686,582.6975062071049,0.17582125009792152,38.80648625194485,320.9376869129505,1
40.9378551493675,12.50983988326708,144.06736471504,47.187872750575266,16.401852293068234,17.89699605213056,0.9101846361860261,66.6705900302036,765.149523358313,0.11473562433194043,42.4559910437183,1113.9818668668986,2
30.90990022049508,17.70524190568664,180.0,21.897864596862114,20.71132616450369,18.53754419382644,1.2676855777854257,57.96312228863088,711.3736384996264,0.2018800553368441,35.02895403278815,1234.0763034016322,1
45.5117819483213,9.434308749743316,130.38474204643413,23.668218391910564,0.0,17.792551283626885,0.7666338560574867,67.64125026675794,542.0110145060711,0.13157943211838957,38.544309793576645,653.7198313085349,1
33.40354123735917,3.2847341210912004,158.5327563559013,42.219065117740826,11.031897703851412,17.128723700845313,0.7398121644886073,73.45415944559475,752.8041248711243,0.07336729092581908,43.82935023632911,560.9811001704683,1
36.86602699716486,10.942289587722495,152.11043868005768,29.73027686549843,0.0,15.556440661588027,0.7229677094903014,83.31500719026232,588.5490133035195,0.21868491878723356,46.83593219623856,950.7623765075072,1
20.83411149309029,11.973107594321577,171.85775115681815,17.56330164380373,8.775033484746999,14.285748260585969,0.9056620067869311,73.4470966275461,181.54804325896544,0.15992313376312076,35.797181128149376,130.480968880017,1
53.745249117753175,19.623623248297694,155.90933682714814,51.20982400450293,26.546265623394817,33.197735469654724,0.3532160407986704,69.04626281112445,833.6045806598574,0.19316416061521788,45.81364218485753,897.3371095885467,1
35.16807415525463,2.98110453543027,141.374090441525,21.804796545441107,21.839134641192246,20.250493160699275,0.790286425310446,59.507772038153256,814.6368202504398,0.1943429827005153,36.59251574337656,756.6517515511913,1
37.84297167879609,3.7078738716030952,151.3352824294577,32.60683984016434,17.960568658269796,18.740517067750524,1.0137423072749947,62.85821354591651,739.9478252354446,0.10269450954242053,49.080340231054265,718.7005980743753,2
12.309956076673043,8.33675627679764,151.62739887907472,27.565752275754825,10.365417942594211,13.553472776479136,0.7042292253503116,78.10205950511869,611.5064554816812,0.12390431146369674,36.85709486204184,102.02021072414229,0
20.95027774612989,12.766837524995935,148.16609635434352,31.427798173517353,3.0576469399897643,15.920561788693176,0.8610750185590463,83.81454761183872,685.5879669871754,0.201714303762843,41.04497612654952,1420.0136686953742,0
43.616720567106036,2.474420577431137,123.61777089351965,24.38456650818392,13.683249154059862,13.588287916386323,1.2840538019274208,70.80778055795051,863.8565294803434,0.24176087576102617,45.036475325826544,342.742126413316,2
33.15580230121865,3.0596965561621747,174.86177215195784,43.57135085232155,21.99608248640076,27.653441719145007,0.8929519724953234,87.11014522824615,573.6376676800571,0.1531643249339814,45.859637573286804,258.1929720876691,2
8.948422916881814,14.985543240554824,171.3286717572865,36.32988229168294,15.688843403333108,12.464009135290734,0.32737014331683895,65.50082600920845,871.9291629297944,0.11864050612741547,34.683891543745965,640.167884169736,0
41.42118921882201,2.57729939442099,129.11621946260286,46.803843142530695,0.0,0.0,0.509825439357392,71.09459381197142,405.0304716974466,0.23411680740719867,43.46017439669049,1190.279196141574,1
24.018389152120044,3.7551124457146385,143.98548735632494,27.689981461499332,12.941498074042517,20.583080374648862,0.7647792846870536,71.93854420219333,733.6325207894281,0.11866865646850475,36.24989094430574,1170.9998771672053,0
45.52448684464383,15.656376605697869,145.49828661291568,60.59626123939053,0.0,17.20609172429791,0.6431583001932887,90.0,705.1514900076747,0.16644852622074435,50.111007315863894,816.5331867930522,1
29.033807535359305,12.633428274970006,126.86962399000835,12.144214573952667,19.23765449795407,14.142117831926981,0.8427443052761409,76.33659126800953,900.5369975540843,0.1286108567006803,47.42366917725628,868.869902847423,0
32.25177354622583,4.701853382270038,112.66407464475466,15.97838110493247,5.762930267399565,29.115561199476964,0.7551932750980115,57.01567210742316,516.2141141198146,0.16345363863801374,36.25600107460171,737.2930965794498,1
42.96850036450813,11.606591360515917,136.58814696175327,56.03701817259714,0.9919074013236049,0.0,1.0765357372228859,84.51654305259012,538.0379703802988,0.10272739430270847,57.26708036027807,135.41276035435263,2
20.127577320598714,10.038959802043454,142.87195319497616,40.688500009356616,19.361375964589833,35.7624406496989,0.5799070816211602,90.0,421.1011353880114,0.13126695110010392,36.137709993580906,489.00338573140857,1
19.078685113826666,7.321413843621237,121.17533333271962,39.0966329966729,17.034400534655877,30.546777604474915,0.7743501359210958,72.50259277898644,586.6531087648018,0.11863513815190987,41.797262496548655,644.5257539704184,0
27.838517375620818,5.873531483082733,153.53955528170957,40.17530368781613,14.0915906617279,13.71946736805182,0.8677968672005411,66.02917674953784,751.0835942968572,0.18311190961437618,42.58084849786449,876.2326933886891,0
39.098900795833444,11.276364380934282,173.2571260663268,41.85448724180539,31.72537152435946,15.49215728316998,0.8950495775704321,83.64257414684413,340.4313113451578,0.15816072253700528,46.14028800576934,1022.6331042698562,2
15.360350221251602,2.8058306067291543,166.84232292330535,38.59721264520741,17.714998526303603,25.04386951462689,0.8522971568871609,90.0,611.4174980534551,0.19401003755760746,43.90430796651292,1482.6919875665617,0
11.651619401219936,11.182385773369518,147.46628693682564,23.40914610049873,6.195387630653697,25.312159898409977,0.3,83.48731753952919,822.1580705933743,0.10871200231986854,24.950464072356553,810.3175314760924,0
39.06093019748172,9.356396251231121,113.19176606957606,44.818290860873496,16.672834807364474,13.661181424284393,0.8383242571617742,58.76993646537396,679.4241218619862,0.13957745067263005,52.47754065515384,1040.6679874268439,1
23.36723856176296,9.866945401329232,164.31404681318097,42.92813853845878,9.425303909432014,3.8322324613573997,0.7868340379674437,82.54681815372415,715.0411058110943,0.18125157739426712,44.06637094916262,1444.9010661750704,0
25.685513857876884,3.606569040288052,152.92784338129115,52.14117376087796,23.400829397073018,41.13692721202004,1.0101041456408284,79.04207387777016,398.78016376806715,0.19293500751586104,41.67390115970151,490.1634522619342,2
9.575085578658175,19.95977365950239,158.4870221843604,56.170892922813984,14.528794861473854,29.561240499355513,0.9790534678852687,65.45369676560772,679.9908819732938,0.07771079222123237,49.546949419705236,735.2258505100485,1
22.531227542128196,4.715922710014848,180.0,38.96571295571915,15.419309581204036,21.5685302829435,0.8729857924185292,87.88817845949296,705.7371071533779,0.16588980036488307,36.064810838679016,1109.3697243062957,0
29.916759737057344,5.373275174675745,133.50376740938694,20.2694117884138,0.0,21.757752492400446,0.8888961082492666,79.38351148779155,667.2539989505417,0.10933749039977948,42.63293476232656,891.2344016869423,1
40.234156433851815,7.094861049004525,92.50368133755914,56.270275174425635,12.55216457552657,26.213170284965212,1.1175242818305267,88.14958592565932,730.560358783495,0.19546504807353562,50.08216337701639,1350.4360680064015,2
21.51646817141897,12.612414318059741,128.93090844380487,22.782200779964707,11.493607311612667,27.410632860450097,1.073065143561052,64.38523849886126,638.1749095233447,0.24302524927787525,35.399708102508164,892.5116868291384,1
48.23113732255746,9.647304129395398,159.7209013653564,39.05557032406857,2.78207890310504,0.0,0.8805730404974554,78.98777744365024,608.7925128215911,0.05,46.647317361616864,1391.3044463958915,2
22.469883734022194,1.7886710157092436,150.53851803496082,31.91919288294974,10.006486622500397,16.49128020634673,1.291992023277721,66.04905248261655,492.04582769327726,0.11720259237201067,30.97948962371814,307.9823581516448,1
22.48599018256308,8.041417005250462,125.68727740802636,29.832495797782485,15.921771992256705,15.451700437956745,0.6817968085974615,77.47666978488945,894.892322789683,0.1631885372799591,40.794436057065184,1224.9385012471566,0
46.91093307087583,8.56544442722394,121.6056523364714,44.17160145837821,11.960853605903882,18.38565341498018,0.5592025162194899,89.77225450254892,454.6683307841674,0.1498077873506843,45.004408447561424,398.5771383565359,1
32.326061676003086,20.28975017770898,142.9078196836521,37.93351519121559,0.0,27.707939431418126,0.817615638484575,60.73582268370729,731.5894000554825,0.19698254590838343,43.75065392866762,168.76854389228515,1
23.927727980872657,6.31411753951383,125.07810660236389,41.15889789521757,9.541048501227511,2.0991980254268867,0.7377618303322835,61.30998838287481,1062.639414934321,0.1539532209392013,33.354919877273026,256.31105476043143,0
28.29353555701347,11.83913499311557,160.4126683650905,25.21176451803956,7.787776898641132,6.508576144366229,0.3,84.55474676537565,920.2870057180595,0.12351294984174191,36.22948406084469,912.9868882409219,0
44.88380935296265,41.739417097801336,141.77146222747461,32.91110041550407,13.741621707280645,13.182549634643733,0.676476221801895,74.8587722507055,801.8729475387547,0.09898343763952144,44.876801912884815,507.17488355969715,1
46.1282310158825,17.972696322079827,137.45764231336577,25.7655802419116,12.769793057049801,21.54345126466561,0.8955887338370501,86.71263226152551,749.9484331132238,0.0905732913449594,49.958228410004494,301.54187717224033,2
21.015275028027183,3.4268211244414304,134.83447194153987,32.61114094427042,8.295482440993379,28.321256133403736,0.8072338959338228,66.92715225037168,674.445750348767,0.1128625099921248,35.700787587652954,980.7265656029741,1
29.53322808912981,13.825595139582468,155.2624545316119,33.57485330159109,7.944029009189838,36.31323419561157,0.6491784894272705,75.51190592782719,519.7300957967235,0.12174510069718726,29.152680373431267,783.1409065159451,2
30.991725104343303,11.216735280582288,150.85218447520072,57.131650078457554,12.605003291860498,17.13645800115651,0.8293116143023359,81.88128819915258,649.2337254083268,0.16918761922705575,40.888847107544095,632.7505068757978,1
19.151358784317427,6.145836275575106,154.03914539725187,31.887337826375113,20.666790794879063,28.304809096249848,0.8470759454334902,77.1020019004024,814.9751288660925,0.1421636537887131,41.37924693325643,849.9943777859428,0
29.387464420850062,13.939121459739926,153.60258887611624,9.492820105632248,14.507764704373672,27.101624782657503,0.9773163644494951,57.11252671337777,777.9429895629743,0.11745529979495326,31.431846177903083,1305.9817229498797,1
30.058551464968705,3.3794619043478447,148.55608926806588,51.74109844784944,24.807623927616426,25.416691510701302,0.6788698579837094,90.0,857.7444986607094,0.09953418485618717,49.77220616234759,1114.5669793287113,1
42.54230426830409,4.799151513364243,129.3373883308382,40.39111248831228,22.198718809577016,19.757190601617996,1.0122484939136205,77.12324481902516,943.9343730089126,0.11486858145351847,49.98631628235224,793.2591831853302,2
43.281675311423214,7.154603135142086,135.39239746537476,33.42787478535933,25.47014246588237,16.004680615594964,0.5800585456629441,61.59582914463483,668.3085654243481,0.12179835930708904,41.10548288242547,1251.6204276216502,1
26.37869661805091,5.915501887007556,142.10650189722125,29.753415597666862,24.3176488662275,9.346006693973871,0.7092570777760709,78.14199892540242,738.370297066433,0.11259371492146052,41.00110456595706,1307.5746615975818,0
27.64651541753107,12.894150632541521,180.0,23.63689212731737,26.066545650666505,8.684071338782772,1.1937785043521563,79.29145043439499,320.18572737454076,0.18365563918869296,37.05492594485109,626.7986855585117,1
37.307215322611995,7.871834505415433,123.02327359166377,58.2565771650379,1.6217147057588939,23.470818234980054,0.5947468911286193,84.93923574581964,1151.2395550070937,0.21840221919209216,51.21121797761216,309.7006778609567,1
23.562927061802874,5.43723071205323,141.62046993366218,35.62213866392044,17.826836501194215,19.45577489718086,0.6750711912212227,84.27144901058887,617.2302179608546,0.09119686849106985,36.94244019633529,261.06213419137964,0
36.47504166911143,17.769565804534288,151.96534120220977,14.146986278222304,22.96488497577507,15.844926221598142,0.5443155666692499,72.86155454603477,830.3385054024145,0.20596269593810007,35.362907642808736,994.3973480235849,1
29.03302863893864,12.550242697526317,143.93334493455015,38.9328803994229,24.591245896709566,26.64808626296809,0.6380013956713806,57.779203113639895,617.094552214678,0.1846618369064435,38.40630201726171,1410.8129730016874,0
19.336615644875174,2.1773863012365275,171.47939082875476,49.47406042441809,5.063530682874426,17.995108329112256,0.8504398947663292,79.61363031803914,612.4509271874789,0.15899343120585047,35.49589560517335,153.96487763967306,0
19.47479615832389,2.1340595113428313,143.83004138994266,36.87721602024197,17.916424724382942,10.868208462147715,0.9754393044254488,58.575839456702795,652.5996170071577,0.22633321220625857,36.78403332345114,796.1582733526747,1
45.917645656342124,5.469448935064607,145.30917201698782,24.18087833365624,12.676827584553772,17.335019309698165,0.815899610625892,87.1524460318558,450.9762659805127,0.1414865886325826,50.03999881164989,371.9467880297973,1
28.279363729423714,2.4597220948197474,166.29257027232634,23.107108567704117,28.623542097068505,28.206298472079933,0.7485682331714534,67.67242034484981,203.9574706334172,0.1700948537015636,32.10116671093564,844.1185279607449,0
48.04389503288142,15.863083077725076,180.0,23.992172867369177,0.0,9.764867478240815,0.5465897450536059,81.34960334655513,931.9380139219364,0.15618619059785788,52.940528324887225,1299.3264009328393,1
24.35000113213599,4.996398926435008,178.14996747896657,53.25989596456341,5.07639376719421,22.092768175375433,0.6600312998599721,68.43831188156138,809.1405114000743,0.15246758536136293,40.22689320160724,1201.7133399686377,0
33.20325721244643,11.828471787943325,147.26692231781712,34.140031337158106,0.0,19.44574255606116,0.47987212428139064,70.07964337876776,516.8290283569405,0.17294993238994755,25.620984020698685,1459.8057147064442,1
56.31944395320066,13.68997100948846,149.00971576535193,14.855307023856437,13.301546583297739,12.39190108630546,0.9820431174745986,66.99030183405789,790.3820911031232,0.15232109054304124,44.550520690721186,778.3413659061225,2
18.368745808703927,1.178165607501119,150.93438489568408,39.60960711013357,32.374562423426866,17.066478129605088,0.9973361037023867,82.16081526960701,864.7867993977952,0.17330587675596631,47.099908028298124,1028.7576582285985,2
9.124040501102456,5.191558471980503,152.9399881692517,36.692441426882624,11.60092543320037,4.283169912213452,0.8111015281470597,68.78653019280434,561.3959434553882,0.11650899502869108,39.74408902580003,1357.9164989616245,0
44.152491444159566,6.899216959916947,133.0530377130437,29.613254397400027,12.909299902718287,21.096401941573326,0.9171192164546126,82.68532088191148,782.369591323914,0.11807100742619817,49.17105700382214,1076.6645730087646,2
20.90509984067619,9.966243593758314,168.73187597710879,22.755118926934266,16.952148935608843,6.352670166026403,1.0127711661363903,69.0480964127191,901.3606571174099,0.11628205667836708,43.29273663309415,1449.8759620069748,1
29.772229994831427,15.250862704028252,154.13218255445574,22.233261202725494,10.953385634934383,30.7243721722279,0.8422659552901587,72.68581747494645,412.3295333366511,0.13176012244200805,36.05603631699865,443.7688508790541,0
23.554899685032566,32.8570066529076,149.10287622369373,48.03960578559606,15.294234172296722,19.080275769658115,1.1265943504783336,75.35564939959242,806.682236726082,0.20066422768837877,46.23065193514749,288.959356280398,1
32.94979059050848,23.93952100626406,124.57709246881855,37.97015426966117,15.529905023950326,14.281863434307258,0.5947656068268263,76.53821605915,772.8774338430101,0.12688975928880816,39.252367064091736,308.77568706576733,1
19.54410172095684,7.799403373484289,151.24572416981226,40.74372397594141,4.3899901311582585,31.605593280564534,0.7432925498289743,65.75795665446883,1076.090133913453,0.18262304352762182,35.1759617748481,1293.3751286728886,0
28.020659033283632,7.727805626647758,112.13575393558389,37.93710571496144,11.153579596052985,9.68151155775232,0.7170967230295258,82.03807649301358,811.4070507485983,0.16327231314826085,50.12816787441308,173.97360978479873,0
34.947968592121875,22.289710183990227,138.36701311935536,38.93226445894186,18.677396338412215,12.523170941646617,0.9623923806864918,72.28660794057265,617.8238101133504,0.12792891833999015,52.322697044123856,1233.8857806433332,2
18.90860225098312,8.132672747611364,138.73804587041602,29.37926403886111,20.35718504906786,1.707533379683543,0.5044889075482628,80.43900737305509,640.9622021295793,0.21545912681105148,29.907666749197105,749.7475573457714,0
22.299075673895224,5.093248084398631,155.73990386175237,32.530047746230686,23.686514905748474,33.09506304332777,1.1385544135652013,74.83771730287239,1104.678736507714,0.1868055589242653,42.357638962543014,1067.724310995317,1
26.17878883041615,16.04351825906153,180.0,48.978941665100514,15.018924601045146,38.72865696593197,0.9435903637089115,80.86453900424897,629.0298983164059,0.1500891044654256,47.40045200544731,1143.7722266021144,2
14.28303022351094,10.325323558940013,161.43814931330874,51.97508201382935,15.202071401199966,3.264060218079411,1.2050647839759536,70.8865825201985,817.2292269707366,0.14594307053260913,38.55404772915672,694.1569717299661,1
25.351829189213788,2.099908187128147,178.96804145271227,20.334896146882993,18.751663786931623,11.842275593833339,0.8110743330553619,67.10401910125628,652.3238897737183,0.15468632803270405,38.82508140615498,304.5173393465349,0
31.30676193893192,6.359035899290204,162.90424346207155,32.50089400270661,6.647068077858228,20.69813581508052,0.6989297542235735,79.26858234438919,916.2524019241919,0.07352311780061416,42.2344800718172,963.7718132671357,1
25.604961642527286,2.5368461454535445,172.50106979375232,45.07142430792398,6.27798853209754,14.843058629913472,0.9645633397474118,70.06266164200746,926.1340125767088,0.10875194098425067,43.0639748845212,1439.1342547808142,0
27.01485857775103,0.47006778995517334,180.0,57.58495678658876,10.876819281110413,19.68684993857102,1.0467243171411402,89.5878644974611,695.4664461329463,0.17312577518443584,61.30927066305569,135.76576680071366,1
29.78108162002756,26.163821991104726,135.3632633539549,56.383514975969,0.5248407040130676,18.82402058289692,0.6628274150962605,75.67656702211713,618.647763418366,0.07085373465983952,40.6031921091127,417.7471297312506,0
22.786821913244545,8.946323026871477,134.05791131736993,25.450906220642004,15.662106945299183,24.075518601783045,0.38052876833159616,61.263687222051686,613.8783890159722,0.11261877271936824,26.593326250523752,1324.1691621561213,1
37.60168822453565,6.55149351780413,163.37621800954642,50.30055341846991,21.441738325514372,10.39034506046053,0.41822161378325945,69.14534046582648,354.5479637517842,0.1303727845940581,28.494740179809924,197.67954420535725,1
45.79575937281953,5.4344364608428215,149.92643091875507,35.7036356252842,5.609607196454812,21.926596502442436,0.8775046836863357,65.0069546001641,720.111786491795,0.29518273207302165,53.508320844529145,114.1860053156498,1
24.891815685850066,8.251264278508913,154.40707665613922,47.53299966650886,15.91634270896744,8.838725770908024,1.1588416653319327,85.72918780381642,716.0792511519355,0.18368686246158225,58.420320740571,1328.925012003179,1
35.33718054625478,5.377339876175043,145.0266621578528,44.45934416985544,6.33782054152206,15.881420839684267,0.533815493467237,82.73540592858626,536.7736107672534,0.2048670912791161,32.428018323562256,1175.3623803520627,1
27.364211290218883,3.4843387534641805,138.07482565950565,19.83243148922284,2.850820482045666,2.6324867248997883,0.7600794044901868,74.38956703996696,333.037774599046,0.10974263895316286,34.34354819726876,455.4317033522809,0
34.02036079542355,5.644905393814196,180.0,41.59968747952611,30.500049393837,15.954518085484311,0.743341098508973,77.90073703400303,741.2570991959672,0.16810279637704806,51.866567032071416,1453.0433267826024,2
47.223574843235795,20.839264714329943,128.00277772360172,47.068359094031464,2.9799017758448194,14.272624170920253,1.242517054789467,74.12320557111785,766.5246015427425,0.06199127457474603,47.57783275968113,1097.3928951812768,2
35.59525497319909,15.792338262684538,163.7278451848309,34.75813693966602,0.48612613720939457,29.435793567386618,1.3169130656792305,83.60402050684718,778.9290480024357,0.1334692657034424,44.854247752042745,266.74198505502943,2
10.492440073093512,5.6509614401636155,160.484565714609,32.04420287232055,13.932438573497816,19.407399276803986,0.9133795914221717,80.19831642823662,502.0123079625761,0.17526829639605318,28.723020769316555,744.7319444137084,1
34.99395194591655,27.934286539212337,118.41973404859512,16.14003305872294,14.416693306146897,21.22503233103817,1.0175600807227263,81.99975704222597,779.3546170861948,0.07912110610363592,42.59649863922693,1311.0894270316455,2
43.561501176399105,7.727600830418626,133.38439340012812,43.20341019861121,18.005089270709465,19.77547971502818,1.0114437787496366,73.08154019820454,664.2834978514347,0.1696568469941021,52.01671583722213,1034.8340870083175,2
27.56244213002087,4.223749023467832,136.74618878100264,37.50498041376693,30.01105248158916,0.0,0.5383292546801512,68.68440195297522,872.8975806592243,0.17380357170278782,37.56065836535701,920.1255506179107,1
40.95198286729615,10.663354062951493,161.29168226633183,23.933793023478973,5.005831663248327,0.03053739828331814,0.9736750633958904,81.65063085024205,505.03580462186403,0.11987483830070819,47.19014871968508,683.7997583704772,2
22.408729047328595,23.077038243243678,142.65929788138897,31.0899200374832,6.7940684582348965,16.813223666191956,0.5956865763139799,90.0,930.0406424182663,0.1082597610746091,34.86779646023907,447.2618234419712,0
13.65906924525499,20.178150748412484,148.2882038677839,36.85403898953327,26.479249475761712,22.785599881738058,0.7822621176251443,86.06010438933437,1001.9972764246373,0.11423791059509483,47.41193967192272,959.0378828992124,0
31.55285920715904,4.408974716703394,120.84705286030544,28.296370531367955,20.45211388955206,17.65134807279888,1.0707421499182888,90.0,723.2157401033822,0.1326525523654757,41.8176487218481,315.37536276008484,2
10.678756071790545,2.8671730656738963,180.0,35.03212553011869,19.200732039855588,11.359410250665498,0.8378053316775081,76.62031848873984,780.7348020043605,0.1341612990415136,48.24933891052983,1233.8790950349164,0
27.36251885817049,6.082428695060665,151.42391237478995,14.000808233558612,6.6911817404341285,17.59686880634297,1.0625492170332818,65.30008907656246,856.7785145098193,0.17548043751308998,37.17538467278747,393.4055835074331,1
44.155264889100536,11.984379742223481,159.98001794593887,51.19306036222346,22.132993983710268,16.729144659556056,1.1058379572374843,66.18812840395525,494.85958954110504,0.12327987348410151,50.49930212598992,268.7895321503238,2
8.992608036790912,14.36197490123422,139.18749022869554,35.190911419595416,19.22864538162932,27.790032488823734,0.43347458702757713,88.79569845513727,602.7470634417696,0.23010630722314884,32.71678774528041,200.8409227340862,0
15.925535244947124,18.277821082079434,136.94745345864297,21.807757922116274,13.70583541307429,27.230199818658054,0.3409065361662616,56.38056478129735,736.844904430652,0.22974371371041077,15.61845052303357,1240.8745978669451,0
18.647645303222646,9.317753558650244,180.0,5.483493819347807,6.7356497078985695,14.46585472356363,1.0756603400628455,90.0,1105.3789032731843,0.16181006433920334,43.65955769435347,754.9186587588094,1
29.30348154317944,9.546971693021684,111.66556785986742,47.3496192924007,12.960259989496008,19.5007574615079,1.0845296213925641,67.12365330459684,460.77874067694904,0.13276829474773846,39.104137375699736,658.126647044589,1
25.977115357891698,9.063375316248145,155.57294136861555,41.697098632683705,26.836381996349445,22.76199286192409,0.8764508155866731,90.0,1027.544910998373,0.12333593506760977,49.895299251869915,829.6643974355104,0
45.39050019865696,16.68843630801766,125.76992217784213,37.528228561628616,2.154290226566877,24.246443954406807,0.9062875237261688,74.2939820831896,661.3547234801002,0.16583793069406244,41.20032394141584,922.236477026178,2
40.49783162000867,14.539123939818065,141.8999769120599,45.36377601517525,4.80180838742877,36.525980907904426,1.0164704935782065,82.22570822256354,693.1126037271735,0.1745857412084526,52.5133134906533,1333.0109528646958,2
35.448002406754576,4.27204023548762,137.23811064651957,45.33078075556054,6.3497780843640115,19.71852368658384,1.0123699604974086,90.0,943.6088704364813,0.13994978163042024,53.402514040977564,581.3163940751534,2
31.60193345778273,13.319824447269685,130.28044633161505,37.33325684064239,8.302609595912296,31.687448042065185,0.7530795238297471,71.69852198944346,1104.2898963482949,0.13034352446516279,44.40666486014413,361.9420386033277,1
34.3255275468331,15.957247564689759,150.70883459412656,31.949429392906197,11.858369821310756,8.399169223563971,1.0302870517746994,71.53066976895428,784.5691583281506,0.16763716505500667,53.67051130397721,1316.6761027422613,2
20.518194091552875,16.838783123012103,98.63941705387869,29.994300816616907,20.627139253817155,13.623261754492896,0.7437759074208115,68.05160800925941,932.9493972765522,0.15345207481497022,42.83353445998029,772.8094125488072,0
39.42931388912274,10.33384559495114,143.69023036162605,40.05130428686239,16.152727029757166,0.0,0.8735812421829507,64.98216730800979,515.9384710669021,0.12139387597357953,42.33422408119657,911.3038199551238,1
17.76751320204879,9.925485920302608,148.1942004930005,51.764376498552195,12.547569454530858,21.513065400097354,0.8640049402132229,71.70175678764741,594.1063410094213,0.15565197613138634,45.830312545587546,321.42125805423905,0
39.189146932924544,7.988250053726759,122.81446907187976,33.76516194420835,14.492941275723108,26.47523954858833,0.6309233983027787,69.45159137641394,429.5104702892029,0.11973653741838293,37.79340690781745,1306.9948615267092,1
43.04756752330714,8.636182725890226,180.0,52.717728871000666,17.615918643268614,0.0,0.6565427970340216,62.49743035867773,596.8823830828426,0.11241706703637101,41.175888192921924,1413.7196879695425,1
32.31951062296896,25.142400279471214,138.1108325040537,39.47782968142894,0.0,21.882863675908403,1.3115039528919294,72.8951889182203,813.0469584204046,0.1497511394113757,39.39744952286653,726.609057773743,2
28.061656351418264,8.856462846390382,145.25031515070327,39.568291622199936,21.644257725791405,26.04210347231845,0.6237851343896657,79.49786569431743,742.4290919099558,0.12126653227472706,44.36640702170316,128.20862196288056,0
34.40340899140641,4.574219013831128,138.15561672170594,63.86131360788767,4.562283514022379,25.472375963384394,0.9013910386642181,66.04094599071436,1045.4205412456085,0.11335006886416538,56.581678642549235,137.8782389010214,2
0.0,10.494280928124034,148.3686775913883,54.832138594621185,8.008406659402608,8.041388799653529,0.9475558188226536,73.37550195273391,1110.9422071162003,0.20228570108011662,40.59007139860489,523.2212406522525,1
33.324840403340076,14.165413651019314,176.162881870121,55.14331093265858,15.063917895332278,27.731199730922476,0.8080724159179821,89.06504474565209,672.6991169348663,0.13038973645194007,43.78138434678118,788.5561500760672,1
28.753106023762122,16.364320179273783,180.0,25.428636099597703,11.321347547964743,20.09304497385399,0.9677277857798942,60.804688588175814,564.063117975795,0.24216808326707934,41.52199595034359,705.9322935315578,2
29.4430907563731,3.4479997825563586,164.91278407401316,61.30619002587549,16.382373969840057,25.910376189165156,0.8923763185359901,90.0,932.007179879261,0.18133194810978306,49.06287327389018,896.4255809297124,1
37.7718576418761,21.796832278711893,171.75987533943544,34.01339847056052,13.27645126610765,18.74142109152972,0.6285446594141775,68.25976427028999,952.8447279517222,0.1089648305079603,46.55949378108755,460.3404449100905,1
29.177541862787994,13.796969174455265,180.0,32.270105842957925,9.396009416445406,23.81037367055462,0.9380998047104881,77.00904101192533,788.2496263571827,0.20798798052479747,55.1240222886848,393.6396299335888,2
17.45772457683726,20.980024987100006,154.97742153532914,9.089019039041133,25.758823524386536,31.092358000407778,0.7001645869962428,87.79163165696525,841.1122124297333,0.1141690250014969,36.84812801524113,1463.7803485230265,0
28.444570620920842,2.365354691880625,180.0,38.91548989464587,18.372589788091215,17.959779458975845,1.2029472203336615,90.0,809.8305389742306,0.24866737546269943,43.38125291269161,492.82684815248365,1
30.74311032488907,17.278420391619807,165.84802264780808,21.999752502768324,14.719055926220577,22.84104808896709,0.9144075609877585,79.69820703613522,502.24866206746617,0.16130965347566958,41.07723129045735,1425.1351244600935,2
31.26427302739114,3.2974378824741053,152.87974718623144,39.89904594256389,18.2326785677343,32.4976869525679,0.6659662242612443,68.05494482225028,456.28568172718406,0.17712837016518346,38.36804038532811,900.1215793910521,2
31.78111304013575,6.663129717267918,157.00682068902935,21.0612184011477,5.652034565632539,18.66769835190242,0.8953037018687016,67.17188727229542,689.8196202210909,0.15154764033906215,40.63580876118405,197.98660321612488,2
41.433059494104086,14.112026816162606,113.57166073264352,56.57239805353765,31.57294567635016,8.746038345821514,0.6165320234398834,69.25107581445684,659.8169109574704,0.16329412922994804,47.670999680048105,933.0158665387501,2
18.053619916624378,3.0056143656004597,155.842385208923,41.61888755452075,2.211265190251755,26.760431241559942,0.8767113975985902,90.0,755.3887613691512,0.13854451617521915,41.082096913003184,1479.7643542916671,0
31.932705017813348,5.342732904944678,119.12504959107407,62.35845890899492,13.018517924640614,34.34877610609374,0.7703464862733677,71.16854493917266,673.7550345307916,0.10370958201542176,39.786750174013406,1275.5448892403986,1
44.18922668480065,2.3220241603502516,117.49461696777786,22.723711622089848,9.422163492440337,32.88783512817561,0.6380883429534392,78.23627412655937,359.3470598238224,0.1669837541860367,38.59323683157623,524.963066103558,1
10.919273533690852,13.852676803932072,153.8575737805045,53.590150936495704,9.080270621156565,27.149877663288734,0.6353228932018649,64.56242772668782,277.5613498502542,0.20123996829262852,23.358682271036535,233.70855394946025,0
31.976113488580587,4.210068345900454,127.71842809599892,13.367450995606077,7.911689193167165,0.0,1.3556855367958787,63.43656103090831,847.4860832738049,0.09046788296884611,24.87331520880897,744.6153972703709,2
23.560836478296523,8.435502231558871,149.85772497393245,37.49690571769153,5.054609991013487,13.641672730036886,0.8401063019743713,75.26392224050976,567.4419063293135,0.22702369118379284,39.337500178550194,238.1746733124075,0
25.922185770795846,11.231880466527409,152.7686903869973,27.42052256069659,22.695079843273074,14.153995123411972,0.7250173837815765,71.752556569549,653.5751189341372,0.18005685955933365,39.0078066404936,516.7395275279974,0
20.047117464641357,10.407403507900803,153.6609920163427,29.624521576995715,1.1576748487540431,20.44868391828119,0.6869179080567934,72.48294341643162,588.4050700524402,0.1281545910082086,38.89672972575096,1385.3578830118656,0
28.134942127295115,9.728915572046418,131.91757185915796,28.802042985094054,20.85207508815438,36.88264834440671,0.9236565426385686,60.2093018205351,517.3901795469649,0.12726111819406571,42.17652582470981,1014.9749623310364,2
50.253811758695946,9.715006696430565,167.97364764962398,24.023405775784052,17.836839612488838,9.19458366442804,0.6795308723982827,74.26512727027317,512.029630247333,0.24320812188240698,42.4400736368761,1196.8122989310252,1
16.09126602705065,2.4794886240170575,148.2152952706784,19.88374032019169,8.571979814885886,42.4220208859643,0.5791840472833754,90.0,903.9672746937081,0.19693623508418256,36.88850854011049,856.8189612564546,1
17.134289972732898,6.956060761442123,158.82151360342323,29.690878316822364,16.793465554144678,16.17672036725758,0.8128688326810684,66.46962000286575,652.1699362975695,0.2070025592960774,36.2291697299986,335.3779494512711,1
15.67871972820145,9.65116684953026,126.07120772106006,36.39234076744245,10.578908840730827,12.33098686526555,0.8112068003867065,83.97435207753406,826.952859186528,0.1374469139813008,45.72701038133387,310.55453082767633,0
49.00160115290911,8.892674856896402,146.43344886408025,48.96433227951222,2.0909429534158335,28.452047123117882,0.7282523047901855,40.356366124700514,853.8169811301593,0.1777757940807393,39.65080344375179,1172.0674147071343,1
24.914263239265843,7.596707119418574,171.9458896654024,38.54420475945265,2.1860971079618423,29.24304266824126,0.6239156985232754,66.97654804580051,763.3128292014528,0.1674689306295354,36.86711925770113,701.0327744792768,0
29.717970336175583,4.717133899451597,169.40355263617403,48.998482415532635,17.89897364822722,26.499469110237342,0.7339862478232312,55.896093454238766,860.4086952152686,0.14126748769002948,36.012724923443486,799.9989815889596,0
25.569387647831363,10.243262357052394,134.0541463415121,17.261877536514795,17.432132913165205,12.305445331939952,0.7166797798506275,87.36203722276319,702.86183732391,0.15546285558854867,50.07040337185378,350.4785178293479,0
19.611348337565992,11.654999064480654,139.08883618850308,29.8043671314951,14.178102728872975,25.020281277390726,0.6861598813387618,83.78777724962478,972.763077697827,0.20550255874108286,29.099573934882446,606.3414316161352,0
27.41334288724121,5.941445187524418,130.22626539872363,43.5320590296371,8.476351145935439,9.664422560993422,0.8808300150125133,64.65666729869028,864.6832805951673,0.2299795771657708,49.055345770657574,285.1200683469589,1
57.04067966310216,16.441967143202575,136.87174163478235,39.1182890694963,10.286116197320807,12.027541360197919,1.3097701562543318,77.89277151202624,891.2886385131502,0.13742516425925733,54.41184833295046,386.3338508087854,2
45.3127801307168,22.100524791114637,122.01864918586942,24.665898624089866,9.070021585523762,19.051298358957425,1.1129883374742202,87.01709429290989,512.296465643826,0.0843471872790921,48.61597626555184,1344.4410466897875,2
20.617684004285003,8.562294849575732,147.23648255183053,46.20882670599082,0.0,11.80036400098898,1.247222283243473,88.57191689565747,752.6487573809853,0.23217964657008563,40.17938760361311,1103.363018407607,1
37.123315133678545,4.3543849736789735,162.66276796365688,28.624721816570226,12.551279252306514,30.527482478786325,0.695107912012511,70.94209339026783,332.9953739594947,0.23280789614565112,24.23115227315268,1292.708743867691,1
20.85324950066986,2.970785064358606,134.29894272397843,25.67163726327535,16.70209375088551,14.218324680904022,1.1884314122436619,52.911438203340296,980.204587976631,0.17001937407743647,40.52955070707404,1323.842813097055,1
10.45995597269157,6.58705947534496,148.18787434677645,40.8433731259617,12.608479189003852,17.795437817189008,0.8700006796012167,66.01460033537083,575.3346373926829,0.23963154812374235,42.31121959070405,925.4348809280648,0
41.21462009431092,8.094726223859391,145.59003184737287,35.07403238401083,27.92234254817282,11.198017183259836,1.0369999681783477,82.66144594924242,603.0596006265985,0.16638076625785658,51.818767017946286,525.8906448563541,2
42.761021313079056,2.823826794097792,171.10237463196438,28.72505197965668,2.9589406965301777,30.376098114216656,0.920694870770594,90.0,426.5273871471066,0.1045470551144867,49.19295583559978,789.5680682519469,2
41.50657476152689,6.4285328492215665,137.76816326391156,28.317577697034743,6.050066547956517,13.338730256503073,0.7444812124337675,74.45674998428531,692.7456691012254,0.08439350309580469,41.43188543330496,126.40387829516185,1
24.8314822585847,15.860304651794177,138.49567784698297,22.162438402319623,13.19717096115303,31.420111027447533,0.9782894760933298,68.93178214287488,646.3495575473537,0.08391558733227046,39.546988322117414,1244.2783269776023,1
28.16546692597815,0.9641061391197123,133.07957743415278,30.251021047293623,14.193901291731883,30.68543585282252,0.9266847217960646,90.0,1064.539533267366,0.15022784124728,56.71796200470287,1223.6844024906927,1
38.24742109023936,8.969359815302735,127.24980959843025,48.20011322584923,0.0,15.540590490547512,0.43099897012916294,79.05732654670628,871.8470773932606,0.12668771743278304,41.60180836860162,811.6631299508165,1
34.30645641082918,5.3159696937486896,160.5836998289394,37.93460555585797,17.424281998880424,20.29667808261015,0.7926926691551117,62.72231994104672,597.0697773902081,0.12105721901057775,45.0273974542293,628.5672434561433,1
25.66998781573251,8.286197053346193,147.29778407339043,46.503128969328145,14.234851556000388,15.262910234320485,1.0119289210472215,73.81092379917507,366.7534095774951,0.144654668729463,34.64108334041989,341.6419813167648,1
12.190209978700189,22.890435713025642,151.09619719646605,41.192822452096415,0.0,25.457219952569773,0.8810327549026553,84.99927646682684,243.2658975512,0.19289856732646274,32.049115245930906,205.81816793200286,1
31.252627135562136,7.994717509081238,175.49282312390793,27.653045516338167,10.949616580035704,18.05528688671099,0.923283613619515,74.29625815676519,494.7493440102933,0.12264958616961923,43.6560158102927,554.9580703866668,1
41.86910603159725,7.138321019428972,176.64161451855745,15.210304702589085,4.723126302551991,15.825193362272351,0.6546867580281112,82.94360585671889,433.75669047586285,0.11423032721380649,46.963045235913036,1412.4644136461181,1
16.826528820624272,13.240161989342724,117.07531384330393,23.877747623554455,7.920090621175888,20.461791632400466,0.8763663334090298,58.949926330037954,769.7226837835378,0.12594946707986585,34.96784007119371,196.2577913147307,0
37.02635319843575,10.345116985840262,162.95669346191136,26.945170266829763,0.0,4.177842364741229,0.7988046255379934,60.658258574769434,671.0105948078445,0.1960462739724069,35.98195213746851,1428.7947083270785,1
33.64695864647062,8.997911559379382,154.51293851422378,26.017005556500084,15.74569810806215,19.24151755194922,0.7752402883873162,67.65143955856323,703.4652552097531,0.14649910559329427,48.635553172660565,840.15150240354,1
38.25163089555567,10.616100098976775,140.76818001708128,46.77223912231665,27.855987425132035,26.496119701393802,0.6705635858326573,72.17806610854743,510.21561830361316,0.1639953862174658,38.69390742723434,717.2299536509153,1
39.59173049690908,18.845718627940933,156.55367374055885,46.64706160219642,14.385212167532544,21.38054380261169,1.0212697180258954,78.33948820871677,730.4064789480656,0.22765117709155339,55.13939659071293,272.1416322147992,2
22.360882338821117,15.168349467100997,115.47233529558429,61.54255568331974,0.0,29.516565657248655,0.8960030882260499,81.36760244829644,415.9187038319437,0.2921636622723946,41.28555353994517,199.92660090396424,1
12.213446598185591,6.7623094827862085,179.252846855528,25.835345945691373,14.570364335995189,16.227019121392242,0.8738005104866557,90.0,682.3400181916104,0.18201937078112257,41.858496080846486,862.2464392594098,0
24.131285217488326,22.090870329020436,160.29888194143814,54.169379672772976,10.248250870208683,15.40709287673746,1.271172625748147,67.6144320686704,866.0494325921775,0.17706783303268434,41.017788335882706,938.0587656441004,1
39.780400492797085,5.585324792552209,132.69604510334682,54.09520646796956,2.090887187213072,8.826809960238343,0.9242358172938419,71.86011000894293,626.9134436022493,0.09077364786908473,62.37888946035601,707.7351355986691,2
24.037957061214318,8.970268691252407,138.29179556360953,32.21283490353363,15.182614482519245,15.94255096451274,1.0841092712815465,67.89344756994733,788.7287648136578,0.16842577722828903,48.52618659596862,502.2623399752592,1
22.36552343756594,9.741177838334728,115.9370704890512,40.682664763282816,19.9178825531462,39.6589262496437,0.8800452220634414,85.7938834410634,304.6270442858912,0.1530997645930648,45.372693455607205,118.52548529980929,2
9.965146238828979,6.51284970961079,143.72085500327492,49.88879898969453,5.983558662961761,22.755433651864525,0.7423039886374279,86.33950392864647,288.58304061740546,0.1946124126722585,30.644226608851763,473.34777169817846,0
49.27912310006033,20.529410114110142,140.34536045518834,34.292904528052865,0.0,14.144637842017795,0.586989789238241,70.52344480803319,765.4517471192833,0.13040765694984877,34.42310424371456,1100.7510667680108,1
39.082850055678406,6.259030211367148,123.49779225752482,33.36329867342429,0.0,9.938580619329338,0.8731058281595119,90.0,909.403808652404,0.1600358531924036,52.834514749601276,948.4205948343151,1
38.46885579402241,7.5247600132531804,165.53404467419557,27.471950946590574,6.0088341577321005,4.014692742340777,0.3,67.91101003420081,652.3532053007748,0.18026161632157764,45.11854123452338,321.33366553426964,1
40.64497925457421,16.69611494045168,175.53594379388952,6.679537776043645,10.600468776661714,11.696064305926816,0.8799427566960618,85.29917884213627,1129.0416844519134,0.24492712874116682,49.93671072543071,1210.8135144462626,1
36.34379197697742,5.754829313347891,149.45279019911044,35.84565939786175,7.355949927262687,27.59193508538641,0.8893876464588699,89.54522561000454,411.3203978509079,0.22818858963058372,49.440319372238264,307.8832983744213,2
27.31238259302518,2.713521206592942,143.88706234307264,26.481568070558886,5.850461166038563,15.729682267580372,0.7721351324336428,61.38420206289974,564.0032383122477,0.213303617832304,29.398082455799425,1213.6472621778214,0
28.19859485465578,9.160786056708233,158.6996920426359,22.095816516598067,17.111095744153396,10.418282518574284,0.7996794005964163,80.77632291200904,728.0183396101801,0.1863559635169183,38.467680359265266,817.6704156406768,0
25.29679198948663,3.520600782070801,149.60722075009915,40.06629980173177,16.165434415313317,11.518162159657592,0.5447427060269996,47.74953958744615,792.8749694337279,0.12843367333017172,31.800748145626798,1103.7114033137227,0
58.982148298565,3.1757394282490736,128.35641567537627,17.584253110146822,13.79634062484173,26.49480799939932,1.1248327964155596,83.24212355633557,583.2194598950358,0.18632693510580467,58.352323875139454,216.2290229185267,2
36.115032344293866,0.992206705498762,136.94644026825478,44.67295869536741,19.348390059096957,19.18736924618372,0.7458047896559044,63.983941792949324,488.1470001142296,0.11138660356477334,44.30530487625136,1137.3828210392692,1
24.89819514513422,1.1649227615785172,144.07127986503937,40.80319178312625,6.093233824842135,13.727955857898905,0.6061395957912592,80.67469613996482,824.0525730470787,0.1396890565804179,31.58525128506116,1110.04201434491,0
35.12046451582908,1.272770547628064,154.96373188953393,30.197681459632978,2.1489668844728875,16.916116304454285,0.9398254343513677,82.54988667970642,726.6481311942096,0.23891844150516656,51.732183935197895,345.35462865740044,2
18.880441903580508,24.028652282098918,150.18673435752936,34.24027696586649,7.2989969319536545,42.058831255474274,0.8443663437138733,86.20138479556287,631.0757955583551,0.176899086225383,32.213276016479035,292.55549910441164,1
46.54957390448149,1.2669254448999316,154.2073875997423,20.717346870149093,6.678275054864063,32.19623074205644,0.74116634740393,83.90215350067677,799.7629116762586,0.161350653574258,40.96680958636583,1148.1744392718522,2
22.72823994612146,3.4409081281348715,119.50344033432157,44.00406324038451,0.0,34.68625329669848,0.717912659583963,75.5589499245161,672.7304300223527,0.16778554312520677,39.86194369675891,682.6191915756715,0
35.51193975884712,7.622137410392533,163.30435488169857,37.248370892615185,7.089882244077263,2.478960543702854,0.8187594875969114,71.1952348884355,672.0515633606944,0.1453086064798303,53.014764362356196,1006.7606575335253,1
41.72575392717448,12.83436371431814,150.06831768017025,38.14219945507453,21.943654996640028,18.48897722163059,1.1160795135177803,74.25610669997404,664.6846137696617,0.05,54.050513019217654,112.6713011796034,2
34.232453986254924,13.763033478952893,180.0,41.022684556077564,19.20768087556076,13.552109008491168,0.9233002103070396,63.83998485382862,535.7884493002566,0.08678064257015802,44.64189525466783,357.10840930801004,2
31.03916991001602,4.356736828972606,142.24731259647174,27.291015033299313,16.72665471260472,25.43840195833846,0.8124301782883523,72.88312050520715,515.4513036039941,0.1808619174831893,38.863855985835194,1144.2941765011592,1
30.118822933416165,8.849183690498183,156.46916990218745,16.771300700948792,13.184562389132813,30.598068784522,1.0075354526586728,72.0930435171025,594.8595360733276,0.10397274247541305,45.57354961789561,378.4124614778776,2
29.37914793424182,7.453091985982637,180.0,46.48782049895157,25.04008673527828,23.264262129200397,0.8260570160482131,67.11781506163918,706.4141946008391,0.14462071296903448,34.3374075281106,212.39481372517585,0
23.656316621797476,8.47880987317989,153.88183259006357,43.26462096334889,2.45848894618835,11.27529957340541,0.908341500683777,57.58806781908142,325.7452987681911,0.08862784390230538,45.09871380220544,345.13893407465616,1
25.055682272533254,9.334904895323412,148.64738921447966,28.575694360748788,3.3165559023342013,13.389866620027645,0.8532481010370674,62.23063882395751,888.9489403068675,0.11406761959754433,37.589976958742085,1265.3621711999742,0
46.27549411016028,11.204911435192564,130.26156210498698,39.90932238956048,22.118657463196797,26.205708661328547,0.949751691963046,43.49888449501073,703.688251495559,0.1497869233910612,43.19484153893366,585.1428353363588,2
28.80609704046328,5.234817779435236,180.0,50.0956812646154,12.248444071548377,27.20073173209427,0.7222882816744738,71.92120808107148,486.9820857491596,0.19619303182909814,35.437565539922815,842.1057457988992,0
21.356241036789495,6.296899859760863,126.8179682764686,48.66440963700728,5.959395236602393,21.40952372437404,0.5693445700162332,78.60498648299699,1023.3190344270728,0.20621636848218414,36.82175343374245,908.4942608255393,0
24.320726434523408,31.937097521996595,158.54241833696244,28.225293962816053,16.96732164080823,21.29790919389571,1.0195065930912555,48.1743376202361,708.3584657923816,0.11326813830889518,38.622722021102305,621.6941583499683,1
42.10407748766946,5.500466218090882,140.52889357383236,17.134867454788985,8.053797344808135,20.501225357685502,1.151084229918852,77.36714779837949,432.97023421589057,0.16533516192945458,41.03515767304464,231.17719748636028,2
37.431672964809266,8.965805307357238,146.21327474843955,19.19341832483896,4.462270540745386,22.690965577472305,0.5797861615728666,73.77525838891638,1014.3441827706923,0.0787285643913778,39.688952177253725,459.5260243784548,1
36.16362096055482,7.504647592351342,121.52135462779884,31.25928784453867,4.211833684196187,27.159609751718122,0.8594441683122452,63.23244238282529,970.9736326238077,0.15282052996586123,43.355317674704686,320.9359822658559,1
27.167266811992295,8.707770688492202,176.8625444346779,52.5478055994459,14.893944249234146,26.301657072365295,0.7212485583530588,70.68794792418618,518.24379821861,0.19766589603689616,45.81895553729983,1373.3281268129056,0
36.30698717190239,16.995664237800018,144.44405388163446,26.25865505430358,13.852339469675963,20.23585433883417,1.0143433122401677,85.50804165217332,635.4039763808362,0.14664763034508896,58.818427054252275,1136.1226392487285,2
22.92082762554287,7.179458163856878,125.69820682213933,27.844065763887734,25.650720899903558,19.509505826726638,0.8742620616622443,65.25810939269844,608.4826167473378,0.21578436204819107,42.98476778455752,1252.2728961656453,0
27.144245655196478,3.0534186286585907,175.05381194080184,27.59706682258018,9.389196780586474,19.12701690930243,1.552043903014588,75.7885107575172,322.10625137946704,0.19184596512637556,28.704286833080324,1237.1486175758257,1
40.6678493613092,5.1573197224889755,139.91726373925394,28.619230444535994,9.235654960818788,12.19669355800236,0.7536846332316878,78.46595905035292,764.9375011788126,0.1620662274180659,37.781024789113374,103.04467629902005,1
39.61705446810971,7.191851898996042,156.69214583461442,34.865277870960476,24.956701774742243,12.069718506682516,1.1582043141345286,66.77792693575233,869.0290810830693,0.13751476096755133,50.456654704986285,1148.610319390544,2
19.198991694541164,9.557174718900868,166.82832764268733,19.63939790537893,20.870821139498318,25.439562748031108,1.1796187419772495,85.08271005591251,831.3777626209755,0.12328351050705515,43.502423217513055,774.8780154137663,1
20.58920901800567,4.374409787259282,159.4806866114864,48.01231947592342,13.304084733864652,12.871311136054363,0.9373914409910139,79.03840944785607,706.5507600429157,0.07710165666220369,51.01598199426525,1184.490070920196,1
31.195723680947506,4.792725623169431,106.06728899001929,33.262147063884235,0.0,28.13933867913024,0.8281583302632027,72.48089061644544,888.4318120575218,0.08524213450970956,37.708549642798,1443.7806519058036,1
48.98745612136461,9.81172672793454,163.90713401955574,64.74961489670402,4.693306959450908,19.486572889643732,0.8408642934478062,90.0,472.9308317300057,0.19974673278049668,58.668269630003756,600.8032458368198,1
8.928783190841063,10.05890312772663,147.98772474669744,20.91714801739982,2.5131468235103718,28.19595258435163,0.8222450674632449,85.1257843718515,1063.6563183826033,0.22568454031256152,48.249718997618864,946.6996203023527,0
33.06166233527555,15.40511277069058,143.41942606393334,54.0783940618989,12.328065992094322,26.36958803554807,1.069325936730891,58.13839114312165,545.5835786736634,0.09594816724793244,36.9299728389272,526.4435981946049,1
14.86352335269537,5.104400679278996,147.81850102049555,51.69614477583784,7.424929969126103,28.429299247720778,0.6280200146429038,71.10842595533761,567.7984701653147,0.1534093462379674,36.49579567012337,1351.3295668725682,0
23.022359071219,11.989818048589814,117.79934412117836,30.059791893852214,26.4261440355807,15.236342434981282,0.784583525922863,90.0,584.9568475183969,0.07127632914143944,37.744924780246095,455.63215201514447,0
25.991287401293345,7.5153914001835815,153.84341829323606,30.25927263785759,0.0,24.08899450479042,0.757919089300828,65.17818523659048,570.3706570287136,0.10116082168120491,33.68391392087473,591.7512338695371,0
25.374408222194198,5.720853297286782,122.7121725258138,23.944426206441243,1.5479425477855848,27.378879895483642,0.4402372273527287,75.66333792831578,661.4551887055424,0.16299146679370205,24.673130316471962,1343.1237842851092,0
24.128244663748706,7.703627201148221,144.28320580886736,24.082142897125337,14.201659063918665,4.486733006005679,1.0089612801477303,87.30993376626293,653.7110365888863,0.12406514823547854,45.76195526037671,241.19037147353853,1
30.079277664140072,8.52894266175433,153.1252886307642,34.9927286027017,16.69292444787753,37.016934475488604,1.0538422639065348,81.5232158770513,725.927996927183,0.05419032373110007,42.70107884786724,791.6214082970762,2
24.11218876706364,2.752187482551532,171.48074175975228,35.248351810956336,0.0,42.65953046114074,0.6804719446164553,82.96469345720786,536.2605721317519,0.23594323837031547,35.88478665645968,913.799781316932,1
13.912968766604322,2.962259099295168,133.6077368028057,15.771736796706023,0.0,29.47288294497813,1.046629140464044,82.37591368516703,733.3208712040331,0.1475426680945738,42.50378226408401,910.6254298055107,1
38.57856573775054,13.14569874543449,179.03174743691977,62.52206387991036,9.627566761734471,28.058807621299916,0.4715953013717973,75.25392726656257,481.9145412224465,0.09477972259384129,44.29002138023599,268.1032930418745,1
38.28159383863769,6.1757397735252955,168.93706507030294,31.885797714043253,24.20439268336471,25.887585974595183,0.8252699907045357,67.07685607263025,846.4949439971722,0.15640171038189898,40.22714833288579,155.28691185423241,1
39.27491741024936,9.607591235288309,141.41180515018928,35.78734732660626,28.989847966952727,16.76566658313274,0.7922231364484812,79.34764192489546,844.0140165407429,0.14595664037810954,50.13821248773532,683.2987834374591,1
13.0519205410951,12.878240147630525,127.82501467194794,27.485150799038696,8.269522588532766,18.89829788731482,0.8393047158479102,70.97223372907757,698.8426179121271,0.1710912790996015,30.492943549111022,735.4026635284795,0
33.28809967842566,7.73838286455606,121.12367635539158,31.79588553089799,10.464177203216254,29.64404895360529,0.8381599374554611,70.1864879914009,570.0605757294576,0.13300726003470215,38.00807962003422,1419.7298442429021,1
37.43576741387616,12.143358199009487,155.4350770306628,30.705462665069497,4.468208184438215,10.267828051335774,0.8030508340912894,89.82471887136587,762.2266625302018,0.16571292425466275,49.85471946355554,1157.9288895965533,1
18.656777247164563,8.56921155621882,135.25431700918372,34.964834890096874,17.6988575989751,9.392830868708748,0.7346899586084737,71.19004008423157,522.4705674811988,0.19718179867133895,31.207777240714293,938.0898060382967,0
30.100905730003422,8.86669431111335,173.9871361056343,34.82492107486262,25.756766260445378,16.02670811257502,0.7960846869392917,90.0,706.9080462672925,0.08409079301941029,49.31594723728605,394.15904824148976,1
28.721066901585978,17.930151388464882,136.4095234034346,44.658396182492844,23.304186636420447,26.562531748955085,1.1199086726023113,77.56766341148804,669.6369434891147,0.11533729731741957,43.60577663600504,1362.0282244084055,1
50.2636572442509,7.119207028234305,131.98658039896054,37.72663924518531,11.738994486101252,11.340638417257999,0.6926818310200417,73.40852268525984,1225.9816867328527,0.19196309809384554,55.26980547210294,370.9390533796586,1
51.1694564071383,13.24970497868442,154.67252702488628,43.45139624479404,4.45321465378298,17.74583933082642,1.3161748029010227,56.82438276091042,454.58949680304727,0.12243074358672275,45.52226301313126,1426.325312303835,2
11.69207967336779,2.2947524747184302,136.27906285681155,34.88227013833479,12.073773038788387,18.933243959479903,0.6802638204030864,90.0,166.5380086544542,0.1459163752562709,28.593354854306497,1424.3095998205233,0
57.43319706300788,9.359571074820794,150.17099986737605,37.77503066127069,24.427080339902197,9.88130761365543,0.872813027721721,74.94030444745562,572.4839113788515,0.12648037503091578,55.900002017569605,1469.0490217721,1
19.932517067313437,20.99075805573279,169.71978660117043,32.10433180780074,8.395346114880436,0.0,0.9456654306973771,52.29220205495902,356.8936761712821,0.12959874874125263,41.849411464740356,496.22620441646916,1
40.78740623760169,33.42159980216918,152.3445866333745,47.03734081205178,0.0,9.734874605811957,0.7558137008222425,84.87725632141354,554.6610278102132,0.12535324845438095,55.41678294288944,292.47983407971856,1
40.67547778950104,2.4143999333051154,152.4192892140545,38.8714691541911,8.75991672014279,22.608865173166926,1.124119906739228,74.498081879629,440.47917247216634,0.08706559818248373,42.20712048083955,980.2888423389018,2
19.047407504740125,6.15140168751454,154.10293417816837,33.103101745845194,9.488768218604948,24.861434682774735,0.939946592343161,65.68674547900228,519.0998674931456,0.17295984765812272,31.112863365368856,691.966552719116,1
35.42594573223009,3.5924119690729,116.13802019429214,32.745078385384154,0.0,24.94362983861405,0.7749214810015325,84.31183414839184,487.0180681978511,0.2031151595172244,37.55698971000232,643.8991438124243,1
28.817128813073296,7.336446996581848,157.8367549986098,33.68912790503604,14.088335987984872,26.09572394843138,1.1216782500698592,49.512676029648475,892.590296619458,0.14117546766179143,30.632265952405113,878.831769741112,1
36.0976300509563,14.744954218998043,153.19863153451792,35.36532708412438,16.55404196929858,13.73605099462554,0.5965918082859902,67.8590480567379,690.2941045309889,0.19747314649800718,42.05194371171639,1065.2498182728336,1
32.53739532618688,18.359348470666813,167.85794653966843,34.32366678537296,28.73903353336479,11.593908750128127,0.6955936257022659,72.00597607330855,915.0905606283786,0.1254458612393415,47.904614685621745,564.9743326620126,1
43.15973433907271,18.75517683493126,162.11621602274238,28.29390013746368,0.008607388411986605,23.750580048508564,0.9437654950241032,83.52187947110787,708.0962968340792,0.12249420833169199,49.78501933123776,569.1609491787159,2
30.829394974606686,2.2001424848290663,145.96102736788973,44.178806663219135,18.574692881598875,17.88249929763059,0.9963226135911976,90.0,885.7179845928435,0.17053484514749537,48.13189261498388,954.5038092478703,2
28.153385236310577,8.392936091183765,170.6478578302138,44.93691191057804,20.70152536058289,29.070786225461024,0.8909768147341992,72.5523118691768,639.5709793125448,0.1713687324112193,40.58452685622372,199.83407613626713,1
42.056706563628985,5.019497822215068,144.14738604774558,56.40628205480896,16.67658837841779,23.81373564337549,0.7920176891255076,79.59944194801719,1018.9104061084652,0.14436206353429024,61.261324400472276,1079.9251304699615,1
36.38435561344464,7.01527041221879,154.9431420815541,27.756443472262866,2.938785304402879,32.83820562832887,0.7646823050525665,90.0,794.1936357565462,0.18382940551975796,47.76091415061566,1218.6161567480062,1
38.049947337529765,5.6148556859286725,143.77701139041287,42.99726470182527,2.415659873317395,15.344636956744043,1.0689082037145854,75.04736807893943,544.0357758066913,0.08565115644758063,51.11782431780017,1331.6531085029665,2
22.689546605155435,2.316331763265163,159.23515609846424,12.090352204607811,12.874770770554335,30.675342501078458,0.8728868228979727,79.68199056023288,823.8299203817334,0.1348013970245009,55.03440369459641,1155.366100398943,0
18.502109404616785,18.478675066157,142.47020434724476,44.94851678026265,12.811598938616628,40.34675897138318,0.6281074700718456,62.626485024944635,705.4196791817011,0.1982408913047747,32.319583409460755,809.4409501962931,1
23.755056424220285,4.41180822878551,180.0,17.52101461991378,6.965095578341643,20.537425616076266,0.6154214800970798,90.0,659.4984635741771,0.19810631253930844,25.41950924066885,1323.3401241250021,0
23.170964757513524,5.097838684542651,180.0,23.188026757132576,23.624733121799302,24.993066769407683,1.1529614887706643,67.8702365511435,719.204256769624,0.1918012844703026,31.148711276108443,787.3829678615585,1
38.64819195518206,21.073758343180707,167.4787650837201,38.98670394818982,8.393235757571457,10.694717113015125,0.6618724453624721,77.68571295180055,850.2499468230651,0.20103695790702006,48.18463546832273,1201.920147596669,1
40.73582455323457,1.920269009883024,180.0,27.542011574932253,0.0,28.940565258823383,0.8800008347586589,77.40235787119798,276.4974832671137,0.13137297237153134,38.5504733262563,189.05639530066617,2
28.293566815143596,11.091492662109836,119.21571038281905,25.899757879965076,9.983491369456464,31.290581695243006,1.1171994156421545,75.85338322015134,629.8119104545493,0.06474009583661713,38.16116460497807,1092.6509740291212,1
45.740109207067874,16.15412726034959,121.5724451345001,29.18220773001985,16.322460134211354,15.055468159333891,0.9392636039714883,70.65686322096579,836.5341429195128,0.13706068042200334,49.28048453902615,217.74128990657738,2
45.05316333141643,19.982837828517717,143.56878866737574,43.7555119030223,15.077650368549413,25.86159571074838,0.6533186703125815,77.41326245006611,749.6454530046105,0.1817997865480241,41.19156256659018,138.7845973992441,1
32.67738808040593,10.56274598146179,150.82461930517755,23.805315242987078,15.008003284259516,22.80472738844605,0.5965472990595826,90.0,474.7238021197426,0.18997183695829056,38.3166150485402,803.1394201788237,1
20.95919051302656,13.416944264670661,146.03585163800668,34.35014162932957,25.4459011292101,23.907852902758513,1.2313754640261991,90.0,226.44752589822355,0.12368642541146206,42.09815813920885,267.22684234975674,1
47.329143143790944,16.148292447686217,117.15729500734093,30.456124585527963,1.966884854680881,28.120197407652732,0.5909437897740827,73.24857126075725,1040.1853333591641,0.10159921149539633,53.31037290214138,555.165203980799,1
29.32880913868751,7.42389736513167,173.03183412647294,44.83868925594817,8.186624864843928,25.18899508999482,0.6982807685417272,70.50536710988735,662.5835901247411,0.10657453192415091,47.5737353887489,1183.9386517186792,0
31.38781716074072,3.8914176000713936,180.0,45.17506104899412,25.905486342093624,18.610121738271573,0.9019508004959301,66.91235572572597,1002.8099017498082,0.12281656339141968,44.33196070417167,870.396939536068,2
26.264344718327745,22.122250568892476,175.61975358345245,12.97661843076665,0.0,28.332963554301372,0.7718467412031731,90.0,858.9925499645427,0.05514302390581012,40.85948242655737,1126.7292881602586,0
20.212306410730825,12.44142973932681,171.71046537572943,47.541313025171775,11.516749975175076,31.118560895246137,0.9462371450770366,76.2883489829682,541.277288688628,0.1236427096395903,39.49688588291388,1196.973748495742,1
13.844966266531788,8.385713847909322,154.52239210291205,27.670929122494265,23.060290037133306,14.458055659800026,0.4970901324066039,86.15042569570521,199.7132421832677,0.15239383602948106,29.269754174248153,772.3562446009197,0
36.96155155913017,2.4388421262916395,133.14005258545725,37.83550638316009,22.926146258406536,19.982008729534243,0.7737121355405921,81.9666064127916,607.5701151611102,0.14510578394162219,44.01106596143702,1479.8978455364127,1
21.382588407137177,0.7478475621707171,151.45056105271937,23.73309511540044,17.941047355617176,2.3130719477909913,0.9690915244153613,90.0,692.5515266995562,0.13348647026449464,46.67861112692556,382.9338205843703,1
63.65484351896506,10.939321636333865,180.0,39.4536152325174,18.168953715855245,25.83598047531213,0.9698360769438074,72.52299721917565,790.1320043155206,0.1155369990719066,62.88976168891109,218.8726889337347,1
18.05319059126273,0.6835003609738545,142.9602377498589,65.61618744345323,2.6307918925037814,32.23117576264271,0.6940602792131141,63.92931690973734,477.8242786708249,0.12135964166070057,34.76180756261398,545.8791580958418,0
16.168792775204928,8.318228872564703,140.90085504352118,36.525986735420396,24.35859375536267,17.427047725107386,0.5952237901884766,90.0,735.6013166105379,0.12224376654523986,39.4626068920799,1167.51377310175,0
35.61152587174785,4.588194730043656,172.14607318207828,29.48182738824372,1.1994445984278528,21.33436157834694,0.8670168836321522,84.03306444641464,735.5283815159644,0.18527400824270052,48.66800190443093,234.7361262458213,0
46.822448268640244,5.603566414637485,173.47372101491192,32.21406518389351,1.7362828256396252,17.7980426505606,0.5312582179627099,79.56283102321251,897.1906332523256,0.1499535532345251,48.195679873047226,753.4373672449723,1
30.710486226375437,18.89026059737283,133.04196388450393,17.37164051314376,15.49086718047371,16.16103776124136,1.1025395311120596,90.0,638.6385972804704,0.3083420338338286,48.001707715240244,899.8802280105909,2
36.29466662206002,4.625322528203863,144.77030773525155,52.38755943397349,7.562869538545204,22.32171286846596,0.8546299281330115,80.13330485548266,788.5518792569117,0.13338315736265843,58.19962912999573,1231.1486850797494,1
9.720978407954195,8.630880559344986,139.96189008197132,38.75459729115933,13.860270291357828,12.157574609722163,0.6667014532311671,90.0,757.6873898286862,0.1718936574461111,33.76583864357845,1284.2519563802712,0
22.547372997390568,4.646524958047216,151.3937875812218,22.41322512442584,15.876903713522042,17.647230635565677,0.5880096903750593,77.46591895509006,875.1173346235222,0.13449831079494323,38.25796629490732,434.5082903099754,0
18.190226979486763,10.227315003435924,172.07373341902985,22.804180518454963,28.00298765437994,10.954490718941196,0.6807275335256779,84.01948824701884,536.0179145964223,0.13328324650626272,34.88312546412704,483.73278500811256,0
9.15449565057331,9.21220115566183,133.91944957743817,35.18338854978592,15.903521270097684,25.890765858496767,0.4763751651108967,80.26391325444487,100.0,0.228118578393399,19.665725587572595,1057.5500269030476,0
31.286782574262755,8.322475557365278,171.79329624473874,46.183944720061845,6.433191262573872,22.392381202677022,0.9288513954450959,71.74716264969773,652.6273978954113,0.19987741875574944,49.213957000461164,1303.6906216819593,2
5.328896162285233,16.188454252931933,152.03302497842617,21.188121095156344,18.088391623675218,15.687620826150757,0.6433737499901324,72.94609556662508,653.8067581766468,0.06226550945374902,35.32719079157955,335.7019096466113,0
15.455844373038063,1.9252282621243453,180.0,48.360912102406054,4.5142121992609905,20.370787456223955,0.9079277875863337,71.07137784689813,468.49622722357486,0.09887370057795797,35.56613340027497,1111.6952975929185,1
24.0908682658524,1.418182145098824,156.37661768741748,33.900397376517155,20.218399719384372,17.792747442236514,0.9382600578417222,77.65487095316332,398.38785807243744,0.14318791966050845,48.3708646394865,432.73984045155305,1
20.85585580453816,2.891324554648531,148.0616286074147,23.83707937991484,12.581651276123297,31.438951705726343,1.0325193910142196,70.44197593601491,585.0598089683149,0.1241443621573841,29.20775786129745,352.933410405369,1
34.36049352427774,9.24637113645001,161.49429454231984,29.387714881124268,15.604894345412534,15.58987684656571,0.8754064713388754,79.35899564103849,677.0245524176839,0.0745836442268871,48.32086793292652,572.5766138304093,1
33.36138211092728,11.495645357273204,143.2570752422558,55.98264652555652,0.0,26.350449654318837,1.0675515616559719,79.01901566672653,719.0855774635705,0.15579024921561554,45.56992630825919,1212.5184275003555,2
39.83178620529003,0.22579019827907224,114.09453753296349,18.341439961455954,0.0,12.947927146917069,1.1249442956427478,77.0515413357302,242.9388927406609,0.0560937431103497,35.26404917434536,1139.5716098374216,2
38.27622105983946,11.389569628893316,145.18957651457805,26.21728452864624,0.0,28.142384003799002,0.8768073375077969,77.22518669737221,349.29200363895944,0.15633763806920006,38.88579290208485,770.1808132389239,1
42.548940682975186,6.273576857196902,144.8741278186155,46.43100301561905,27.711937701286203,30.37305600003608,0.8900758464762311,69.33841577554695,925.9111041194485,0.18649883316762345,47.746489074042195,1099.8622966178496,2
29.978897599900403,22.497866636731516,118.15365078900376,37.59748452144362,1.6666065943761854,30.84506292594542,0.6973557642313231,72.18023632156275,662.0783712941603,0.19363679429805192,23.009289319221125,668.1834423230696,0
33.33813590898337,10.807402719703468,148.53929620411014,25.505110180903372,18.590788217900382,34.71016891138697,0.6027225658770177,58.293911739871874,699.5132729852953,0.14278429652722394,33.43998651177545,394.7130907114974,1
35.626650721111105,20.799670635244066,108.65779550781205,46.57751883637788,6.2228298098036525,22.92445000079025,1.1020563920484434,73.80130653697933,433.34867406691967,0.2255407876331879,47.23316576853378,1280.2199408407866,2
31.558223671301285,18.26636281750249,143.0462632968904,47.14754879803017,9.839729107026837,32.37946701663242,0.9532636167367319,65.14188769878854,699.1192664667958,0.16658130232218585,42.74726840670151,175.30642529972718,2
25.630862590912187,6.276232132151587,154.87191984089344,38.976688022216976,11.597517704376664,36.24179952320425,0.9711023923747861,75.99852430783132,624.865803801553,0.19229126474967176,40.56779991515317,1361.4299579969488,2
26.343132122262528,14.788685728321811,151.93992354276466,27.65124094899783,26.794005850303463,8.77947636115496,0.690043886511592,67.85510877586538,576.2935697774075,0.11318681349345924,33.80050218145201,1204.4271018125512,0
21.00685761837038,6.265441423105741,141.77861054226364,29.500344561987703,17.260549777122822,13.967618582367976,1.1772627307946932,54.49327201551137,407.6331659329074,0.22608173984181415,22.200880483116926,1113.0129166094139,1
34.63778512900812,24.351674941245225,148.28939196103858,38.416112783580786,15.46529826288316,5.04299290482879,0.7697049366089666,90.0,526.3025737336507,0.14985211607443516,38.05283057473274,896.7732148538938,1
28.965833085063288,6.746235646810471,134.31871125044339,19.256851265439444,23.670285889000766,30.611441247247708,0.643595043179892,72.6857062665432,1094.403493604455,0.22883855384188634,42.812917727152644,1234.0188575288487,0
22.705088742995585,11.885474387836357,150.2163303884507,50.93341857359735,6.301228226145763,4.914677326116571,0.6937916924567683,89.470578616837,630.1058833927291,0.2179076643643016,51.24035496009031,139.5077622324638,0
22.71530698742948,27.36265863377749,151.16172813183542,55.40250906411006,21.6150867925629,2.2015765951930284,1.1656621556782327,69.73010301431314,857.9239238127951,0.16288190042524592,51.525103131797295,927.4184039463164,1
16.68561399438933,12.255535513934142,131.9950004419698,32.16854180191675,20.11172335642858,9.026073191048392,0.5755695222778451,90.0,660.7204402425339,0.1702843465550646,39.973770431667226,465.4563617072249,0
40.767254753609194,5.757757194901983,155.35398401018196,39.27325390916968,20.00909426919179,2.616879894755691,0.6547530477876444,63.48302136581749,637.5767945703202,0.14100318685354107,45.81769857639538,994.97606730894,1
30.864794364849665,2.5787973040143846,155.22905310160908,49.22962451419191,10.60484967379643,22.721580298254317,1.457672050091532,76.76031575855554,572.7994731204492,0.10904085661139631,41.23482860959148,1044.6138035584913,2
20.50919978469403,1.9437084635481385,146.6758017283786,58.46673006281226,8.064165938003143,9.154573546140316,1.0270283019914723,64.0771058035246,969.1263988539949,0.17975990940277456,46.56416570625365,400.63806481769933,1
38.8940252456222,11.349023367186302,180.0,53.68377602588838,4.171587193475261,3.097170879962139,0.6587277140064531,90.0,774.6143792462216,0.177202106011385,53.79008318653396,316.7290948038218,1
23.835063092261898,7.701764013669248,147.18595226631382,14.173549839694488,4.735358715301158,19.581266798948285,0.5820815810906655,72.50738525261521,542.078178956072,0.06906637216651533,27.521337665527223,922.4404012690514,0
14.52849310286544,2.941679776908761,144.41531509253963,31.213355740069773,3.746881640473573,20.17112028447047,0.45200661746342835,83.28452552955768,621.1779967144571,0.14586104507202147,29.13584552174147,1416.8074878959505,0
41.23344518141046,13.713270942271771,141.55213781584536,41.00825901779863,15.301629856434683,1.3021690251390083,0.8413651121687397,79.50577426318841,915.1814022558076,0.19340071807043052,60.24935158564977,1028.82329108454,1
24.091933114772758,13.58258234087393,130.581215538472,29.06939243717682,9.94497318056935,12.862988265294764,0.9801644779802055,74.74484373214685,132.29231750867825,0.22328685471837256,44.094673200134196,777.8226907598961,1
25.502110007703315,7.597078380469346,163.71794719686807,56.39320094048438,15.882601779120174,19.25361248027001,1.1541356061782124,80.17719864583023,762.1004440430928,0.18626582530922292,36.41696897668831,1409.6850018435377,1
30.452980223840953,21.40665893337694,136.27506063961098,54.552502073631594,16.39093817687524,16.431767265301126,0.4033236121440438,88.59172938665253,807.5202950978845,0.07413666348151496,41.643198686192946,1246.4828421620653,1
42.568481450691266,1.5753577468282687,138.64103706004494,25.20883830489524,2.462195511405003,16.705167729472624,0.528416069433991,81.68205931098943,550.0507148851417,0.09727777613247035,36.474297995017,1125.9187365819682,1
30.22041019952943,5.9379857521638515,139.23516880922804,33.051199761131315,2.1920832110169357,31.79286978736112,0.7936988729352877,76.62454873278928,730.9188614134919,0.1327001452549964,46.348730100569455,712.3491234589159,1
16.809711612402467,12.209112166488216,130.30112968302979,26.005350365724357,9.942056551440187,41.46544792323574,1.4332874122889954,80.19322937978349,800.4619729929052,0.21994059671750812,23.652758690520834,787.9515606218658,2
35.98264704523398,3.2744740518729607,114.97833334910554,32.65845867072596,5.023913487475969,16.867015140181977,1.0148985505274508,90.0,453.77070108816736,0.11964618432392161,33.094193992636264,470.46773911344854,2
24.665113033121035,14.658314900870412,140.74120265681614,32.2948118079994,4.076290744263429,6.781184674202459,0.9020159502261167,70.83189626920976,868.3870406182558,0.20292999593632288,49.96644914002741,1243.636162898359,1
50.767163686824134,17.671019393527352,167.46670625424582,46.4510949769623,27.261183081673835,17.65416901386185,0.5505168100841583,56.4611309535181,759.468024008295,0.118843370119716,46.08835026701912,498.5300190490104,1
29.987683058023208,0.4334050519297006,153.9395961093049,24.338424035193984,0.0,21.942931034195226,0.3536032341982784,64.03499029354728,669.4052652167784,0.1766308912150919,18.107938063161765,1085.2507850616398,0
5.41460952311467,21.886344221097094,180.0,3.5990047405308374,30.207579845502096,19.46721455230157,0.8285469308299139,64.77876492227765,720.9856777044415,0.1029985757423501,27.204248111720265,1324.9441274622088,1
33.93101469371241,11.693091822463796,165.01912609978368,15.74548301318216,14.599887450231797,26.10691118224394,0.7981387123858448,66.18720363626682,841.4384805762671,0.1403093303984589,45.99049526906594,873.0312371584882,1
51.390575714862514,5.381610413782311,160.4792962054809,22.66038064751924,20.876144547161335,42.11909250196214,0.7610823454787204,66.53093018483997,1163.2232923460997,0.09341942393372504,40.31588583971068,319.11251499779985,2
47.335123173999285,2.1256981291139345,180.0,27.131700932035137,19.814995355972084,2.868791429196797,0.7363045931171195,74.76400424850972,821.9892805343903,0.2221549762140728,49.117483147222465,134.83185825200843,1
50.140497176322214,16.018264800177306,148.05708809993578,37.24609280738256,17.552632595394325,14.92920332966196,0.6553621155032443,77.47417928893798,862.1164977623271,0.11525738365389292,51.33399498503105,1042.5346557509242,1
18.782637960803903,2.795976080175283,151.26151347009903,22.042473133653687,26.95648619228867,35.411431773615064,0.6049187320522071,77.36671725458866,738.7053661326412,0.07264267667863054,23.810314522920372,414.48881043652335,1
40.03367635574457,11.677783191399724,149.77071156679725,20.466792916880816,2.2582498037089636,14.77954439734165,1.1256917156101962,67.69722086474812,1080.3302591664944,0.0686841514416761,45.4111519898267,154.69381190510157,2
22.05806006289617,2.90962417001529,180.0,23.84663098817468,10.592594599994321,27.894935055744234,0.624963774766618,84.93900067794806,406.8013033251585,0.14572835958337546,22.576279924797525,580.5952461480013,0
32.46718339358617,8.176491910668084,150.0503063291818,21.612151986082623,4.324377787493273,26.30900697347659,0.7592474270709607,80.34455821778533,352.5196387063668,0.12709659259444905,33.89802657892901,914.9717739794493,1
15.997523283862943,15.535048311960395,137.03445251845793,28.346075068452254,0.0,32.368798568138025,0.8114028167424433,90.0,730.6065459305181,0.18243618535826284,35.37617564766562,872.1456688528328,0
22.91098658629012,5.44146791987003,161.75351075925704,27.832551249259215,6.048829932975986,39.13339744159529,0.9753816737068847,83.46761040446717,832.0284369713938,0.13824417868437303,44.395878053155045,334.3747930560546,2
22.561286329000232,21.787500187577514,133.67480377885943,43.26868180368573,28.85293000401439,23.330727071005235,0.6325973249367968,71.50468241411228,185.07687969761082,0.20829831054842834,32.38421350353876,945.580176125298,0
39.884108081568776,12.409750424035211,160.66943025227852,23.12564737916453,10.438799723240567,2.541702145800958,1.03517496473006,88.05488303632495,699.3128744295147,0.13072919059270333,59.256088778613716,675.0826903622001,2
38.80791033836621,3.2845886002632936,158.2768186828367,30.708840460042744,29.851641420002036,12.995928237358807,0.6924734004582787,77.73586086312855,663.902048272339,0.20132409788523992,54.433151512676965,768.6807738740239,1
33.04501702263903,2.304799864309848,146.21194664387008,28.459727840998774,30.772444470988837,41.860528665936144,0.7843826227635885,82.9797861888055,848.8316377019978,0.10237214955267955,42.89928384317572,1324.1959854256959,1
15.14536440139076,4.168784365537106,161.31623144173653,44.70661971245081,38.95617327326474,5.858021906150261,1.1814816888451602,82.20429734697336,785.7471082641056,0.07483333769044956,43.98891737641342,209.9415413843694,2
26.57196622655308,7.8804045473537965,120.24420139383297,33.14864868778755,29.149437171884752,24.968065691905732,0.6067699031182929,73.7568016672026,338.35562902659916,0.10883308033739292,28.479724962244987,839.0193728207249,0
21.792718687630014,23.17147189669235,153.25924242649972,47.608360680790334,33.22318678800426,0.0,0.9785990367369485,76.03270380430605,483.98855168885177,0.09356286178638187,41.69090362235561,343.07374749714154,2
39.5664333236394,26.113621958256363,140.74469230666537,21.171557887942292,14.926507869501517,6.487728181104908,1.041014390973101,73.68625367945802,538.6420655926017,0.08796844558346073,47.42882726739765,355.8822901591017,2
42.96003338098903,5.2691517674977675,180.0,34.40760069878216,14.054954103180059,28.869372813999128,0.8881775164928714,66.47053711758471,847.7890271870776,0.1706826089338275,43.50297291732332,954.648647114754,2
41.62024144633971,5.131187856897313,153.11650139280417,28.089307795640813,14.653554250938154,20.35960920329756,0.7941432191192618,53.55305222044335,774.9292464030417,0.1367841698965837,42.143809110340555,1037.5926983028248,1
21.692586386412774,13.898883870156531,138.07215900433127,20.287446825372754,12.000559841493276,16.235581746117212,1.2876548877180767,68.06194447232984,575.8550635956813,0.15708877129722149,27.607934101011004,948.7153006020577,1
0.0,13.819575820793858,122.43396527893836,34.18986750817931,13.346968216507888,11.856439756450873,0.8169540132277415,76.99165656466386,728.9094471936589,0.17637747003583512,33.91406403122581,1392.8912496329408,0
10.563419120569403,19.505464163501472,176.10812393588532,55.79513309882268,18.76964308638076,0.03457460364907661,0.8648970500072165,85.85584879223724,488.3986854466794,0.0657151642068862,47.16932683005696,1212.526600444852,0
45.63789675890429,19.856360728282713,142.99934560952445,24.7650943648864,7.807639302331153,26.934058862266376,0.7459641097469437,82.95989988448305,1109.9277401228042,0.178496523371438,49.43100046606603,378.0542571935456,1
25.586195667481938,3.9130629955855674,134.1729586584916,33.470540217946805,0.0,17.168526303424287,0.8532380086235385,72.20386905011762,814.8714801314082,0.08973975817254556,33.53849178375694,990.2096141424436,0
21.742029199083763,1.8527877647705897,156.7259842801812,19.253220564889386,15.272569178152738,4.78134825486346,1.03210595531542,68.19823366179708,857.2353952885519,0.12115899957713078,43.45579810543168,968.4761553677373,1
48.06926322779857,12.539391412702114,162.99437662811306,17.48926673715189,5.7647564910766524,20.30189139510284,0.759432824999541,73.20125808707115,975.3622068770802,0.055393720558120085,42.38977142511621,1005.1347387837867,1
43.916759400371596,9.617738241221666,162.6790586641906,25.552972047885188,6.696538522757953,25.81248015410128,0.35612329852198055,65.24993536421549,903.2486386436133,0.18272900500290276,40.08545615359556,700.7123568017063,1
30.268935941117654,0.9488554364541084,150.39500846118725,29.60020386044983,10.715220927172457,17.99326309874627,0.9329854402197004,53.84730372650095,706.3052622643104,0.06554685163572248,44.0020578888911,1426.6690634428942,2
26.772565998296287,1.8045631542082705,153.1838027377344,30.1330035088262,8.650711024195127,21.159926833124214,0.582766422956061,59.54855375025253,663.0070069530256,0.08999455836906808,19.634831774152914,749.2230817686328,0
28.546886659055623,12.111203686616054,154.64074151361405,32.28769981904929,21.990382432650232,20.381268154874416,0.9832128172310179,88.74741358161484,957.6568830357326,0.09362093986680883,56.173620142978,1205.0957360750974,1
32.49879078226213,7.348740454886263,156.72792531257747,15.220008311559564,10.499326144289906,12.93205191371824,0.8197085590201252,90.0,705.3070564573976,0.14356199983850676,46.45620503073358,773.8316280746998,1
47.60052009451569,12.30907870056601,158.49770391802966,27.488645461916335,22.444046740890457,20.542596132998323,1.0274840027285335,82.53940973931394,550.1964430979307,0.14203653818046588,41.50979496172532,1202.3969058278021,2
34.64714166660949,3.0761598616450025,171.88905502611092,41.0211016808441,13.854146240479382,27.352169313239425,0.6113643710582135,74.41847374749881,1093.3264951804254,0.19059490257400447,49.1156755662624,653.8971390528824,1
37.98631936343055,12.950383455066646,151.128297240517,18.701059125265548,11.203238982578966,30.34643673325583,0.7022513351564481,61.0701962734996,512.8144231027372,0.14477152547613642,24.885610972120027,101.14149067925852,1
42.86197119977189,10.514381889990762,133.66393468339277,30.738251661859145,13.423984376581148,27.907293385893432,0.7451920742814627,73.38867974475131,353.058984989328,0.19828852006515085,42.7473287632991,799.8029514437121,2
17.133563988731392,13.630934792943417,147.11416593791932,38.51412511925682,0.37533122381339545,13.249019687640871,0.493897915424239,81.11839247673711,898.555271787363,0.16896621999351194,34.8840959232859,867.1969153042527,0
38.30348081721447,5.589532225741777,165.07561637469993,25.612796935715963,15.042694705236261,26.362125515697837,1.0645124459173831,83.29881272493985,553.7507218714643,0.1027260346556392,36.88277791844321,261.8592135474414,2
26.759743698722275,4.624658727421564,114.26944083230309,39.09829275393017,19.642703666834645,24.65466427336545,0.46240695845550706,81.88811000815001,787.0193368326682,0.1166402764151153,47.52555940454717,1031.257930584688,0
2.3229528464995752,2.1221038085803414,114.38495609256077,16.746484647379628,20.917653841616023,12.902912075548048,1.0614089959551989,87.09568067691265,1063.4421672377675,0.22552916925195313,35.62457534530105,1295.2291811533128,1
6.590135038156067,6.386168523147132,168.36552242784649,45.66139487518647,0.0,15.356872624605632,0.9133676653082046,90.0,425.0307089590254,0.21137153427091768,36.58939389434584,1315.6767515680672,1
18.80070627329446,17.15929079226125,180.0,39.38960879712435,0.0,26.796931026475402,0.7762491868845722,70.94977648259885,691.8169252617478,0.19120393106074948,33.989524192478555,627.6540279043905,0
35.843455514518396,20.453789362187482,124.69599929961052,35.667984842113604,7.16863327427247,33.769081528064426,0.8959255526996514,90.0,996.6818446063718,0.19777446038738514,49.31731442565665,674.0129289210547,2
31.25179521874326,2.8201905987974034,152.0091854166579,48.49781631567009,24.4619612219359,1.8832810201950139,0.889901323432671,54.800624516325826,836.3772846796162,0.1732562755190672,50.31499576345665,1301.7396233857446,2
32.028033778932304,7.875784000863727,142.0090977416597,31.04781128916062,13.988778542222214,36.400612383692945,0.7319058594528354,67.21688554444803,664.0358253108042,0.16675533372020435,35.55793320652361,1497.660596358862,2
51.46037830955361,23.40304843011063,144.78339775516753,27.585726650457055,5.027742842266179,31.641596759081715,0.8855929591591566,77.00000253414753,1177.875908731521,0.15248574337004986,58.91143665975027,173.64812536407612,2
16.040014236542063,25.529408254532857,156.1106201751283,51.47053140916695,0.0,21.99118500166033,0.9808603322737416,80.49025922618415,680.9365115329281,0.2349424616559428,47.81219462613965,186.49257842577308,1
29.69823310397904,6.176193972806944,124.14259541978502,57.089189626817536,5.844096259917455,17.592833766420018,0.6121698060393762,73.1836434627341,779.3749057057064,0.1267670775134791,34.8472131875193,175.96301348103577,0
33.34879075095197,18.204264077844886,127.85564999015197,26.678747526586847,5.2360398433823,23.90433449219143,0.8961628895147066,70.04234060253354,1029.8708991820295,0.16201500126803017,49.100422694403875,747.4737174147681,2
21.90099571807831,16.13502466519693,143.9749765415755,33.635081154706214,20.42055946780731,13.594346393410298,0.3,90.0,896.1727142773211,0.06458647863206801,37.66739176985964,1198.3708086174984,0
30.31159419591235,15.233775646383467,147.0924880421168,47.540510519137456,21.112898244483397,18.2230498005333,0.39548802202198646,69.5647742390519,964.3439200444952,0.07846414301000905,35.458550426339514,231.15467596053395,1
12.400557325072207,1.5310355168420564,127.48089788631657,34.06225997827073,2.5508831502815728,5.249730485610208,0.9441958633424146,64.80626040769563,520.0921006367473,0.2407581117650451,47.832022481485936,1064.5265560528119,1
45.5089683900253,5.004212829918053,165.79295349578368,42.135062104855805,18.7784945542344,2.584770429316393,0.7280775689942758,90.0,945.6349564375221,0.18083901320590454,59.40623989072445,339.62503674818487,1
22.502239922165227,7.224018991733869,141.64878053777934,44.36484316986059,17.85681208807885,43.32306634705884,0.6322436020514258,83.491526911596,733.9184181947941,0.13936507447541724,41.60551784142281,146.14615903433045,1
52.34540181256354,7.060521189469052,141.5636478786631,28.252345093321473,1.3828726671336131,20.630752184082876,0.8083343958174716,85.94717221747703,550.8442171113111,0.15391622935760169,52.60241485060805,933.8200506471134,1
29.642782436907993,7.809890546889539,155.65317580459802,40.03129596080311,11.245631710548885,22.036890210023667,0.7328906359276703,76.95871237575533,744.388848687926,0.0820938934988059,40.18835261257845,931.4040558215994,0
41.30858921939102,27.391706243684872,147.42183447865003,34.92568766588076,15.067379893416753,19.69267206889126,0.6025062844811442,61.240133091720935,738.0492576313799,0.12859400016728928,41.31528845015356,496.6127370561456,1
29.4136684410973,6.350533509773351,166.74953625811625,20.397576879274855,13.469118768456232,11.722259805191088,0.4594092173746734,75.84619714832587,1073.6177005046413,0.07709316105469644,40.407719052718,551.1312713658224,0
29.661817845134173,10.875863767176616,131.33154924398667,23.1241682428592,0.0,16.92937890236733,0.3870053564386155,59.863124052888196,776.2591411256403,0.13523472771122746,25.959511532759812,595.5846617921688,0
23.575677334557916,10.594553542257003,122.05226805873053,27.170996907243577,13.180642090649568,20.911886939683505,0.9825343247571681,77.42307065594737,543.8390411231774,0.18401602605169215,34.87219311596581,1400.923939823066,1
31.310363223029054,7.886278377963942,143.80424872402784,46.14223820963125,17.726384022885085,18.03361722448035,0.7270500984549899,81.5340293378041,497.71447762656084,0.1726650516543953,42.18076416655964,1312.84758130928,1
33.497985638554525,2.9991561769378494,151.20472345870024,46.536297947759934,26.216347519807712,12.477972723055206,1.0333008490656819,85.75419687582882,690.5205098417434,0.22945597101052068,55.5465033792627,838.512018715167,2
21.373156401933024,8.721510814669989,125.18488111804959,43.99895501985941,5.980879198675664,24.79488793224045,0.7248169637873265,74.07611900199093,430.726853848086,0.16473666929791453,34.98244504419755,1448.8396104231801,0
28.624511425541275,0.925429661774144,122.24492876599481,40.28132843918741,7.0909215912399715,21.883646918681436,0.8980933895507426,82.48089644385914,556.9288157028794,0.05,43.409236574788494,914.4079676759816,1
23.28891247337175,11.679045368195153,153.64595564675972,39.95391568587728,10.120199107146508,23.929077717436936,0.7924110229284034,65.96154459663529,651.161729733783,0.24753335090866738,37.52490179710361,242.1451468536766,0
55.296304765763225,0.7285750084303267,134.84438865370078,38.33072539465796,14.620943291852004,27.050448120198357,0.8297782803490011,84.66631457467733,615.6229292171249,0.1079653318375289,48.9888036119624,782.0256125631079,1
29.012961530972195,10.930467507460083,120.94976565986161,39.89116466505961,12.873159908605697,18.29476087701732,0.8404680983344138,81.74577936079918,845.3815204739849,0.15810516349714007,55.40243047728251,1352.3286186184064,0
46.99755366866215,4.779028980605762,169.30682584628124,40.70435100397043,17.438771891703816,18.31112059718522,0.7219445134970747,66.99742402713443,552.4344765188893,0.15509141066258944,43.74066634845418,1027.7203174994515,1
27.848154361115427,3.4130670200522397,137.36410654145814,18.146934011271426,1.8733211200637214,34.824525622520554,0.5494832671665171,80.30362643576692,206.00375107260993,0.1620449358078786,22.338063569440298,1433.7331875291127,0
32.852164056883986,14.05069008310248,172.99623207730716,25.517034248669137,15.571683203668941,10.559847910908802,0.9885489840262147,85.89721210060596,362.845418133694,0.1524029403473227,35.59379833697178,843.2371194787602,2
15.464995211902039,5.761315400754431,150.56941582218855,22.652940506215486,5.320061577969113,1.2636825177563331,1.170580294282252,75.78645924181649,696.4363728997616,0.15328381598852936,38.65844414317714,1376.5861763035264,1
25.08220148945349,8.379976333918522,155.89517724110607,48.285740091848105,10.709994881499792,25.555387020574802,1.1850273901942852,66.77487371109407,582.6393459986487,0.08391814093219777,36.001197287254946,1173.223349205917,1
32.315881378681716,1.5932672068079334,145.77000507806295,54.84920124300335,27.372122645305854,13.706499051257305,0.6982806195650447,76.77755805065905,452.6656536083806,0.27934913759271796,39.17369268659343,1251.8017902921636,0
47.44604214055853,21.479335008103227,96.89675510908606,8.971424955053902,0.0,9.226490427065514,0.6587024332464522,80.52450746884003,1091.690265817872,0.1825718153184191,52.52151779526913,1488.0376243142973,1
32.44181055443898,9.017900465545662,127.26427017892591,53.77777534245993,9.484792784045665,28.8523801709242,0.698057861476228,66.6998054938423,865.750024277271,0.1525940364647516,43.328943945657066,523.1388339414239,1
45.22092397312299,9.000951692080235,147.4858108056255,36.04065648237835,0.5281880492043776,18.55231616240842,0.7813157715283658,64.9235606117198,688.3145679713491,0.2420933454900234,35.264005378374414,979.2799062193739,1
37.048020212232124,11.86374868057529,157.2945827458541,47.15263782990442,13.377611770965954,7.364359423681574,0.8084585878922128,80.21622341855966,746.6594484998404,0.09640376985554057,53.686591460605804,459.0337804018279,1
47.90141473411154,0.34461946760467516,114.20651955223758,41.07760585501876,21.434096238510158,39.349461190095546,0.600455739183393,83.23317951775014,646.9717977986031,0.19341948183220953,34.100087783849446,1295.4569413193985,2
29.35053560964439,22.938457992602174,148.92796584279077,52.284740643199044,13.526896069598427,3.8931373560260063,0.4944581137600109,90.0,449.23695106095073,0.12224170336522439,44.93011718560236,920.2255120300504,0
56.292449817169846,6.161486824716794,127.55471825571937,37.51690920028995,10.949557319979032,19.133216076639002,0.8309873074316274,81.65726622353128,906.1440572781634,0.17011664261617493,52.91592621982113,346.1689761116103,0
24.660641767944647,22.030621348543615,154.6924033017931,18.638546494245,23.95562096146847,1.107232251528103,0.3,62.9091829902395,870.2660162217863,0.17122262998930282,29.82599906673439,689.7438602706952,0
21.56891982382564,5.984639884020081,149.6119842860035,33.73190139472148,14.974521912949301,22.70658233852227,0.7978554997505218,90.0,304.53324338559764,0.05,36.99737024592276,354.440234854751,0
16.689418653420624,4.903031610524764,164.87003204859147,41.18787255328167,19.376094506806297,13.588912997895786,0.6121555261495656,85.54987147979415,745.286500423151,0.07841678549526782,39.14811616815088,741.1319117468752,0
55.64127138713877,11.28477303374169,171.33645860375037,32.4084667815877,18.437316481606214,28.192748153293696,0.9916339958548251,54.94728878331551,767.3664451155125,0.22932196033731528,48.47268167804461,208.6215287062712,2
39.013923298796875,31.055008252167458,159.17979798548058,42.89278066583205,0.0,19.826136136932913,1.050479672963132,64.69709987731446,635.6537542288115,0.13739173464845245,46.22942660348381,1451.3932660394328,2
26.324671932816607,18.191318743958536,167.2078717794115,34.211631336314674,11.309980749411464,33.50607779006829,1.0556740672545455,70.08441579095063,1119.4530677262867,0.2500790089701371,55.883093737636585,935.2643305832528,1
